customer_id,customer_name,age,gender,city,signup_date
C00001,Customer_1,56,Female,Bangalore,2025-09-11
C00002,Customer_2,46,Other,Meerut,2023-01-24
C00003,Customer_3,32,Female,Pune,2023-08-09
C00004,Customer_4,60,Male,Hyderabad,2023-11-11
C00005,Customer_5,25,Female,Pune,2023-10-21
C00006,Customer_6,38,Male,Pune,2025-10-30
C00007,Customer_7,56,Male,Gurgaon,2025-10-16
C00008,Customer_8,36,Female,Ghaziabad,2025-10-14
C00009,Customer_9,40,Female,Ghaziabad,2024-09-29
C00010,Customer_10,28,Female,Meerut,2023-09-24
C00011,Customer_11,28,Male,Hyderabad,2023-03-29
C00012,Customer_12,41,Female,Hyderabad,2024-03-30
C00013,Customer_13,53,Male,Chennai,2025-01-26
C00014,Customer_14,57,Other,Delhi,2024-03-06
C00015,Customer_15,41,Other,Pune,2025-06-29
C00016,Customer_16,20,Female,Delhi,2023-08-30
C00017,Customer_17,39,Female,Noida,2024-12-02
C00018,Customer_18,19,Female,Mumbai,2025-06-20
C00019,Customer_19,41,Female,Pune,2025-01-10
C00020,Customer_20,61,Male,Delhi,2023-03-07
C00021,Customer_21,47,Male,Gurgaon,2025-08-29
C00022,Customer_22,55,Female,Mumbai,2024-01-13
C00023,Customer_23,19,Female,Hyderabad,2024-01-23
C00024,Customer_24,38,Male,Unknown,2025-02-19
C00025,Customer_25,50,Female,Pune,2023-07-28
C00026,Customer_26,29,Male,Hyderabad,2023-01-16
C00027,Customer_27,39,Female,Chennai,2025-09-12
C00028,Customer_28,61,Female,Gurgaon,2024-01-02
C00029,Customer_29,42,Female,Pune,2025-02-18
C00030,Customer_30,44,Female,Unknown,2024-03-15
C00031,Customer_31,59,Male,Pune,2024-11-20
C00032,Customer_32,45,Male,Mumbai,2025-11-25
C00033,Customer_33,33,Female,Pune,2025-04-26
C00034,Customer_34,32,Female,Delhi,2024-02-26
C00035,Customer_35,64,Male,Bangalore,2024-08-30
C00036,Customer_36,61,Female,Mumbai,2023-01-20
C00037,Customer_37,20,Male,Meerut,2024-11-06
C00038,Customer_38,54,Female,Meerut,2024-01-17
C00039,Customer_39,24,Female,Mumbai,2024-08-31
C00040,Customer_40,38,Male,Gurgaon,2023-05-23
C00041,Customer_41,26,Male,Bangalore,2023-03-03
C00042,Customer_42,56,Female,Mumbai,2023-08-26
C00043,Customer_43,35,Female,Delhi,2025-07-15
C00044,Customer_44,21,Female,Noida,2023-12-08
C00045,Customer_45,42,Female,Ghaziabad,2024-03-30
C00046,Customer_46,31,Female,Pune,2023-10-09
C00047,Customer_47,26,Other,Chennai,2025-06-04
C00048,Customer_48,43,Female,Bangalore,2025-10-21
C00049,Customer_49,19,Female,Delhi,2024-12-23
C00050,Customer_50,37,Male,Chennai,2023-03-28
C00051,Customer_51,45,Male,Meerut,2024-10-26
C00052,Customer_52,64,Female,Mumbai,2025-05-11
C00053,Customer_53,24,Male,Bangalore,2023-03-02
C00054,Customer_54,61,Female,Hyderabad,2025-03-07
C00055,Customer_55,25,Female,Pune,2023-04-05
C00056,Customer_56,64,Female,Ghaziabad,2025-02-24
C00057,Customer_57,52,Male,Meerut,2025-08-18
C00058,Customer_58,31,Male,Mumbai,2023-10-24
C00059,Customer_59,34,Male,Pune,2024-11-24
C00060,Customer_60,53,Male,Meerut,2024-02-03
C00061,Customer_61,57,Male,Hyderabad,2025-08-03
C00062,Customer_62,21,Female,Chennai,2024-06-17
C00063,Customer_63,19,Female,Ghaziabad,2024-02-06
C00064,Customer_64,23,Female,Ghaziabad,2023-05-10
C00065,Customer_65,59,Female,Pune,2023-10-19
C00066,Customer_66,21,Male,Unknown,2023-10-03
C00067,Customer_67,46,Female,Pune,2025-06-30
C00068,Customer_68,35,Female,Meerut,2025-07-14
C00069,Customer_69,43,Male,Delhi,2023-02-24
C00070,Customer_70,61,Female,Ghaziabad,2025-01-08
C00071,Customer_71,51,Male,Noida,2025-11-15
C00072,Customer_72,27,Female,Ghaziabad,2025-02-03
C00073,Customer_73,53,Other,Pune,2024-10-03
C00074,Customer_74,31,Male,Meerut,2024-12-24
C00075,Customer_75,48,Female,Delhi,2025-03-12
C00076,Customer_76,32,Female,Mumbai,2025-01-07
C00077,Customer_77,25,Other,Delhi,2025-01-27
C00078,Customer_78,31,Male,Hyderabad,2024-07-20
C00079,Customer_79,40,Female,Gurgaon,2023-12-06
C00080,Customer_80,57,Male,Unknown,2023-06-02
C00081,Customer_81,38,Male,Bangalore,2025-09-30
C00082,Customer_82,33,Male,Chennai,2024-03-02
C00083,Customer_83,62,Other,Bangalore,2025-09-29
C00084,Customer_84,35,Female,Bangalore,2023-07-23
C00085,Customer_85,64,Female,Unknown,2023-11-21
C00086,Customer_86,41,Female,Meerut,2025-08-07
C00087,Customer_87,43,Male,Bangalore,2025-08-08
C00088,Customer_88,42,Male,Pune,2025-07-27
C00089,Customer_89,62,Male,Delhi,2025-08-14
C00090,Customer_90,58,Male,Meerut,2025-06-12
C00091,Customer_91,46,Male,Gurgaon,2024-03-10
C00092,Customer_92,32,Male,Noida,2024-01-06
C00093,Customer_93,62,Male,Pune,2025-07-21
C00094,Customer_94,18,Male,Mumbai,2023-09-06
C00095,Customer_95,42,Male,Chennai,2025-06-09
C00096,Customer_96,24,Male,Mumbai,2023-06-30
C00097,Customer_97,26,Other,Meerut,2024-12-03
C00098,Customer_98,41,Female,Hyderabad,2025-09-25
C00099,Customer_99,18,Other,Meerut,2023-03-19
C00100,Customer_100,61,Male,Noida,2025-07-07
C00101,Customer_101,25,Male,Gurgaon,2025-06-03
C00102,Customer_102,41,Female,Ghaziabad,2023-12-02
C00103,Customer_103,28,Male,Meerut,2023-02-19
C00104,Customer_104,34,Male,Gurgaon,2023-03-26
C00105,Customer_105,25,Male,Mumbai,2024-11-25
C00106,Customer_106,52,Male,Meerut,2023-01-04
C00107,Customer_107,52,Male,Unknown,2025-09-19
C00108,Customer_108,50,Male,Bangalore,2023-11-13
C00109,Customer_109,22,Female,Mumbai,2025-02-01
C00110,Customer_110,59,Male,Chennai,2024-09-03
C00111,Customer_111,56,Male,Chennai,2025-10-01
C00112,Customer_112,58,Female,Pune,2025-07-02
C00113,Customer_113,45,Male,Hyderabad,2025-03-09
C00114,Customer_114,24,Male,Ghaziabad,2023-04-29
C00115,Customer_115,26,Female,Meerut,2023-12-16
C00116,Customer_116,25,Male,Meerut,2025-07-05
C00117,Customer_117,29,Male,Pune,2024-11-17
C00118,Customer_118,51,Female,Hyderabad,2024-06-25
C00119,Customer_119,50,Male,Mumbai,2025-12-14
C00120,Customer_120,40,Female,Meerut,2023-12-27
C00121,Customer_121,41,Female,Gurgaon,2024-12-08
C00122,Customer_122,54,Male,Delhi,2024-11-15
C00123,Customer_123,52,Female,Hyderabad,2023-11-26
C00124,Customer_124,61,Female,Meerut,2023-08-07
C00125,Customer_125,57,Male,Hyderabad,2023-07-27
C00126,Customer_126,39,Female,Chennai,2025-04-24
C00127,Customer_127,44,Male,Ghaziabad,2023-03-26
C00128,Customer_128,52,Female,Meerut,2024-11-15
C00129,Customer_129,18,Male,Ghaziabad,2023-09-02
C00130,Customer_130,52,Male,Noida,2025-05-21
C00131,Customer_131,54,Male,Delhi,2025-10-19
C00132,Customer_132,64,Female,Pune,2024-08-18
C00133,Customer_133,31,Male,Ghaziabad,2024-11-15
C00134,Customer_134,20,Male,Meerut,2025-10-10
C00135,Customer_135,18,Male,Bangalore,2025-10-10
C00136,Customer_136,22,Female,Pune,2023-12-16
C00137,Customer_137,43,Female,Pune,2023-10-09
C00138,Customer_138,31,Female,Mumbai,2023-10-20
C00139,Customer_139,56,Female,Ghaziabad,2025-09-10
C00140,Customer_140,44,Female,Bangalore,2023-01-20
C00141,Customer_141,26,Male,Ghaziabad,2025-01-28
C00142,Customer_142,32,Female,Mumbai,2024-02-09
C00143,Customer_143,32,Female,Delhi,2024-12-01
C00144,Customer_144,43,Other,Meerut,2025-09-06
C00145,Customer_145,59,Female,Chennai,2023-01-26
C00146,Customer_146,30,Male,Chennai,2024-07-19
C00147,Customer_147,49,Male,Ghaziabad,2024-01-30
C00148,Customer_148,56,Female,Mumbai,2025-09-27
C00149,Customer_149,49,Female,Hyderabad,2024-06-06
C00150,Customer_150,21,Female,Meerut,2025-05-11
C00151,Customer_151,47,Female,Ghaziabad,2025-03-12
C00152,Customer_152,54,Female,Hyderabad,2024-07-03
C00153,Customer_153,40,Male,Meerut,2023-03-28
C00154,Customer_154,56,Female,Hyderabad,2025-04-12
C00155,Customer_155,62,Male,Pune,2024-01-22
C00156,Customer_156,32,Male,Ghaziabad,2025-08-20
C00157,Customer_157,60,Male,Mumbai,2024-10-29
C00158,Customer_158,46,Female,Unknown,2023-10-13
C00159,Customer_159,53,Male,Chennai,2024-11-28
C00160,Customer_160,30,Male,Ghaziabad,2025-08-22
C00161,Customer_161,49,Female,Meerut,2024-01-04
C00162,Customer_162,24,Male,Meerut,2024-10-16
C00163,Customer_163,39,Female,Hyderabad,2024-10-15
C00164,Customer_164,45,Female,Hyderabad,2024-11-27
C00165,Customer_165,19,Female,Bangalore,2025-10-20
C00166,Customer_166,59,Female,Ghaziabad,2025-07-03
C00167,Customer_167,62,Male,Noida,2023-10-15
C00168,Customer_168,23,Female,Gurgaon,2023-04-05
C00169,Customer_169,45,Male,Unknown,2024-10-30
C00170,Customer_170,45,Female,Meerut,2023-02-10
C00171,Customer_171,61,Male,Bangalore,2023-11-27
C00172,Customer_172,61,Female,Meerut,2024-05-18
C00173,Customer_173,37,Male,Noida,2023-10-02
C00174,Customer_174,47,Male,Meerut,2023-06-28
C00175,Customer_175,28,Male,Hyderabad,2023-05-17
C00176,Customer_176,45,Male,Ghaziabad,2025-02-05
C00177,Customer_177,42,Female,Chennai,2025-09-14
C00178,Customer_178,56,Male,Noida,2023-08-31
C00179,Customer_179,50,Female,Gurgaon,2023-07-16
C00180,Customer_180,18,Other,Gurgaon,2024-06-09
C00181,Customer_181,44,Female,Hyderabad,2024-09-23
C00182,Customer_182,30,Male,Ghaziabad,2024-02-12
C00183,Customer_183,58,Male,Delhi,2024-11-21
C00184,Customer_184,20,Female,Delhi,2023-06-19
C00185,Customer_185,56,Male,Mumbai,2023-06-08
C00186,Customer_186,23,Male,Mumbai,2024-03-22
C00187,Customer_187,25,Female,Noida,2025-10-14
C00188,Customer_188,44,Female,Hyderabad,2025-12-16
C00189,Customer_189,26,Female,Hyderabad,2023-04-22
C00190,Customer_190,54,Male,Meerut,2023-02-17
C00191,Customer_191,50,Female,Gurgaon,2024-01-11
C00192,Customer_192,59,Male,Gurgaon,2025-04-07
C00193,Customer_193,61,Male,Gurgaon,2023-02-02
C00194,Customer_194,41,Female,Bangalore,2024-05-18
C00195,Customer_195,32,Male,Ghaziabad,2024-09-18
C00196,Customer_196,49,Male,Pune,2025-10-23
C00197,Customer_197,49,Male,Meerut,2023-02-11
C00198,Customer_198,41,Female,Delhi,2023-01-09
C00199,Customer_199,58,Female,Hyderabad,2025-09-26
C00200,Customer_200,29,Female,Delhi,2025-03-29
C00201,Customer_201,56,Female,Bangalore,2024-10-18
C00202,Customer_202,19,Male,Delhi,2025-02-28
C00203,Customer_203,20,Male,Gurgaon,2025-11-16
C00204,Customer_204,54,Male,Chennai,2025-12-02
C00205,Customer_205,34,Male,Meerut,2024-08-20
C00206,Customer_206,19,Female,Chennai,2025-07-24
C00207,Customer_207,19,Female,Mumbai,2025-10-08
C00208,Customer_208,45,Male,Chennai,2023-01-21
C00209,Customer_209,40,Male,Pune,2025-09-25
C00210,Customer_210,54,Male,Hyderabad,2024-04-01
C00211,Customer_211,49,Male,Bangalore,2025-10-10
C00212,Customer_212,50,Female,Hyderabad,2023-09-22
C00213,Customer_213,18,Male,Pune,2023-07-03
C00214,Customer_214,36,Male,Hyderabad,2023-08-15
C00215,Customer_215,19,Female,Chennai,2025-12-28
C00216,Customer_216,61,Male,Ghaziabad,2025-08-26
C00217,Customer_217,43,Female,Hyderabad,2025-03-15
C00218,Customer_218,49,Male,Mumbai,2024-12-23
C00219,Customer_219,23,Female,Meerut,2025-12-31
C00220,Customer_220,49,Other,Meerut,2025-09-28
C00221,Customer_221,21,Female,Delhi,2025-05-24
C00222,Customer_222,28,Male,Noida,2023-03-25
C00223,Customer_223,34,Female,Chennai,2025-01-09
C00224,Customer_224,55,Male,Gurgaon,2023-08-11
C00225,Customer_225,41,Male,Pune,2025-03-03
C00226,Customer_226,22,Male,Bangalore,2025-01-02
C00227,Customer_227,51,Male,Chennai,2024-02-09
C00228,Customer_228,23,Female,Unknown,2023-11-25
C00229,Customer_229,39,Female,Unknown,2024-03-01
C00230,Customer_230,28,Female,Hyderabad,2025-02-08
C00231,Customer_231,33,Female,Gurgaon,2024-08-30
C00232,Customer_232,50,Female,Gurgaon,2024-06-09
C00233,Customer_233,26,Male,Noida,2024-09-16
C00234,Customer_234,23,Male,Ghaziabad,2023-03-18
C00235,Customer_235,33,Female,Noida,2025-07-08
C00236,Customer_236,46,Male,Hyderabad,2025-08-03
C00237,Customer_237,20,Female,Chennai,2024-04-10
C00238,Customer_238,37,Male,Mumbai,2024-05-06
C00239,Customer_239,53,Male,Pune,2023-11-09
C00240,Customer_240,36,Male,Gurgaon,2023-11-04
C00241,Customer_241,43,Male,Bangalore,2024-11-21
C00242,Customer_242,20,Male,Chennai,2023-03-30
C00243,Customer_243,36,Female,Bangalore,2025-01-04
C00244,Customer_244,37,Male,Delhi,2025-02-16
C00245,Customer_245,49,Female,Bangalore,2025-01-20
C00246,Customer_246,24,Male,Gurgaon,2024-01-06
C00247,Customer_247,58,Male,Gurgaon,2024-03-26
C00248,Customer_248,50,Male,Gurgaon,2023-06-16
C00249,Customer_249,57,Female,Chennai,2024-01-27
C00250,Customer_250,56,Male,Chennai,2025-01-05
C00251,Customer_251,35,Female,Pune,2024-05-05
C00252,Customer_252,57,Male,Meerut,2025-07-13
C00253,Customer_253,18,Female,Ghaziabad,2025-12-02
C00254,Customer_254,28,Male,Hyderabad,2025-08-02
C00255,Customer_255,45,Female,Hyderabad,2023-01-29
C00256,Customer_256,42,Female,Delhi,2025-11-20
C00257,Customer_257,40,Female,Noida,2024-11-23
C00258,Customer_258,48,Male,Pune,2023-05-08
C00259,Customer_259,47,Male,Meerut,2025-02-05
C00260,Customer_260,59,Male,Mumbai,2024-03-16
C00261,Customer_261,52,Female,Delhi,2025-05-18
C00262,Customer_262,24,Female,Chennai,2024-06-07
C00263,Customer_263,33,Female,Meerut,2025-01-29
C00264,Customer_264,43,Male,Gurgaon,2023-04-20
C00265,Customer_265,19,Male,Chennai,2023-06-12
C00266,Customer_266,18,Male,Noida,2024-07-13
C00267,Customer_267,29,Other,Noida,2024-02-03
C00268,Customer_268,22,Female,Hyderabad,2024-08-05
C00269,Customer_269,54,Female,Ghaziabad,2024-02-03
C00270,Customer_270,49,Male,Ghaziabad,2023-08-27
C00271,Customer_271,26,Female,Mumbai,2025-11-21
C00272,Customer_272,58,Female,Chennai,2023-04-20
C00273,Customer_273,52,Male,Chennai,2023-10-27
C00274,Customer_274,36,Female,Noida,2025-09-28
C00275,Customer_275,33,Female,Gurgaon,2025-02-02
C00276,Customer_276,20,Female,Gurgaon,2023-09-06
C00277,Customer_277,37,Female,Bangalore,2024-06-04
C00278,Customer_278,41,Male,Gurgaon,2023-02-03
C00279,Customer_279,50,Male,Meerut,2023-08-16
C00280,Customer_280,41,Other,Ghaziabad,2024-08-07
C00281,Customer_281,28,Male,Gurgaon,2025-08-15
C00282,Customer_282,25,Female,Pune,2025-03-23
C00283,Customer_283,53,Female,Chennai,2024-12-24
C00284,Customer_284,55,Female,Gurgaon,2024-08-06
C00285,Customer_285,57,Other,Bangalore,2024-07-23
C00286,Customer_286,37,Male,Mumbai,2023-08-08
C00287,Customer_287,52,Male,Mumbai,2025-02-25
C00288,Customer_288,42,Male,Noida,2024-06-11
C00289,Customer_289,52,Male,Gurgaon,2023-03-16
C00290,Customer_290,42,Male,Chennai,2023-05-16
C00291,Customer_291,46,Male,Chennai,2023-03-15
C00292,Customer_292,35,Female,Ghaziabad,2023-09-11
C00293,Customer_293,63,Female,Mumbai,2025-11-07
C00294,Customer_294,35,Male,Noida,2025-10-18
C00295,Customer_295,19,Male,Gurgaon,2025-12-02
C00296,Customer_296,52,Female,Mumbai,2023-02-19
C00297,Customer_297,33,Male,Unknown,2024-05-29
C00298,Customer_298,58,Male,Chennai,2025-01-13
C00299,Customer_299,53,Male,Gurgaon,2024-12-31
C00300,Customer_300,50,Female,Delhi,2024-07-24
C00301,Customer_301,21,Male,Gurgaon,2024-07-29
C00302,Customer_302,50,Other,Meerut,2025-06-21
C00303,Customer_303,31,Male,Mumbai,2023-07-21
C00304,Customer_304,38,Female,Ghaziabad,2023-07-26
C00305,Customer_305,37,Male,Delhi,2024-02-19
C00306,Customer_306,25,Male,Bangalore,2023-08-09
C00307,Customer_307,24,Female,Noida,2025-01-27
C00308,Customer_308,20,Female,Gurgaon,2025-02-01
C00309,Customer_309,34,Female,Ghaziabad,2024-07-16
C00310,Customer_310,50,Female,Bangalore,2024-01-04
C00311,Customer_311,29,Female,Bangalore,2025-06-14
C00312,Customer_312,39,Female,Mumbai,2023-07-23
C00313,Customer_313,39,Female,Meerut,2025-11-14
C00314,Customer_314,63,Male,Mumbai,2025-08-14
C00315,Customer_315,47,Male,Noida,2023-03-10
C00316,Customer_316,55,Male,Delhi,2024-05-30
C00317,Customer_317,55,Female,Chennai,2023-08-28
C00318,Customer_318,62,Male,Pune,2023-12-27
C00319,Customer_319,25,Male,Delhi,2025-11-20
C00320,Customer_320,44,Female,Noida,2024-12-07
C00321,Customer_321,44,Female,Chennai,2024-11-20
C00322,Customer_322,51,Female,Bangalore,2024-10-18
C00323,Customer_323,38,Male,Delhi,2023-12-10
C00324,Customer_324,47,Female,Chennai,2024-06-19
C00325,Customer_325,50,Male,Gurgaon,2023-12-21
C00326,Customer_326,45,Male,Mumbai,2025-07-16
C00327,Customer_327,64,Male,Pune,2025-09-09
C00328,Customer_328,50,Male,Ghaziabad,2023-04-15
C00329,Customer_329,22,Male,Gurgaon,2025-08-19
C00330,Customer_330,36,Female,Delhi,2024-06-10
C00331,Customer_331,21,Male,Hyderabad,2024-05-18
C00332,Customer_332,52,Female,Chennai,2025-07-19
C00333,Customer_333,34,Female,Bangalore,2024-12-09
C00334,Customer_334,61,Male,Unknown,2023-08-23
C00335,Customer_335,45,Female,Hyderabad,2025-10-26
C00336,Customer_336,47,Male,Delhi,2024-05-08
C00337,Customer_337,46,Female,Bangalore,2025-05-27
C00338,Customer_338,63,Male,Meerut,2025-08-24
C00339,Customer_339,23,Male,Bangalore,2025-08-23
C00340,Customer_340,52,Male,Pune,2025-08-21
C00341,Customer_341,58,Female,Meerut,2025-06-15
C00342,Customer_342,54,Female,Noida,2023-08-05
C00343,Customer_343,41,Male,Noida,2024-09-14
C00344,Customer_344,46,Female,Chennai,2023-12-19
C00345,Customer_345,63,Female,Meerut,2024-11-22
C00346,Customer_346,48,Female,Gurgaon,2024-11-05
C00347,Customer_347,52,Female,Chennai,2024-09-22
C00348,Customer_348,50,Female,Gurgaon,2023-11-21
C00349,Customer_349,38,Female,Pune,2025-06-19
C00350,Customer_350,49,Female,Mumbai,2023-11-04
C00351,Customer_351,40,Male,Delhi,2024-10-15
C00352,Customer_352,50,Male,Meerut,2023-10-12
C00353,Customer_353,20,Male,Hyderabad,2024-01-27
C00354,Customer_354,35,Female,Ghaziabad,2023-12-26
C00355,Customer_355,42,Female,Delhi,2025-02-07
C00356,Customer_356,59,Male,Pune,2025-03-07
C00357,Customer_357,48,Female,Meerut,2025-07-20
C00358,Customer_358,20,Male,Noida,2023-06-14
C00359,Customer_359,57,Male,Delhi,2025-01-02
C00360,Customer_360,63,Other,Gurgaon,2024-08-03
C00361,Customer_361,41,Male,Hyderabad,2025-03-31
C00362,Customer_362,49,Male,Delhi,2023-05-04
C00363,Customer_363,64,Female,Ghaziabad,2023-12-10
C00364,Customer_364,39,Female,Pune,2024-06-07
C00365,Customer_365,40,Male,Pune,2025-12-11
C00366,Customer_366,19,Female,Chennai,2023-05-09
C00367,Customer_367,44,Female,Pune,2024-10-18
C00368,Customer_368,59,Male,Chennai,2025-01-07
C00369,Customer_369,19,Male,Pune,2025-07-27
C00370,Customer_370,43,Female,Ghaziabad,2023-03-12
C00371,Customer_371,34,Male,Pune,2023-09-30
C00372,Customer_372,57,Female,Hyderabad,2025-10-23
C00373,Customer_373,50,Female,Mumbai,2023-01-22
C00374,Customer_374,26,Other,Unknown,2023-06-15
C00375,Customer_375,60,Male,Hyderabad,2025-05-24
C00376,Customer_376,56,Other,Pune,2024-05-12
C00377,Customer_377,46,Male,Meerut,2024-03-09
C00378,Customer_378,59,Male,Gurgaon,2025-01-27
C00379,Customer_379,43,Male,Mumbai,2023-08-22
C00380,Customer_380,52,Male,Noida,2025-04-16
C00381,Customer_381,42,Female,Gurgaon,2024-10-24
C00382,Customer_382,41,Male,Hyderabad,2024-12-25
C00383,Customer_383,30,Male,Ghaziabad,2024-01-11
C00384,Customer_384,24,Female,Ghaziabad,2024-12-30
C00385,Customer_385,53,Male,Gurgaon,2023-10-30
C00386,Customer_386,62,Female,Meerut,2024-02-09
C00387,Customer_387,37,Male,Gurgaon,2024-12-08
C00388,Customer_388,18,Female,Hyderabad,2025-07-05
C00389,Customer_389,25,Female,Gurgaon,2023-01-21
C00390,Customer_390,63,Male,Noida,2023-09-14
C00391,Customer_391,33,Male,Meerut,2024-02-03
C00392,Customer_392,31,Male,Bangalore,2023-02-20
C00393,Customer_393,29,Female,Delhi,2024-03-22
C00394,Customer_394,40,Male,Unknown,2025-04-06
C00395,Customer_395,32,Male,Chennai,2024-08-17
C00396,Customer_396,45,Male,Gurgaon,2025-03-28
C00397,Customer_397,51,Male,Ghaziabad,2024-09-27
C00398,Customer_398,19,Female,Bangalore,2025-12-08
C00399,Customer_399,49,Female,Pune,2025-02-13
C00400,Customer_400,40,Male,Hyderabad,2025-08-30
C00401,Customer_401,39,Male,Bangalore,2024-02-01
C00402,Customer_402,42,Female,Mumbai,2024-11-13
C00403,Customer_403,39,Female,Meerut,2025-11-16
C00404,Customer_404,39,Male,Hyderabad,2024-12-11
C00405,Customer_405,59,Male,Ghaziabad,2024-06-12
C00406,Customer_406,23,Male,Chennai,2024-11-15
C00407,Customer_407,32,Female,Bangalore,2024-09-04
C00408,Customer_408,60,Male,Meerut,2023-07-05
C00409,Customer_409,54,Female,Delhi,2024-11-26
C00410,Customer_410,50,Female,Meerut,2023-08-03
C00411,Customer_411,25,Female,Meerut,2023-08-04
C00412,Customer_412,61,Male,Hyderabad,2023-01-29
C00413,Customer_413,61,Male,Delhi,2023-04-12
C00414,Customer_414,22,Male,Meerut,2023-05-03
C00415,Customer_415,56,Male,Mumbai,2023-02-23
C00416,Customer_416,21,Female,Bangalore,2024-09-07
C00417,Customer_417,23,Other,Bangalore,2024-07-10
C00418,Customer_418,62,Female,Mumbai,2023-04-24
C00419,Customer_419,49,Female,Bangalore,2025-05-04
C00420,Customer_420,47,Male,Meerut,2024-11-06
C00421,Customer_421,64,Male,Chennai,2025-09-03
C00422,Customer_422,52,Male,Meerut,2024-12-01
C00423,Customer_423,57,Female,Hyderabad,2023-10-19
C00424,Customer_424,33,Female,Pune,2023-09-18
C00425,Customer_425,30,Female,Chennai,2024-07-17
C00426,Customer_426,59,Male,Ghaziabad,2023-02-18
C00427,Customer_427,47,Male,Ghaziabad,2025-10-26
C00428,Customer_428,36,Female,Chennai,2024-01-14
C00429,Customer_429,34,Male,Meerut,2023-08-12
C00430,Customer_430,36,Female,Gurgaon,2025-11-12
C00431,Customer_431,45,Female,Pune,2025-10-04
C00432,Customer_432,43,Female,Mumbai,2024-10-18
C00433,Customer_433,54,Male,Meerut,2023-04-20
C00434,Customer_434,43,Male,Chennai,2024-12-24
C00435,Customer_435,40,Male,Gurgaon,2024-07-06
C00436,Customer_436,26,Male,Meerut,2025-10-02
C00437,Customer_437,29,Male,Gurgaon,2024-11-28
C00438,Customer_438,18,Female,Chennai,2024-12-26
C00439,Customer_439,18,Female,Meerut,2023-11-02
C00440,Customer_440,64,Male,Delhi,2025-08-16
C00441,Customer_441,51,Male,Bangalore,2025-08-11
C00442,Customer_442,49,Male,Chennai,2024-09-12
C00443,Customer_443,42,Male,Ghaziabad,2024-09-21
C00444,Customer_444,57,Female,Ghaziabad,2025-05-26
C00445,Customer_445,62,Male,Pune,2024-07-09
C00446,Customer_446,18,Male,Noida,2023-03-08
C00447,Customer_447,33,Male,Ghaziabad,2025-04-14
C00448,Customer_448,56,Female,Noida,2023-07-25
C00449,Customer_449,22,Female,Delhi,2025-02-24
C00450,Customer_450,39,Male,Chennai,2023-06-04
C00451,Customer_451,46,Female,Gurgaon,2025-12-08
C00452,Customer_452,20,Female,Pune,2025-02-21
C00453,Customer_453,29,Female,Bangalore,2024-08-07
C00454,Customer_454,43,Male,Mumbai,2024-12-08
C00455,Customer_455,33,Female,Noida,2023-06-28
C00456,Customer_456,54,Female,Bangalore,2025-12-07
C00457,Customer_457,39,Female,Pune,2025-12-31
C00458,Customer_458,46,Female,Pune,2023-04-23
C00459,Customer_459,31,Female,Ghaziabad,2025-01-26
C00460,Customer_460,45,Male,Bangalore,2025-06-15
C00461,Customer_461,22,Female,Meerut,2025-03-31
C00462,Customer_462,64,Female,Hyderabad,2023-06-08
C00463,Customer_463,47,Female,Pune,2025-02-24
C00464,Customer_464,63,Male,Noida,2025-11-19
C00465,Customer_465,22,Female,Mumbai,2023-09-08
C00466,Customer_466,29,Female,Mumbai,2023-04-23
C00467,Customer_467,33,Male,Delhi,2023-09-16
C00468,Customer_468,43,Female,Delhi,2023-04-17
C00469,Customer_469,43,Female,Unknown,2024-07-28
C00470,Customer_470,38,Female,Meerut,2025-09-17
C00471,Customer_471,56,Male,Ghaziabad,2024-03-02
C00472,Customer_472,53,Male,Mumbai,2025-05-08
C00473,Customer_473,50,Female,Gurgaon,2025-07-06
C00474,Customer_474,47,Male,Mumbai,2024-09-18
C00475,Customer_475,54,Female,Pune,2024-04-19
C00476,Customer_476,40,Female,Bangalore,2024-07-05
C00477,Customer_477,27,Female,Bangalore,2023-12-10
C00478,Customer_478,22,Male,Pune,2024-09-19
C00479,Customer_479,53,Female,Pune,2023-05-16
C00480,Customer_480,51,Male,Mumbai,2023-10-04
C00481,Customer_481,48,Male,Bangalore,2023-01-31
C00482,Customer_482,27,Male,Bangalore,2023-09-04
C00483,Customer_483,36,Male,Chennai,2024-02-15
C00484,Customer_484,49,Other,Bangalore,2023-01-27
C00485,Customer_485,18,Other,Pune,2023-03-14
C00486,Customer_486,22,Male,Delhi,2024-11-03
C00487,Customer_487,62,Female,Unknown,2024-04-20
C00488,Customer_488,21,Male,Gurgaon,2023-10-14
C00489,Customer_489,33,Female,Pune,2023-07-31
C00490,Customer_490,41,Female,Bangalore,2024-02-05
C00491,Customer_491,33,Female,Noida,2024-10-16
C00492,Customer_492,19,Male,Mumbai,2025-11-23
C00493,Customer_493,45,Female,Mumbai,2024-05-12
C00494,Customer_494,49,Male,Meerut,2025-04-27
C00495,Customer_495,44,Other,Pune,2023-04-08
C00496,Customer_496,37,Male,Meerut,2024-01-01
C00497,Customer_497,41,Female,Delhi,2024-04-07
C00498,Customer_498,29,Female,Unknown,2023-01-28
C00499,Customer_499,52,Female,Ghaziabad,2024-12-13
C00500,Customer_500,50,Male,Noida,2023-09-30
C00501,Customer_501,50,Female,Ghaziabad,2025-04-05
C00502,Customer_502,60,Male,Unknown,2023-07-21
C00503,Customer_503,54,Female,Noida,2024-03-25
C00504,Customer_504,29,Male,Ghaziabad,2023-01-19
C00505,Customer_505,20,Male,Noida,2023-11-07
C00506,Customer_506,18,Female,Meerut,2024-02-16
C00507,Customer_507,50,Male,Gurgaon,2025-01-11
C00508,Customer_508,57,Male,Chennai,2024-09-15
C00509,Customer_509,27,Male,Noida,2025-01-01
C00510,Customer_510,60,Male,Hyderabad,2024-09-26
C00511,Customer_511,61,Female,Meerut,2024-05-12
C00512,Customer_512,46,Female,Chennai,2023-09-01
C00513,Customer_513,30,Male,Meerut,2024-11-20
C00514,Customer_514,29,Male,Delhi,2024-07-30
C00515,Customer_515,48,Male,Bangalore,2024-05-29
C00516,Customer_516,63,Male,Mumbai,2023-07-26
C00517,Customer_517,19,Female,Delhi,2025-08-05
C00518,Customer_518,52,Female,Hyderabad,2024-01-29
C00519,Customer_519,40,Male,Pune,2025-11-10
C00520,Customer_520,34,Male,Pune,2024-12-18
C00521,Customer_521,43,Male,Mumbai,2023-07-21
C00522,Customer_522,25,Female,Meerut,2023-04-30
C00523,Customer_523,46,Other,Gurgaon,2024-01-24
C00524,Customer_524,43,Male,Hyderabad,2023-08-22
C00525,Customer_525,27,Male,Mumbai,2024-08-24
C00526,Customer_526,43,Female,Chennai,2024-12-12
C00527,Customer_527,51,Female,Chennai,2025-09-08
C00528,Customer_528,58,Male,Pune,2025-05-06
C00529,Customer_529,24,Male,Bangalore,2023-03-17
C00530,Customer_530,21,Male,Meerut,2024-10-10
C00531,Customer_531,62,Female,Pune,2024-10-11
C00532,Customer_532,28,Male,Gurgaon,2024-05-10
C00533,Customer_533,46,Male,Mumbai,2025-04-09
C00534,Customer_534,53,Female,Noida,2024-04-27
C00535,Customer_535,42,Male,Gurgaon,2025-12-19
C00536,Customer_536,38,Female,Noida,2025-09-17
C00537,Customer_537,53,Male,Meerut,2024-09-10
C00538,Customer_538,27,Male,Mumbai,2024-07-03
C00539,Customer_539,54,Female,Chennai,2024-10-07
C00540,Customer_540,26,Male,Chennai,2024-05-16
C00541,Customer_541,41,Other,Delhi,2025-04-25
C00542,Customer_542,52,Female,Chennai,2023-02-22
C00543,Customer_543,52,Male,Hyderabad,2024-03-25
C00544,Customer_544,53,Female,Delhi,2023-03-03
C00545,Customer_545,35,Male,Delhi,2025-11-12
C00546,Customer_546,56,Female,Chennai,2023-02-13
C00547,Customer_547,49,Male,Pune,2025-03-30
C00548,Customer_548,41,Female,Bangalore,2024-10-20
C00549,Customer_549,40,Male,Bangalore,2024-12-28
C00550,Customer_550,49,Male,Hyderabad,2025-05-01
C00551,Customer_551,54,Female,Ghaziabad,2023-02-16
C00552,Customer_552,29,Female,Pune,2025-03-30
C00553,Customer_553,30,Male,Ghaziabad,2025-11-13
C00554,Customer_554,40,Male,Noida,2023-03-30
C00555,Customer_555,42,Female,Pune,2025-01-04
C00556,Customer_556,52,Female,Mumbai,2023-06-27
C00557,Customer_557,58,Male,Ghaziabad,2025-10-15
C00558,Customer_558,47,Male,Hyderabad,2025-12-18
C00559,Customer_559,34,Male,Hyderabad,2025-06-19
C00560,Customer_560,37,Female,Pune,2024-03-13
C00561,Customer_561,42,Male,Delhi,2024-03-01
C00562,Customer_562,39,Male,Mumbai,2025-08-25
C00563,Customer_563,30,Female,Meerut,2024-04-30
C00564,Customer_564,36,Male,Mumbai,2024-04-04
C00565,Customer_565,53,Female,Hyderabad,2025-07-09
C00566,Customer_566,29,Male,Noida,2025-11-04
C00567,Customer_567,58,Male,Ghaziabad,2025-01-17
C00568,Customer_568,36,Male,Ghaziabad,2023-02-20
C00569,Customer_569,29,Female,Noida,2023-11-05
C00570,Customer_570,26,Male,Gurgaon,2025-11-23
C00571,Customer_571,24,Female,Pune,2025-10-01
C00572,Customer_572,45,Female,Hyderabad,2024-09-26
C00573,Customer_573,31,Female,Bangalore,2023-07-24
C00574,Customer_574,48,Male,Chennai,2025-01-09
C00575,Customer_575,36,Male,Noida,2025-12-29
C00576,Customer_576,64,Male,Noida,2024-06-16
C00577,Customer_577,33,Male,Mumbai,2023-04-18
C00578,Customer_578,22,Male,Pune,2025-05-25
C00579,Customer_579,52,Female,Pune,2023-09-08
C00580,Customer_580,29,Male,Bangalore,2023-05-15
C00581,Customer_581,42,Male,Chennai,2024-11-19
C00582,Customer_582,38,Male,Pune,2024-02-11
C00583,Customer_583,53,Female,Delhi,2023-04-12
C00584,Customer_584,40,Male,Hyderabad,2024-11-23
C00585,Customer_585,33,Female,Delhi,2024-02-08
C00586,Customer_586,56,Male,Gurgaon,2025-03-24
C00587,Customer_587,62,Female,Hyderabad,2025-10-22
C00588,Customer_588,59,Female,Meerut,2025-05-04
C00589,Customer_589,56,Male,Hyderabad,2025-10-23
C00590,Customer_590,31,Male,Unknown,2025-07-30
C00591,Customer_591,48,Male,Bangalore,2025-10-17
C00592,Customer_592,22,Male,Delhi,2023-06-26
C00593,Customer_593,52,Female,Chennai,2025-05-22
C00594,Customer_594,40,Female,Mumbai,2024-04-21
C00595,Customer_595,46,Female,Bangalore,2024-02-02
C00596,Customer_596,60,Female,Hyderabad,2023-08-08
C00597,Customer_597,28,Male,Mumbai,2023-06-22
C00598,Customer_598,35,Male,Ghaziabad,2025-01-05
C00599,Customer_599,64,Female,Mumbai,2024-05-16
C00600,Customer_600,29,Male,Noida,2025-01-30
C00601,Customer_601,26,Female,Bangalore,2023-05-11
C00602,Customer_602,27,Male,Bangalore,2025-03-08
C00603,Customer_603,61,Male,Noida,2025-03-09
C00604,Customer_604,34,Other,Ghaziabad,2025-07-18
C00605,Customer_605,55,Male,Pune,2024-12-23
C00606,Customer_606,24,Other,Pune,2025-11-09
C00607,Customer_607,63,Other,Pune,2023-08-03
C00608,Customer_608,30,Female,Pune,2024-05-02
C00609,Customer_609,57,Female,Delhi,2023-11-09
C00610,Customer_610,59,Female,Noida,2023-03-20
C00611,Customer_611,26,Female,Ghaziabad,2023-06-29
C00612,Customer_612,44,Male,Hyderabad,2025-09-30
C00613,Customer_613,19,Male,Gurgaon,2024-11-05
C00614,Customer_614,22,Female,Bangalore,2023-01-14
C00615,Customer_615,46,Male,Mumbai,2025-05-08
C00616,Customer_616,54,Male,Pune,2023-09-03
C00617,Customer_617,55,Male,Mumbai,2025-11-03
C00618,Customer_618,36,Female,Gurgaon,2023-04-09
C00619,Customer_619,25,Female,Bangalore,2023-02-02
C00620,Customer_620,62,Male,Meerut,2023-09-14
C00621,Customer_621,18,Female,Chennai,2023-02-03
C00622,Customer_622,39,Female,Ghaziabad,2023-01-19
C00623,Customer_623,34,Female,Delhi,2024-08-11
C00624,Customer_624,24,Female,Mumbai,2023-05-17
C00625,Customer_625,42,Female,Pune,2023-12-25
C00626,Customer_626,62,Male,Noida,2025-01-23
C00627,Customer_627,21,Female,Mumbai,2024-02-08
C00628,Customer_628,53,Male,Bangalore,2023-09-07
C00629,Customer_629,23,Female,Meerut,2024-03-21
C00630,Customer_630,48,Other,Ghaziabad,2025-08-11
C00631,Customer_631,36,Male,Noida,2023-10-05
C00632,Customer_632,61,Male,Chennai,2023-04-22
C00633,Customer_633,56,Female,Bangalore,2025-01-15
C00634,Customer_634,44,Male,Meerut,2024-11-18
C00635,Customer_635,27,Female,Noida,2024-01-27
C00636,Customer_636,43,Male,Chennai,2025-08-26
C00637,Customer_637,36,Male,Mumbai,2023-05-23
C00638,Customer_638,56,Other,Bangalore,2025-11-21
C00639,Customer_639,20,Female,Hyderabad,2023-06-30
C00640,Customer_640,62,Female,Chennai,2024-08-01
C00641,Customer_641,30,Male,Meerut,2025-03-08
C00642,Customer_642,45,Female,Hyderabad,2023-09-26
C00643,Customer_643,37,Female,Unknown,2024-07-06
C00644,Customer_644,45,Female,Delhi,2024-09-24
C00645,Customer_645,25,Female,Meerut,2023-10-02
C00646,Customer_646,58,Female,Hyderabad,2025-01-12
C00647,Customer_647,56,Male,Mumbai,2023-03-27
C00648,Customer_648,18,Male,Bangalore,2025-12-22
C00649,Customer_649,20,Female,Bangalore,2024-02-08
C00650,Customer_650,30,Male,Mumbai,2023-07-11
C00651,Customer_651,45,Female,Delhi,2025-11-20
C00652,Customer_652,42,Male,Ghaziabad,2023-04-17
C00653,Customer_653,50,Female,Delhi,2024-09-13
C00654,Customer_654,55,Female,Bangalore,2023-10-03
C00655,Customer_655,23,Male,Ghaziabad,2024-10-12
C00656,Customer_656,61,Male,Unknown,2024-07-09
C00657,Customer_657,62,Male,Hyderabad,2025-12-23
C00658,Customer_658,49,Female,Ghaziabad,2024-07-20
C00659,Customer_659,62,Female,Bangalore,2024-08-08
C00660,Customer_660,64,Male,Mumbai,2025-06-03
C00661,Customer_661,38,Female,Pune,2023-05-09
C00662,Customer_662,33,Male,Hyderabad,2023-09-13
C00663,Customer_663,38,Male,Hyderabad,2025-07-22
C00664,Customer_664,28,Female,Pune,2023-08-19
C00665,Customer_665,54,Male,Chennai,2025-05-12
C00666,Customer_666,53,Male,Gurgaon,2023-12-21
C00667,Customer_667,52,Male,Noida,2023-05-26
C00668,Customer_668,36,Male,Meerut,2025-11-22
C00669,Customer_669,37,Male,Delhi,2023-09-17
C00670,Customer_670,35,Male,Gurgaon,2023-03-28
C00671,Customer_671,64,Female,Delhi,2025-04-22
C00672,Customer_672,58,Male,Gurgaon,2023-09-22
C00673,Customer_673,31,Female,Ghaziabad,2024-01-27
C00674,Customer_674,32,Male,Mumbai,2023-08-20
C00675,Customer_675,48,Male,Meerut,2025-06-19
C00676,Customer_676,18,Female,Meerut,2024-08-10
C00677,Customer_677,20,Other,Delhi,2024-03-22
C00678,Customer_678,33,Male,Pune,2024-04-10
C00679,Customer_679,40,Female,Ghaziabad,2025-07-22
C00680,Customer_680,28,Female,Chennai,2023-05-08
C00681,Customer_681,29,Female,Meerut,2025-11-15
C00682,Customer_682,27,Female,Noida,2024-07-26
C00683,Customer_683,49,Male,Delhi,2024-05-25
C00684,Customer_684,33,Male,Hyderabad,2024-05-02
C00685,Customer_685,25,Female,Noida,2025-06-09
C00686,Customer_686,55,Male,Bangalore,2024-08-01
C00687,Customer_687,29,Female,Delhi,2025-08-07
C00688,Customer_688,41,Male,Delhi,2024-02-10
C00689,Customer_689,45,Male,Hyderabad,2025-11-15
C00690,Customer_690,25,Female,Ghaziabad,2023-12-30
C00691,Customer_691,45,Male,Hyderabad,2025-12-19
C00692,Customer_692,53,Female,Meerut,2024-07-04
C00693,Customer_693,43,Female,Mumbai,2023-10-19
C00694,Customer_694,25,Female,Delhi,2025-02-27
C00695,Customer_695,45,Female,Bangalore,2025-03-26
C00696,Customer_696,45,Female,Pune,2023-07-10
C00697,Customer_697,54,Female,Delhi,2024-04-05
C00698,Customer_698,58,Female,Hyderabad,2024-10-25
C00699,Customer_699,53,Male,Gurgaon,2023-08-21
C00700,Customer_700,44,Male,Delhi,2024-04-18
C00701,Customer_701,34,Male,Delhi,2024-10-19
C00702,Customer_702,26,Male,Bangalore,2023-09-28
C00703,Customer_703,50,Female,Bangalore,2023-06-20
C00704,Customer_704,37,Female,Delhi,2023-01-28
C00705,Customer_705,30,Female,Gurgaon,2023-05-16
C00706,Customer_706,45,Male,Unknown,2025-07-13
C00707,Customer_707,46,Female,Chennai,2024-02-09
C00708,Customer_708,30,Male,Gurgaon,2025-09-03
C00709,Customer_709,63,Female,Gurgaon,2025-06-06
C00710,Customer_710,52,Female,Gurgaon,2025-05-05
C00711,Customer_711,23,Male,Mumbai,2024-03-19
C00712,Customer_712,35,Male,Unknown,2024-03-09
C00713,Customer_713,22,Male,Ghaziabad,2024-05-23
C00714,Customer_714,64,Female,Gurgaon,2023-02-03
C00715,Customer_715,42,Female,Chennai,2025-10-22
C00716,Customer_716,19,Female,Hyderabad,2023-12-28
C00717,Customer_717,27,Male,Noida,2024-08-28
C00718,Customer_718,47,Male,Ghaziabad,2024-12-16
C00719,Customer_719,62,Female,Pune,2023-09-07
C00720,Customer_720,22,Female,Bangalore,2023-05-27
C00721,Customer_721,50,Male,Mumbai,2023-12-14
C00722,Customer_722,18,Male,Mumbai,2024-02-03
C00723,Customer_723,35,Female,Noida,2023-05-05
C00724,Customer_724,49,Male,Ghaziabad,2025-02-01
C00725,Customer_725,64,Male,Chennai,2024-02-02
C00726,Customer_726,28,Male,Chennai,2023-05-11
C00727,Customer_727,38,Female,Bangalore,2024-08-27
C00728,Customer_728,43,Female,Gurgaon,2025-06-10
C00729,Customer_729,42,Female,Hyderabad,2025-04-01
C00730,Customer_730,39,Female,Ghaziabad,2025-06-20
C00731,Customer_731,44,Female,Chennai,2025-08-02
C00732,Customer_732,30,Male,Noida,2025-01-01
C00733,Customer_733,50,Female,Bangalore,2023-11-30
C00734,Customer_734,51,Male,Delhi,2025-11-09
C00735,Customer_735,58,Female,Bangalore,2023-07-24
C00736,Customer_736,52,Male,Chennai,2025-08-13
C00737,Customer_737,18,Male,Delhi,2023-12-21
C00738,Customer_738,38,Male,Pune,2025-04-03
C00739,Customer_739,23,Male,Meerut,2025-10-22
C00740,Customer_740,45,Male,Bangalore,2025-07-29
C00741,Customer_741,34,Male,Noida,2023-06-17
C00742,Customer_742,22,Other,Noida,2024-01-03
C00743,Customer_743,48,Male,Hyderabad,2024-06-19
C00744,Customer_744,22,Female,Gurgaon,2025-08-20
C00745,Customer_745,55,Female,Bangalore,2024-08-02
C00746,Customer_746,20,Other,Chennai,2025-08-07
C00747,Customer_747,40,Female,Meerut,2023-07-26
C00748,Customer_748,54,Female,Ghaziabad,2025-12-08
C00749,Customer_749,54,Male,Chennai,2024-06-27
C00750,Customer_750,27,Male,Noida,2023-05-09
C00751,Customer_751,27,Male,Pune,2024-09-05
C00752,Customer_752,36,Female,Chennai,2023-02-04
C00753,Customer_753,34,Female,Mumbai,2025-03-29
C00754,Customer_754,38,Male,Noida,2023-07-18
C00755,Customer_755,31,Male,Bangalore,2023-03-18
C00756,Customer_756,26,Female,Pune,2024-01-04
C00757,Customer_757,63,Male,Mumbai,2025-04-12
C00758,Customer_758,18,Female,Delhi,2024-06-09
C00759,Customer_759,62,Female,Meerut,2023-12-15
C00760,Customer_760,30,Female,Noida,2024-05-20
C00761,Customer_761,21,Female,Bangalore,2024-10-04
C00762,Customer_762,18,Female,Mumbai,2023-08-26
C00763,Customer_763,57,Female,Mumbai,2023-05-18
C00764,Customer_764,49,Female,Unknown,2024-09-03
C00765,Customer_765,51,Female,Mumbai,2024-11-10
C00766,Customer_766,45,Male,Meerut,2025-04-18
C00767,Customer_767,48,Male,Pune,2025-07-26
C00768,Customer_768,25,Male,Pune,2023-12-21
C00769,Customer_769,56,Male,Mumbai,2024-07-31
C00770,Customer_770,43,Female,Bangalore,2025-04-26
C00771,Customer_771,51,Female,Noida,2024-07-12
C00772,Customer_772,20,Male,Bangalore,2025-04-28
C00773,Customer_773,29,Male,Hyderabad,2023-05-20
C00774,Customer_774,18,Other,Noida,2024-10-24
C00775,Customer_775,61,Male,Delhi,2023-01-21
C00776,Customer_776,22,Male,Meerut,2023-03-05
C00777,Customer_777,47,Female,Bangalore,2025-12-31
C00778,Customer_778,47,Female,Gurgaon,2025-09-16
C00779,Customer_779,34,Male,Pune,2023-06-11
C00780,Customer_780,64,Male,Mumbai,2023-05-10
C00781,Customer_781,40,Male,Noida,2024-08-03
C00782,Customer_782,32,Female,Mumbai,2023-08-13
C00783,Customer_783,54,Female,Delhi,2024-08-02
C00784,Customer_784,38,Male,Hyderabad,2025-09-09
C00785,Customer_785,31,Female,Mumbai,2025-10-01
C00786,Customer_786,19,Female,Bangalore,2023-04-17
C00787,Customer_787,28,Male,Noida,2024-09-12
C00788,Customer_788,56,Female,Gurgaon,2025-04-19
C00789,Customer_789,55,Female,Delhi,2024-07-30
C00790,Customer_790,51,Male,Chennai,2023-07-18
C00791,Customer_791,55,Male,Meerut,2024-05-24
C00792,Customer_792,51,Female,Hyderabad,2024-10-28
C00793,Customer_793,35,Female,Bangalore,2023-03-20
C00794,Customer_794,47,Female,Meerut,2025-06-12
C00795,Customer_795,32,Female,Unknown,2024-05-26
C00796,Customer_796,44,Female,Meerut,2023-09-07
C00797,Customer_797,51,Male,Pune,2025-06-07
C00798,Customer_798,55,Female,Noida,2025-10-20
C00799,Customer_799,50,Male,Meerut,2024-08-21
C00800,Customer_800,41,Male,Bangalore,2025-01-22
C00801,Customer_801,32,Female,Chennai,2024-08-22
C00802,Customer_802,47,Female,Pune,2025-09-01
C00803,Customer_803,59,Male,Pune,2024-04-27
C00804,Customer_804,34,Female,Meerut,2025-04-15
C00805,Customer_805,22,Male,Hyderabad,2023-06-21
C00806,Customer_806,46,Male,Ghaziabad,2025-05-18
C00807,Customer_807,21,Male,Hyderabad,2023-01-17
C00808,Customer_808,27,Female,Mumbai,2024-01-29
C00809,Customer_809,34,Female,Bangalore,2023-08-22
C00810,Customer_810,27,Male,Ghaziabad,2023-09-05
C00811,Customer_811,34,Female,Noida,2023-02-21
C00812,Customer_812,37,Male,Pune,2023-01-15
C00813,Customer_813,41,Female,Bangalore,2024-03-16
C00814,Customer_814,22,Male,Gurgaon,2024-11-26
C00815,Customer_815,51,Male,Mumbai,2023-01-07
C00816,Customer_816,23,Female,Chennai,2025-04-05
C00817,Customer_817,19,Male,Mumbai,2025-11-02
C00818,Customer_818,30,Male,Bangalore,2024-04-22
C00819,Customer_819,60,Female,Noida,2024-09-22
C00820,Customer_820,60,Other,Pune,2024-12-15
C00821,Customer_821,28,Male,Delhi,2023-04-25
C00822,Customer_822,64,Male,Delhi,2024-05-23
C00823,Customer_823,40,Male,Bangalore,2023-02-26
C00824,Customer_824,33,Female,Meerut,2024-01-17
C00825,Customer_825,48,Male,Hyderabad,2025-08-09
C00826,Customer_826,28,Female,Mumbai,2023-10-02
C00827,Customer_827,33,Other,Noida,2023-02-13
C00828,Customer_828,25,Male,Mumbai,2024-12-18
C00829,Customer_829,21,Male,Gurgaon,2023-11-14
C00830,Customer_830,57,Male,Delhi,2024-06-17
C00831,Customer_831,21,Male,Pune,2023-08-25
C00832,Customer_832,42,Female,Gurgaon,2025-06-11
C00833,Customer_833,20,Male,Pune,2024-05-31
C00834,Customer_834,49,Male,Mumbai,2023-02-07
C00835,Customer_835,20,Female,Noida,2024-10-15
C00836,Customer_836,44,Male,Delhi,2025-01-16
C00837,Customer_837,46,Female,Mumbai,2025-04-20
C00838,Customer_838,49,Male,Delhi,2024-03-23
C00839,Customer_839,36,Female,Unknown,2024-11-14
C00840,Customer_840,38,Female,Chennai,2023-05-05
C00841,Customer_841,22,Female,Chennai,2025-12-24
C00842,Customer_842,35,Female,Pune,2025-03-03
C00843,Customer_843,45,Male,Mumbai,2025-02-22
C00844,Customer_844,59,Male,Ghaziabad,2023-08-14
C00845,Customer_845,39,Female,Delhi,2024-04-09
C00846,Customer_846,38,Female,Delhi,2024-10-04
C00847,Customer_847,23,Male,Ghaziabad,2023-10-20
C00848,Customer_848,18,Male,Meerut,2024-12-21
C00849,Customer_849,22,Male,Mumbai,2025-01-25
C00850,Customer_850,58,Male,Ghaziabad,2023-06-15
C00851,Customer_851,29,Male,Chennai,2025-02-07
C00852,Customer_852,43,Female,Delhi,2025-10-03
C00853,Customer_853,63,Male,Chennai,2025-05-20
C00854,Customer_854,51,Male,Mumbai,2025-12-11
C00855,Customer_855,31,Female,Noida,2024-07-20
C00856,Customer_856,43,Female,Noida,2025-11-03
C00857,Customer_857,62,Female,Pune,2024-08-24
C00858,Customer_858,44,Female,Chennai,2025-06-23
C00859,Customer_859,26,Male,Chennai,2023-02-10
C00860,Customer_860,43,Female,Chennai,2025-10-26
C00861,Customer_861,64,Female,Meerut,2023-08-30
C00862,Customer_862,39,Male,Chennai,2023-06-11
C00863,Customer_863,64,Female,Noida,2025-10-15
C00864,Customer_864,47,Female,Meerut,2024-11-22
C00865,Customer_865,60,Male,Pune,2025-03-19
C00866,Customer_866,34,Male,Bangalore,2025-09-05
C00867,Customer_867,43,Male,Gurgaon,2024-06-01
C00868,Customer_868,53,Male,Pune,2025-06-16
C00869,Customer_869,18,Male,Hyderabad,2025-02-21
C00870,Customer_870,25,Female,Meerut,2025-02-22
C00871,Customer_871,52,Male,Noida,2023-03-26
C00872,Customer_872,32,Female,Noida,2025-10-30
C00873,Customer_873,64,Female,Mumbai,2023-05-18
C00874,Customer_874,39,Female,Delhi,2025-01-23
C00875,Customer_875,31,Female,Chennai,2025-06-24
C00876,Customer_876,43,Male,Noida,2024-12-13
C00877,Customer_877,45,Male,Chennai,2023-06-05
C00878,Customer_878,40,Female,Ghaziabad,2024-02-12
C00879,Customer_879,31,Female,Delhi,2025-02-25
C00880,Customer_880,41,Female,Ghaziabad,2024-08-02
C00881,Customer_881,19,Male,Chennai,2024-07-07
C00882,Customer_882,62,Female,Meerut,2024-01-31
C00883,Customer_883,43,Male,Hyderabad,2025-03-20
C00884,Customer_884,31,Female,Delhi,2025-08-19
C00885,Customer_885,24,Other,Meerut,2024-06-25
C00886,Customer_886,20,Male,Noida,2025-10-29
C00887,Customer_887,64,Female,Hyderabad,2025-09-13
C00888,Customer_888,40,Male,Bangalore,2023-06-19
C00889,Customer_889,63,Male,Noida,2023-10-17
C00890,Customer_890,60,Female,Gurgaon,2025-01-09
C00891,Customer_891,64,Female,Pune,2024-08-10
C00892,Customer_892,62,Female,Delhi,2025-01-04
C00893,Customer_893,35,Female,Gurgaon,2024-04-01
C00894,Customer_894,55,Female,Chennai,2024-12-01
C00895,Customer_895,52,Female,Delhi,2025-09-05
C00896,Customer_896,32,Female,Pune,2023-02-15
C00897,Customer_897,42,Male,Delhi,2025-11-06
C00898,Customer_898,54,Other,Meerut,2023-08-19
C00899,Customer_899,45,Male,Ghaziabad,2025-08-07
C00900,Customer_900,27,Female,Mumbai,2024-09-28
C00901,Customer_901,56,Male,Meerut,2023-04-22
C00902,Customer_902,34,Male,Pune,2024-08-15
C00903,Customer_903,56,Male,Delhi,2025-05-08
C00904,Customer_904,39,Female,Meerut,2024-01-26
C00905,Customer_905,43,Male,Ghaziabad,2024-01-27
C00906,Customer_906,61,Male,Gurgaon,2023-11-24
C00907,Customer_907,42,Female,Meerut,2025-01-16
C00908,Customer_908,34,Female,Chennai,2024-01-02
C00909,Customer_909,30,Male,Gurgaon,2023-03-23
C00910,Customer_910,37,Male,Pune,2025-03-16
C00911,Customer_911,42,Male,Gurgaon,2025-04-01
C00912,Customer_912,21,Male,Delhi,2025-08-09
C00913,Customer_913,27,Female,Hyderabad,2024-01-07
C00914,Customer_914,20,Female,Hyderabad,2023-09-21
C00915,Customer_915,58,Female,Bangalore,2023-04-20
C00916,Customer_916,62,Male,Unknown,2023-11-03
C00917,Customer_917,35,Female,Delhi,2023-08-14
C00918,Customer_918,64,Female,Pune,2023-07-04
C00919,Customer_919,53,Female,Noida,2025-08-21
C00920,Customer_920,64,Female,Hyderabad,2023-01-31
C00921,Customer_921,39,Female,Pune,2024-09-05
C00922,Customer_922,51,Female,Gurgaon,2023-04-09
C00923,Customer_923,64,Male,Meerut,2025-03-21
C00924,Customer_924,25,Female,Hyderabad,2024-10-13
C00925,Customer_925,57,Female,Delhi,2025-03-24
C00926,Customer_926,61,Female,Hyderabad,2025-10-16
C00927,Customer_927,36,Male,Unknown,2025-09-04
C00928,Customer_928,59,Female,Ghaziabad,2023-03-29
C00929,Customer_929,58,Female,Ghaziabad,2025-12-22
C00930,Customer_930,54,Male,Chennai,2025-07-10
C00931,Customer_931,23,Male,Hyderabad,2024-08-08
C00932,Customer_932,43,Female,Bangalore,2025-03-28
C00933,Customer_933,51,Female,Pune,2025-07-20
C00934,Customer_934,62,Female,Ghaziabad,2025-03-07
C00935,Customer_935,23,Male,Gurgaon,2025-10-15
C00936,Customer_936,54,Female,Delhi,2025-10-09
C00937,Customer_937,50,Male,Chennai,2025-08-30
C00938,Customer_938,39,Male,Mumbai,2024-09-24
C00939,Customer_939,38,Male,Ghaziabad,2023-12-12
C00940,Customer_940,23,Male,Pune,2024-12-24
C00941,Customer_941,23,Male,Gurgaon,2025-06-19
C00942,Customer_942,21,Male,Delhi,2025-11-03
C00943,Customer_943,47,Male,Meerut,2023-05-16
C00944,Customer_944,28,Male,Noida,2024-02-01
C00945,Customer_945,47,Female,Gurgaon,2025-03-02
C00946,Customer_946,48,Female,Bangalore,2023-03-20
C00947,Customer_947,41,Male,Gurgaon,2024-12-05
C00948,Customer_948,26,Female,Gurgaon,2025-09-08
C00949,Customer_949,20,Male,Bangalore,2025-12-10
C00950,Customer_950,48,Female,Meerut,2025-01-13
C00951,Customer_951,57,Male,Chennai,2024-01-19
C00952,Customer_952,54,Male,Hyderabad,2024-01-10
C00953,Customer_953,53,Female,Delhi,2023-07-25
C00954,Customer_954,41,Female,Gurgaon,2024-05-03
C00955,Customer_955,48,Female,Gurgaon,2025-05-30
C00956,Customer_956,23,Female,Bangalore,2024-09-23
C00957,Customer_957,19,Female,Pune,2024-08-14
C00958,Customer_958,37,Male,Gurgaon,2025-12-01
C00959,Customer_959,45,Male,Gurgaon,2024-06-16
C00960,Customer_960,28,Male,Bangalore,2024-06-05
C00961,Customer_961,21,Male,Pune,2025-04-04
C00962,Customer_962,32,Female,Bangalore,2024-08-20
C00963,Customer_963,23,Female,Chennai,2023-04-23
C00964,Customer_964,47,Male,Gurgaon,2025-01-03
C00965,Customer_965,55,Female,Ghaziabad,2023-11-14
C00966,Customer_966,19,Female,Delhi,2025-09-22
C00967,Customer_967,32,Male,Pune,2023-08-01
C00968,Customer_968,28,Male,Ghaziabad,2023-09-10
C00969,Customer_969,25,Male,Bangalore,2023-05-04
C00970,Customer_970,43,Male,Gurgaon,2024-09-15
C00971,Customer_971,62,Male,Bangalore,2025-12-24
C00972,Customer_972,61,Female,Hyderabad,2025-06-16
C00973,Customer_973,22,Male,Hyderabad,2023-09-04
C00974,Customer_974,23,Male,Chennai,2024-03-16
C00975,Customer_975,43,Other,Gurgaon,2023-02-14
C00976,Customer_976,21,Female,Gurgaon,2024-10-19
C00977,Customer_977,36,Female,Ghaziabad,2025-05-29
C00978,Customer_978,37,Male,Mumbai,2025-10-13
C00979,Customer_979,50,Male,Gurgaon,2024-07-07
C00980,Customer_980,37,Female,Chennai,2025-03-19
C00981,Customer_981,29,Male,Pune,2025-08-28
C00982,Customer_982,64,Male,Pune,2024-12-30
C00983,Customer_983,18,Female,Bangalore,2025-10-17
C00984,Customer_984,43,Female,Ghaziabad,2025-08-11
C00985,Customer_985,31,Male,Meerut,2025-12-26
C00986,Customer_986,55,Female,Noida,2025-11-30
C00987,Customer_987,54,Male,Bangalore,2023-04-09
C00988,Customer_988,28,Male,Gurgaon,2025-05-21
C00989,Customer_989,53,Male,Bangalore,2023-10-28
C00990,Customer_990,30,Male,Meerut,2024-05-02
C00991,Customer_991,60,Male,Noida,2025-10-01
C00992,Customer_992,20,Female,Meerut,2024-04-21
C00993,Customer_993,50,Female,Meerut,2025-05-10
C00994,Customer_994,23,Female,Hyderabad,2025-03-19
C00995,Customer_995,27,Male,Pune,2024-06-01
C00996,Customer_996,22,Male,Mumbai,2024-04-03
C00997,Customer_997,40,Male,Gurgaon,2023-08-18
C00998,Customer_998,27,Male,Chennai,2023-01-08
C00999,Customer_999,61,Male,Ghaziabad,2023-07-14
C01000,Customer_1000,19,Female,Bangalore,2025-11-08
C01001,Customer_1001,30,Female,Gurgaon,2023-12-20
C01002,Customer_1002,57,Female,Unknown,2025-12-08
C01003,Customer_1003,19,Male,Pune,2024-04-08
C01004,Customer_1004,37,Female,Bangalore,2023-12-22
C01005,Customer_1005,18,Male,Ghaziabad,2025-04-29
C01006,Customer_1006,54,Male,Mumbai,2025-08-31
C01007,Customer_1007,26,Male,Gurgaon,2023-03-07
C01008,Customer_1008,34,Female,Chennai,2025-05-08
C01009,Customer_1009,26,Other,Pune,2024-07-24
C01010,Customer_1010,28,Male,Delhi,2023-11-04
C01011,Customer_1011,32,Female,Gurgaon,2025-02-21
C01012,Customer_1012,41,Female,Meerut,2023-05-01
C01013,Customer_1013,55,Male,Meerut,2025-02-04
C01014,Customer_1014,52,Male,Chennai,2025-02-11
C01015,Customer_1015,47,Male,Noida,2023-04-06
C01016,Customer_1016,48,Other,Chennai,2025-09-13
C01017,Customer_1017,22,Male,Pune,2024-06-23
C01018,Customer_1018,61,Female,Meerut,2023-01-02
C01019,Customer_1019,31,Male,Mumbai,2024-08-02
C01020,Customer_1020,28,Female,Mumbai,2023-11-29
C01021,Customer_1021,26,Male,Meerut,2025-11-13
C01022,Customer_1022,51,Female,Pune,2025-01-11
C01023,Customer_1023,29,Female,Hyderabad,2024-05-20
C01024,Customer_1024,52,Female,Ghaziabad,2025-09-26
C01025,Customer_1025,52,Female,Ghaziabad,2025-01-02
C01026,Customer_1026,18,Male,Pune,2024-05-28
C01027,Customer_1027,57,Female,Delhi,2025-06-13
C01028,Customer_1028,39,Male,Ghaziabad,2023-12-27
C01029,Customer_1029,46,Male,Bangalore,2023-10-01
C01030,Customer_1030,25,Female,Ghaziabad,2023-06-26
C01031,Customer_1031,28,Male,Bangalore,2024-06-10
C01032,Customer_1032,58,Female,Meerut,2025-07-01
C01033,Customer_1033,54,Other,Hyderabad,2023-10-06
C01034,Customer_1034,31,Male,Chennai,2024-12-06
C01035,Customer_1035,47,Female,Hyderabad,2023-03-05
C01036,Customer_1036,52,Male,Ghaziabad,2023-10-17
C01037,Customer_1037,38,Male,Ghaziabad,2023-01-18
C01038,Customer_1038,54,Male,Pune,2023-03-05
C01039,Customer_1039,22,Female,Chennai,2023-11-26
C01040,Customer_1040,36,Female,Ghaziabad,2025-02-01
C01041,Customer_1041,31,Female,Noida,2025-11-06
C01042,Customer_1042,43,Other,Noida,2024-03-18
C01043,Customer_1043,21,Male,Delhi,2023-05-21
C01044,Customer_1044,42,Male,Meerut,2024-03-19
C01045,Customer_1045,62,Female,Bangalore,2024-05-10
C01046,Customer_1046,59,Female,Hyderabad,2024-03-01
C01047,Customer_1047,42,Male,Meerut,2024-03-25
C01048,Customer_1048,35,Male,Bangalore,2023-12-17
C01049,Customer_1049,57,Female,Bangalore,2024-08-21
C01050,Customer_1050,25,Female,Gurgaon,2024-12-11
C01051,Customer_1051,56,Male,Ghaziabad,2025-05-19
C01052,Customer_1052,57,Male,Delhi,2024-01-28
C01053,Customer_1053,31,Female,Ghaziabad,2025-04-21
C01054,Customer_1054,49,Female,Delhi,2024-02-05
C01055,Customer_1055,55,Male,Meerut,2023-02-19
C01056,Customer_1056,50,Female,Unknown,2025-01-13
C01057,Customer_1057,40,Male,Pune,2025-06-24
C01058,Customer_1058,32,Male,Meerut,2025-11-01
C01059,Customer_1059,50,Female,Chennai,2025-09-17
C01060,Customer_1060,42,Female,Noida,2025-11-04
C01061,Customer_1061,34,Male,Bangalore,2023-01-28
C01062,Customer_1062,50,Female,Delhi,2024-01-23
C01063,Customer_1063,64,Female,Mumbai,2025-04-12
C01064,Customer_1064,19,Female,Ghaziabad,2023-09-07
C01065,Customer_1065,31,Female,Meerut,2023-04-08
C01066,Customer_1066,57,Female,Bangalore,2025-11-28
C01067,Customer_1067,57,Female,Delhi,2025-11-27
C01068,Customer_1068,56,Male,Hyderabad,2023-06-28
C01069,Customer_1069,23,Male,Chennai,2025-06-10
C01070,Customer_1070,23,Male,Ghaziabad,2025-01-19
C01071,Customer_1071,20,Female,Pune,2024-03-28
C01072,Customer_1072,24,Female,Meerut,2023-04-07
C01073,Customer_1073,25,Male,Pune,2023-11-05
C01074,Customer_1074,59,Male,Unknown,2023-09-19
C01075,Customer_1075,32,Female,Pune,2023-10-20
C01076,Customer_1076,64,Male,Ghaziabad,2023-09-06
C01077,Customer_1077,46,Female,Noida,2023-09-02
C01078,Customer_1078,50,Male,Bangalore,2023-09-08
C01079,Customer_1079,47,Female,Noida,2023-05-03
C01080,Customer_1080,56,Female,Meerut,2023-11-21
C01081,Customer_1081,44,Male,Noida,2025-09-12
C01082,Customer_1082,53,Male,Gurgaon,2024-05-15
C01083,Customer_1083,46,Male,Bangalore,2024-11-17
C01084,Customer_1084,55,Female,Delhi,2025-12-25
C01085,Customer_1085,50,Female,Unknown,2025-04-15
C01086,Customer_1086,54,Male,Gurgaon,2023-02-28
C01087,Customer_1087,44,Female,Mumbai,2024-12-31
C01088,Customer_1088,50,Female,Noida,2023-09-23
C01089,Customer_1089,21,Male,Bangalore,2023-08-24
C01090,Customer_1090,39,Male,Pune,2025-06-16
C01091,Customer_1091,19,Female,Delhi,2023-08-06
C01092,Customer_1092,27,Female,Hyderabad,2025-09-01
C01093,Customer_1093,22,Female,Meerut,2024-08-11
C01094,Customer_1094,27,Female,Meerut,2025-07-05
C01095,Customer_1095,50,Female,Meerut,2025-07-06
C01096,Customer_1096,55,Male,Bangalore,2023-12-19
C01097,Customer_1097,30,Female,Noida,2023-04-01
C01098,Customer_1098,48,Female,Bangalore,2024-12-02
C01099,Customer_1099,64,Female,Ghaziabad,2023-03-14
C01100,Customer_1100,53,Male,Pune,2024-11-15
C01101,Customer_1101,62,Male,Hyderabad,2024-12-22
C01102,Customer_1102,41,Male,Hyderabad,2025-08-15
C01103,Customer_1103,32,Male,Pune,2025-11-21
C01104,Customer_1104,46,Male,Unknown,2024-10-09
C01105,Customer_1105,25,Female,Chennai,2025-01-29
C01106,Customer_1106,22,Female,Ghaziabad,2025-05-20
C01107,Customer_1107,46,Male,Delhi,2023-05-23
C01108,Customer_1108,64,Female,Hyderabad,2025-08-06
C01109,Customer_1109,21,Male,Meerut,2023-02-13
C01110,Customer_1110,29,Male,Bangalore,2023-02-01
C01111,Customer_1111,62,Male,Gurgaon,2023-01-28
C01112,Customer_1112,19,Female,Chennai,2025-10-16
C01113,Customer_1113,44,Male,Pune,2024-02-27
C01114,Customer_1114,48,Male,Mumbai,2024-05-05
C01115,Customer_1115,53,Male,Delhi,2023-06-09
C01116,Customer_1116,53,Female,Chennai,2025-04-24
C01117,Customer_1117,43,Male,Meerut,2023-01-18
C01118,Customer_1118,60,Female,Unknown,2024-11-02
C01119,Customer_1119,44,Female,Hyderabad,2023-08-20
C01120,Customer_1120,22,Female,Bangalore,2024-02-28
C01121,Customer_1121,37,Female,Pune,2025-06-22
C01122,Customer_1122,28,Male,Chennai,2025-01-24
C01123,Customer_1123,27,Male,Delhi,2025-04-16
C01124,Customer_1124,57,Female,Chennai,2025-06-12
C01125,Customer_1125,55,Male,Mumbai,2023-08-27
C01126,Customer_1126,23,Female,Gurgaon,2023-05-29
C01127,Customer_1127,25,Female,Hyderabad,2024-09-14
C01128,Customer_1128,40,Female,Bangalore,2023-01-17
C01129,Customer_1129,64,Female,Meerut,2025-07-02
C01130,Customer_1130,43,Other,Pune,2023-08-14
C01131,Customer_1131,63,Female,Pune,2024-10-13
C01132,Customer_1132,60,Male,Gurgaon,2023-09-17
C01133,Customer_1133,29,Female,Noida,2024-11-04
C01134,Customer_1134,43,Male,Noida,2023-06-23
C01135,Customer_1135,30,Male,Meerut,2023-07-24
C01136,Customer_1136,57,Female,Chennai,2024-02-19
C01137,Customer_1137,35,Male,Mumbai,2025-03-02
C01138,Customer_1138,42,Male,Pune,2025-12-24
C01139,Customer_1139,50,Male,Chennai,2024-06-01
C01140,Customer_1140,64,Female,Pune,2025-12-26
C01141,Customer_1141,57,Female,Pune,2025-09-05
C01142,Customer_1142,60,Female,Chennai,2025-10-06
C01143,Customer_1143,29,Male,Gurgaon,2024-08-12
C01144,Customer_1144,61,Female,Noida,2023-03-08
C01145,Customer_1145,53,Female,Unknown,2024-11-14
C01146,Customer_1146,21,Male,Delhi,2023-03-04
C01147,Customer_1147,22,Male,Gurgaon,2025-03-24
C01148,Customer_1148,54,Male,Hyderabad,2024-02-07
C01149,Customer_1149,25,Other,Mumbai,2023-07-11
C01150,Customer_1150,59,Female,Mumbai,2023-03-12
C01151,Customer_1151,45,Female,Delhi,2025-05-27
C01152,Customer_1152,48,Male,Mumbai,2025-01-10
C01153,Customer_1153,26,Female,Chennai,2025-08-03
C01154,Customer_1154,46,Female,Mumbai,2025-12-22
C01155,Customer_1155,31,Female,Ghaziabad,2023-09-02
C01156,Customer_1156,57,Other,Mumbai,2024-06-02
C01157,Customer_1157,58,Male,Pune,2024-01-28
C01158,Customer_1158,39,Male,Gurgaon,2025-02-10
C01159,Customer_1159,28,Female,Chennai,2025-06-29
C01160,Customer_1160,40,Female,Noida,2023-07-03
C01161,Customer_1161,18,Female,Mumbai,2023-09-04
C01162,Customer_1162,63,Male,Meerut,2023-11-20
C01163,Customer_1163,54,Female,Meerut,2023-06-09
C01164,Customer_1164,38,Male,Meerut,2024-12-06
C01165,Customer_1165,43,Male,Mumbai,2024-09-13
C01166,Customer_1166,63,Female,Hyderabad,2025-07-13
C01167,Customer_1167,53,Female,Pune,2023-03-07
C01168,Customer_1168,40,Male,Bangalore,2025-07-18
C01169,Customer_1169,18,Male,Mumbai,2023-09-11
C01170,Customer_1170,57,Male,Hyderabad,2023-10-10
C01171,Customer_1171,32,Male,Bangalore,2025-12-19
C01172,Customer_1172,38,Female,Delhi,2023-04-28
C01173,Customer_1173,64,Female,Ghaziabad,2024-02-27
C01174,Customer_1174,26,Male,Pune,2024-07-09
C01175,Customer_1175,26,Female,Mumbai,2023-02-05
C01176,Customer_1176,27,Female,Gurgaon,2024-06-14
C01177,Customer_1177,43,Female,Chennai,2023-04-01
C01178,Customer_1178,58,Male,Gurgaon,2023-04-08
C01179,Customer_1179,52,Female,Gurgaon,2024-06-14
C01180,Customer_1180,42,Male,Delhi,2024-06-21
C01181,Customer_1181,43,Male,Chennai,2025-11-17
C01182,Customer_1182,28,Male,Delhi,2023-03-21
C01183,Customer_1183,55,Female,Bangalore,2024-07-16
C01184,Customer_1184,19,Male,Delhi,2024-09-05
C01185,Customer_1185,24,Male,Meerut,2023-06-25
C01186,Customer_1186,35,Male,Ghaziabad,2024-06-05
C01187,Customer_1187,44,Female,Meerut,2024-02-27
C01188,Customer_1188,51,Female,Mumbai,2024-07-29
C01189,Customer_1189,44,Male,Bangalore,2024-06-14
C01190,Customer_1190,34,Female,Hyderabad,2023-11-28
C01191,Customer_1191,60,Female,Bangalore,2024-10-14
C01192,Customer_1192,61,Female,Hyderabad,2025-01-09
C01193,Customer_1193,41,Male,Ghaziabad,2024-05-25
C01194,Customer_1194,42,Female,Delhi,2023-02-11
C01195,Customer_1195,24,Female,Delhi,2025-06-03
C01196,Customer_1196,23,Female,Chennai,2023-03-22
C01197,Customer_1197,41,Male,Mumbai,2024-02-06
C01198,Customer_1198,50,Female,Gurgaon,2023-04-17
C01199,Customer_1199,46,Female,Noida,2024-05-20
C01200,Customer_1200,60,Female,Bangalore,2024-12-20
C01201,Customer_1201,39,Male,Bangalore,2023-09-14
C01202,Customer_1202,43,Male,Mumbai,2025-08-11
C01203,Customer_1203,45,Female,Meerut,2025-07-21
C01204,Customer_1204,38,Female,Pune,2025-12-07
C01205,Customer_1205,24,Male,Mumbai,2025-06-15
C01206,Customer_1206,34,Female,Noida,2023-01-19
C01207,Customer_1207,37,Male,Delhi,2025-12-05
C01208,Customer_1208,58,Female,Hyderabad,2024-03-26
C01209,Customer_1209,37,Female,Meerut,2025-06-16
C01210,Customer_1210,39,Female,Meerut,2025-12-15
C01211,Customer_1211,45,Female,Chennai,2025-01-10
C01212,Customer_1212,57,Male,Ghaziabad,2023-03-23
C01213,Customer_1213,24,Female,Noida,2025-01-06
C01214,Customer_1214,18,Male,Meerut,2023-03-20
C01215,Customer_1215,49,Female,Noida,2023-10-10
C01216,Customer_1216,30,Female,Mumbai,2025-09-23
C01217,Customer_1217,47,Female,Hyderabad,2023-06-09
C01218,Customer_1218,40,Male,Hyderabad,2025-06-06
C01219,Customer_1219,36,Female,Bangalore,2024-04-12
C01220,Customer_1220,49,Male,Delhi,2025-05-02
C01221,Customer_1221,47,Male,Bangalore,2024-04-06
C01222,Customer_1222,46,Female,Meerut,2025-05-03
C01223,Customer_1223,62,Male,Ghaziabad,2023-04-27
C01224,Customer_1224,46,Female,Bangalore,2023-12-30
C01225,Customer_1225,47,Male,Bangalore,2024-04-10
C01226,Customer_1226,33,Male,Bangalore,2023-07-03
C01227,Customer_1227,57,Female,Noida,2024-10-21
C01228,Customer_1228,36,Female,Mumbai,2023-03-16
C01229,Customer_1229,35,Male,Ghaziabad,2025-04-05
C01230,Customer_1230,18,Female,Hyderabad,2024-05-17
C01231,Customer_1231,31,Female,Chennai,2025-03-05
C01232,Customer_1232,64,Female,Noida,2024-08-09
C01233,Customer_1233,19,Male,Meerut,2024-10-17
C01234,Customer_1234,45,Female,Ghaziabad,2024-11-30
C01235,Customer_1235,47,Female,Hyderabad,2024-09-26
C01236,Customer_1236,55,Female,Ghaziabad,2025-04-23
C01237,Customer_1237,21,Male,Pune,2025-04-14
C01238,Customer_1238,18,Female,Pune,2025-02-02
C01239,Customer_1239,25,Female,Bangalore,2023-12-24
C01240,Customer_1240,46,Female,Bangalore,2024-11-22
C01241,Customer_1241,56,Male,Pune,2024-09-13
C01242,Customer_1242,20,Female,Chennai,2024-04-26
C01243,Customer_1243,49,Female,Hyderabad,2025-09-06
C01244,Customer_1244,27,Male,Meerut,2025-09-04
C01245,Customer_1245,27,Male,Delhi,2023-10-17
C01246,Customer_1246,36,Female,Delhi,2025-01-21
C01247,Customer_1247,63,Male,Noida,2023-01-23
C01248,Customer_1248,51,Other,Chennai,2025-03-16
C01249,Customer_1249,50,Female,Chennai,2023-06-21
C01250,Customer_1250,40,Female,Meerut,2025-04-14
C01251,Customer_1251,45,Male,Ghaziabad,2023-11-14
C01252,Customer_1252,49,Male,Delhi,2025-06-26
C01253,Customer_1253,24,Female,Ghaziabad,2025-03-08
C01254,Customer_1254,46,Male,Ghaziabad,2025-09-17
C01255,Customer_1255,25,Female,Chennai,2025-05-04
C01256,Customer_1256,18,Male,Ghaziabad,2024-11-11
C01257,Customer_1257,20,Male,Delhi,2025-07-04
C01258,Customer_1258,41,Male,Hyderabad,2025-10-26
C01259,Customer_1259,40,Female,Gurgaon,2025-04-22
C01260,Customer_1260,25,Other,Ghaziabad,2024-04-27
C01261,Customer_1261,64,Male,Meerut,2023-05-12
C01262,Customer_1262,54,Male,Mumbai,2025-05-10
C01263,Customer_1263,20,Male,Bangalore,2023-10-21
C01264,Customer_1264,50,Female,Meerut,2024-10-02
C01265,Customer_1265,45,Male,Pune,2025-09-26
C01266,Customer_1266,64,Female,Delhi,2024-01-27
C01267,Customer_1267,25,Female,Mumbai,2023-09-06
C01268,Customer_1268,51,Female,Bangalore,2024-12-03
C01269,Customer_1269,52,Male,Meerut,2023-10-14
C01270,Customer_1270,49,Other,Mumbai,2023-10-04
C01271,Customer_1271,41,Male,Gurgaon,2024-01-22
C01272,Customer_1272,31,Male,Delhi,2024-03-25
C01273,Customer_1273,49,Female,Hyderabad,2023-10-18
C01274,Customer_1274,63,Female,Noida,2024-03-18
C01275,Customer_1275,60,Male,Chennai,2024-10-17
C01276,Customer_1276,33,Male,Gurgaon,2025-12-04
C01277,Customer_1277,21,Female,Pune,2025-04-06
C01278,Customer_1278,54,Male,Chennai,2024-04-20
C01279,Customer_1279,38,Female,Hyderabad,2023-09-10
C01280,Customer_1280,31,Female,Gurgaon,2023-10-16
C01281,Customer_1281,48,Male,Bangalore,2025-09-26
C01282,Customer_1282,35,Male,Mumbai,2023-01-21
C01283,Customer_1283,24,Male,Delhi,2023-11-12
C01284,Customer_1284,27,Female,Mumbai,2024-07-17
C01285,Customer_1285,24,Female,Ghaziabad,2023-05-03
C01286,Customer_1286,50,Male,Meerut,2025-05-23
C01287,Customer_1287,40,Female,Pune,2025-08-17
C01288,Customer_1288,38,Other,Ghaziabad,2023-08-02
C01289,Customer_1289,36,Male,Ghaziabad,2025-04-18
C01290,Customer_1290,36,Female,Pune,2024-10-08
C01291,Customer_1291,53,Male,Meerut,2025-08-25
C01292,Customer_1292,46,Male,Bangalore,2024-12-30
C01293,Customer_1293,35,Male,Meerut,2024-08-22
C01294,Customer_1294,19,Male,Delhi,2025-03-02
C01295,Customer_1295,18,Male,Mumbai,2023-02-09
C01296,Customer_1296,64,Male,Unknown,2025-01-21
C01297,Customer_1297,22,Female,Noida,2025-07-31
C01298,Customer_1298,37,Female,Mumbai,2024-10-09
C01299,Customer_1299,28,Female,Bangalore,2023-07-01
C01300,Customer_1300,59,Male,Meerut,2023-09-22
C01301,Customer_1301,19,Male,Pune,2025-02-09
C01302,Customer_1302,20,Male,Meerut,2025-05-12
C01303,Customer_1303,40,Female,Noida,2024-03-07
C01304,Customer_1304,29,Female,Bangalore,2024-05-23
C01305,Customer_1305,37,Male,Delhi,2024-03-22
C01306,Customer_1306,22,Male,Meerut,2024-06-11
C01307,Customer_1307,54,Female,Bangalore,2025-05-24
C01308,Customer_1308,55,Male,Mumbai,2024-10-30
C01309,Customer_1309,47,Male,Noida,2025-04-26
C01310,Customer_1310,26,Female,Delhi,2023-03-11
C01311,Customer_1311,51,Female,Bangalore,2025-03-26
C01312,Customer_1312,61,Male,Gurgaon,2025-11-04
C01313,Customer_1313,52,Male,Meerut,2025-12-19
C01314,Customer_1314,39,Other,Noida,2024-03-21
C01315,Customer_1315,61,Male,Delhi,2025-10-22
C01316,Customer_1316,41,Male,Delhi,2023-01-19
C01317,Customer_1317,34,Male,Ghaziabad,2024-07-14
C01318,Customer_1318,27,Male,Chennai,2024-04-16
C01319,Customer_1319,47,Male,Noida,2023-01-28
C01320,Customer_1320,63,Female,Delhi,2024-07-13
C01321,Customer_1321,40,Male,Bangalore,2024-08-30
C01322,Customer_1322,49,Male,Ghaziabad,2024-04-02
C01323,Customer_1323,34,Female,Chennai,2025-08-02
C01324,Customer_1324,34,Female,Mumbai,2025-09-10
C01325,Customer_1325,31,Female,Bangalore,2025-05-17
C01326,Customer_1326,26,Female,Meerut,2025-10-12
C01327,Customer_1327,57,Male,Chennai,2023-01-29
C01328,Customer_1328,19,Female,Noida,2024-10-30
C01329,Customer_1329,62,Male,Meerut,2025-04-05
C01330,Customer_1330,42,Other,Hyderabad,2025-03-26
C01331,Customer_1331,56,Female,Hyderabad,2023-10-06
C01332,Customer_1332,26,Other,Noida,2023-10-10
C01333,Customer_1333,39,Female,Mumbai,2025-09-29
C01334,Customer_1334,60,Male,Chennai,2023-11-01
C01335,Customer_1335,63,Female,Ghaziabad,2024-11-24
C01336,Customer_1336,21,Other,Gurgaon,2023-04-19
C01337,Customer_1337,43,Female,Delhi,2023-11-20
C01338,Customer_1338,46,Male,Gurgaon,2024-04-02
C01339,Customer_1339,62,Female,Hyderabad,2024-04-26
C01340,Customer_1340,51,Male,Hyderabad,2025-07-10
C01341,Customer_1341,40,Male,Mumbai,2024-06-03
C01342,Customer_1342,54,Male,Gurgaon,2025-12-12
C01343,Customer_1343,28,Male,Gurgaon,2024-01-26
C01344,Customer_1344,23,Female,Ghaziabad,2025-02-09
C01345,Customer_1345,35,Male,Mumbai,2025-07-01
C01346,Customer_1346,38,Female,Mumbai,2023-03-27
C01347,Customer_1347,59,Male,Noida,2024-07-11
C01348,Customer_1348,53,Male,Meerut,2025-05-07
C01349,Customer_1349,58,Male,Mumbai,2024-10-27
C01350,Customer_1350,55,Male,Mumbai,2025-04-22
C01351,Customer_1351,51,Male,Bangalore,2023-10-22
C01352,Customer_1352,34,Male,Chennai,2023-09-26
C01353,Customer_1353,54,Female,Chennai,2024-10-06
C01354,Customer_1354,42,Male,Pune,2024-06-18
C01355,Customer_1355,55,Male,Gurgaon,2023-03-29
C01356,Customer_1356,29,Male,Delhi,2025-07-13
C01357,Customer_1357,40,Female,Gurgaon,2023-04-21
C01358,Customer_1358,59,Female,Noida,2024-08-06
C01359,Customer_1359,39,Female,Noida,2025-02-07
C01360,Customer_1360,38,Male,Noida,2023-08-26
C01361,Customer_1361,44,Male,Meerut,2023-11-30
C01362,Customer_1362,48,Female,Delhi,2023-04-16
C01363,Customer_1363,23,Male,Chennai,2024-01-17
C01364,Customer_1364,44,Male,Ghaziabad,2024-11-19
C01365,Customer_1365,57,Male,Chennai,2023-09-18
C01366,Customer_1366,51,Male,Meerut,2024-10-16
C01367,Customer_1367,29,Male,Noida,2025-03-30
C01368,Customer_1368,62,Female,Meerut,2024-12-09
C01369,Customer_1369,24,Male,Chennai,2024-04-20
C01370,Customer_1370,27,Female,Ghaziabad,2025-06-25
C01371,Customer_1371,62,Male,Pune,2024-07-08
C01372,Customer_1372,34,Male,Delhi,2024-10-24
C01373,Customer_1373,43,Female,Meerut,2024-07-28
C01374,Customer_1374,38,Male,Chennai,2024-10-03
C01375,Customer_1375,45,Female,Delhi,2024-04-07
C01376,Customer_1376,63,Female,Chennai,2025-05-04
C01377,Customer_1377,19,Male,Chennai,2024-08-07
C01378,Customer_1378,60,Female,Ghaziabad,2025-07-31
C01379,Customer_1379,18,Male,Pune,2024-09-07
C01380,Customer_1380,53,Female,Delhi,2023-06-07
C01381,Customer_1381,43,Male,Noida,2023-09-29
C01382,Customer_1382,46,Female,Delhi,2024-10-31
C01383,Customer_1383,38,Male,Mumbai,2024-09-12
C01384,Customer_1384,28,Female,Noida,2024-06-04
C01385,Customer_1385,57,Female,Delhi,2023-02-28
C01386,Customer_1386,28,Female,Bangalore,2024-12-04
C01387,Customer_1387,53,Female,Bangalore,2024-10-09
C01388,Customer_1388,56,Female,Chennai,2025-06-09
C01389,Customer_1389,57,Female,Noida,2024-03-11
C01390,Customer_1390,52,Male,Delhi,2023-05-26
C01391,Customer_1391,51,Male,Chennai,2025-05-08
C01392,Customer_1392,64,Male,Gurgaon,2025-09-04
C01393,Customer_1393,41,Male,Chennai,2023-09-02
C01394,Customer_1394,39,Male,Meerut,2023-10-28
C01395,Customer_1395,22,Female,Bangalore,2024-03-13
C01396,Customer_1396,50,Male,Gurgaon,2025-05-17
C01397,Customer_1397,53,Female,Hyderabad,2023-04-10
C01398,Customer_1398,64,Male,Meerut,2024-12-25
C01399,Customer_1399,37,Male,Noida,2025-03-24
C01400,Customer_1400,36,Female,Chennai,2024-04-24
C01401,Customer_1401,52,Female,Bangalore,2024-02-19
C01402,Customer_1402,60,Female,Pune,2023-06-14
C01403,Customer_1403,34,Female,Bangalore,2025-08-31
C01404,Customer_1404,62,Male,Ghaziabad,2023-03-29
C01405,Customer_1405,60,Female,Bangalore,2024-07-26
C01406,Customer_1406,51,Male,Pune,2025-03-24
C01407,Customer_1407,26,Male,Pune,2023-06-28
C01408,Customer_1408,43,Male,Chennai,2023-06-12
C01409,Customer_1409,19,Male,Noida,2024-08-15
C01410,Customer_1410,26,Male,Pune,2025-10-02
C01411,Customer_1411,26,Female,Bangalore,2023-10-28
C01412,Customer_1412,57,Female,Noida,2024-01-09
C01413,Customer_1413,34,Male,Delhi,2024-12-08
C01414,Customer_1414,18,Male,Unknown,2023-07-22
C01415,Customer_1415,42,Male,Mumbai,2023-02-16
C01416,Customer_1416,60,Male,Chennai,2024-04-07
C01417,Customer_1417,57,Female,Meerut,2024-02-12
C01418,Customer_1418,59,Male,Chennai,2024-03-02
C01419,Customer_1419,42,Female,Pune,2025-07-18
C01420,Customer_1420,56,Male,Hyderabad,2023-11-13
C01421,Customer_1421,52,Other,Ghaziabad,2024-02-25
C01422,Customer_1422,20,Male,Mumbai,2023-09-20
C01423,Customer_1423,54,Female,Pune,2023-06-15
C01424,Customer_1424,61,Male,Bangalore,2024-03-03
C01425,Customer_1425,61,Female,Noida,2024-02-01
C01426,Customer_1426,47,Male,Mumbai,2025-03-06
C01427,Customer_1427,55,Male,Hyderabad,2023-04-17
C01428,Customer_1428,51,Female,Meerut,2023-04-08
C01429,Customer_1429,29,Female,Noida,2023-02-12
C01430,Customer_1430,36,Female,Ghaziabad,2023-08-30
C01431,Customer_1431,54,Female,Gurgaon,2023-04-05
C01432,Customer_1432,61,Female,Ghaziabad,2023-07-07
C01433,Customer_1433,34,Male,Chennai,2024-01-20
C01434,Customer_1434,27,Male,Mumbai,2025-03-29
C01435,Customer_1435,64,Male,Chennai,2023-03-28
C01436,Customer_1436,29,Female,Pune,2024-05-03
C01437,Customer_1437,33,Male,Delhi,2023-08-14
C01438,Customer_1438,41,Male,Pune,2023-12-11
C01439,Customer_1439,36,Female,Meerut,2024-06-01
C01440,Customer_1440,25,Female,Mumbai,2025-11-20
C01441,Customer_1441,48,Male,Delhi,2023-10-23
C01442,Customer_1442,38,Male,Noida,2024-02-18
C01443,Customer_1443,34,Male,Delhi,2023-05-15
C01444,Customer_1444,40,Male,Meerut,2024-06-08
C01445,Customer_1445,54,Male,Bangalore,2025-10-05
C01446,Customer_1446,33,Female,Chennai,2023-01-04
C01447,Customer_1447,23,Female,Hyderabad,2023-06-27
C01448,Customer_1448,25,Female,Pune,2025-01-15
C01449,Customer_1449,42,Male,Mumbai,2023-09-16
C01450,Customer_1450,35,Female,Meerut,2024-10-13
C01451,Customer_1451,42,Male,Gurgaon,2025-12-24
C01452,Customer_1452,29,Male,Hyderabad,2025-11-06
C01453,Customer_1453,32,Female,Meerut,2024-06-27
C01454,Customer_1454,43,Male,Gurgaon,2024-03-10
C01455,Customer_1455,58,Male,Gurgaon,2023-10-17
C01456,Customer_1456,62,Female,Gurgaon,2025-03-13
C01457,Customer_1457,43,Male,Bangalore,2024-04-27
C01458,Customer_1458,64,Female,Delhi,2023-08-22
C01459,Customer_1459,49,Male,Ghaziabad,2024-02-12
C01460,Customer_1460,27,Female,Pune,2024-11-24
C01461,Customer_1461,33,Male,Gurgaon,2024-07-15
C01462,Customer_1462,24,Male,Meerut,2024-03-05
C01463,Customer_1463,34,Female,Noida,2024-03-07
C01464,Customer_1464,40,Male,Noida,2024-05-11
C01465,Customer_1465,43,Male,Mumbai,2025-09-09
C01466,Customer_1466,38,Male,Chennai,2025-09-23
C01467,Customer_1467,39,Male,Gurgaon,2025-06-15
C01468,Customer_1468,24,Male,Meerut,2025-04-06
C01469,Customer_1469,31,Male,Gurgaon,2025-02-16
C01470,Customer_1470,32,Female,Bangalore,2023-08-11
C01471,Customer_1471,24,Male,Chennai,2024-04-12
C01472,Customer_1472,26,Female,Gurgaon,2024-07-22
C01473,Customer_1473,25,Male,Pune,2024-01-10
C01474,Customer_1474,40,Male,Noida,2024-06-10
C01475,Customer_1475,46,Female,Gurgaon,2024-02-16
C01476,Customer_1476,35,Male,Pune,2023-09-26
C01477,Customer_1477,48,Other,Pune,2024-09-17
C01478,Customer_1478,47,Male,Delhi,2025-10-08
C01479,Customer_1479,56,Female,Pune,2024-03-25
C01480,Customer_1480,52,Female,Chennai,2025-03-12
C01481,Customer_1481,35,Female,Noida,2025-04-01
C01482,Customer_1482,59,Female,Mumbai,2023-09-12
C01483,Customer_1483,56,Female,Bangalore,2023-05-06
C01484,Customer_1484,34,Male,Noida,2025-01-31
C01485,Customer_1485,31,Male,Meerut,2025-03-09
C01486,Customer_1486,48,Female,Mumbai,2024-07-18
C01487,Customer_1487,41,Male,Pune,2024-03-31
C01488,Customer_1488,52,Male,Gurgaon,2025-12-26
C01489,Customer_1489,61,Female,Delhi,2025-12-25
C01490,Customer_1490,62,Male,Mumbai,2025-06-30
C01491,Customer_1491,51,Female,Meerut,2025-05-11
C01492,Customer_1492,20,Female,Meerut,2024-09-08
C01493,Customer_1493,54,Female,Mumbai,2024-02-04
C01494,Customer_1494,60,Female,Delhi,2023-10-14
C01495,Customer_1495,57,Male,Pune,2023-07-05
C01496,Customer_1496,43,Male,Chennai,2023-10-11
C01497,Customer_1497,40,Male,Meerut,2024-10-11
C01498,Customer_1498,61,Male,Pune,2024-11-21
C01499,Customer_1499,56,Female,Chennai,2023-08-25
C01500,Customer_1500,32,Female,Chennai,2025-11-07
C01501,Customer_1501,21,Male,Meerut,2025-03-25
C01502,Customer_1502,46,Male,Unknown,2025-07-16
C01503,Customer_1503,39,Other,Chennai,2024-02-18
C01504,Customer_1504,42,Male,Gurgaon,2023-01-09
C01505,Customer_1505,30,Female,Noida,2024-02-24
C01506,Customer_1506,35,Male,Bangalore,2023-01-29
C01507,Customer_1507,50,Female,Meerut,2023-12-14
C01508,Customer_1508,33,Female,Hyderabad,2024-10-22
C01509,Customer_1509,62,Female,Chennai,2024-07-29
C01510,Customer_1510,59,Female,Ghaziabad,2024-03-25
C01511,Customer_1511,61,Male,Gurgaon,2024-01-15
C01512,Customer_1512,19,Male,Hyderabad,2024-11-29
C01513,Customer_1513,52,Female,Pune,2024-01-01
C01514,Customer_1514,59,Male,Bangalore,2024-02-16
C01515,Customer_1515,51,Female,Delhi,2025-08-08
C01516,Customer_1516,47,Female,Chennai,2023-12-22
C01517,Customer_1517,30,Female,Delhi,2023-09-11
C01518,Customer_1518,30,Female,Bangalore,2024-12-27
C01519,Customer_1519,35,Female,Gurgaon,2024-11-11
C01520,Customer_1520,49,Female,Gurgaon,2025-12-05
C01521,Customer_1521,49,Male,Bangalore,2025-12-08
C01522,Customer_1522,52,Male,Gurgaon,2025-03-20
C01523,Customer_1523,56,Male,Chennai,2024-04-17
C01524,Customer_1524,63,Female,Bangalore,2024-02-20
C01525,Customer_1525,46,Male,Meerut,2025-09-05
C01526,Customer_1526,46,Female,Ghaziabad,2024-08-22
C01527,Customer_1527,61,Male,Pune,2025-10-23
C01528,Customer_1528,33,Female,Noida,2024-04-04
C01529,Customer_1529,61,Male,Mumbai,2023-03-20
C01530,Customer_1530,64,Female,Ghaziabad,2025-02-13
C01531,Customer_1531,27,Female,Noida,2025-12-30
C01532,Customer_1532,47,Male,Mumbai,2025-06-14
C01533,Customer_1533,42,Male,Delhi,2023-02-27
C01534,Customer_1534,56,Female,Ghaziabad,2024-09-15
C01535,Customer_1535,37,Female,Hyderabad,2023-02-17
C01536,Customer_1536,22,Male,Ghaziabad,2025-04-18
C01537,Customer_1537,18,Other,Gurgaon,2023-06-14
C01538,Customer_1538,47,Female,Chennai,2023-11-26
C01539,Customer_1539,20,Female,Chennai,2023-08-01
C01540,Customer_1540,62,Male,Noida,2024-05-21
C01541,Customer_1541,31,Male,Gurgaon,2025-07-04
C01542,Customer_1542,47,Female,Delhi,2025-03-11
C01543,Customer_1543,21,Female,Chennai,2023-06-17
C01544,Customer_1544,35,Female,Pune,2025-09-21
C01545,Customer_1545,54,Male,Delhi,2025-04-09
C01546,Customer_1546,42,Male,Gurgaon,2025-09-22
C01547,Customer_1547,18,Male,Gurgaon,2025-09-13
C01548,Customer_1548,63,Male,Noida,2025-02-25
C01549,Customer_1549,32,Male,Meerut,2024-03-02
C01550,Customer_1550,26,Male,Chennai,2025-10-12
C01551,Customer_1551,32,Other,Gurgaon,2025-10-30
C01552,Customer_1552,41,Male,Gurgaon,2025-02-11
C01553,Customer_1553,21,Female,Pune,2025-12-17
C01554,Customer_1554,29,Female,Ghaziabad,2024-12-17
C01555,Customer_1555,54,Female,Ghaziabad,2023-03-27
C01556,Customer_1556,54,Male,Gurgaon,2023-04-14
C01557,Customer_1557,60,Female,Delhi,2023-05-23
C01558,Customer_1558,23,Female,Pune,2023-07-24
C01559,Customer_1559,56,Female,Delhi,2024-10-02
C01560,Customer_1560,63,Female,Mumbai,2025-11-27
C01561,Customer_1561,41,Other,Meerut,2025-12-11
C01562,Customer_1562,28,Female,Ghaziabad,2023-01-01
C01563,Customer_1563,30,Male,Ghaziabad,2023-01-11
C01564,Customer_1564,51,Female,Pune,2025-01-16
C01565,Customer_1565,42,Male,Bangalore,2025-08-13
C01566,Customer_1566,24,Female,Delhi,2025-01-24
C01567,Customer_1567,21,Male,Chennai,2024-06-01
C01568,Customer_1568,25,Male,Pune,2025-10-28
C01569,Customer_1569,37,Female,Noida,2023-01-05
C01570,Customer_1570,46,Female,Bangalore,2024-11-24
C01571,Customer_1571,62,Male,Hyderabad,2023-04-22
C01572,Customer_1572,63,Male,Delhi,2025-09-30
C01573,Customer_1573,27,Female,Bangalore,2023-09-30
C01574,Customer_1574,60,Male,Pune,2024-02-26
C01575,Customer_1575,51,Female,Chennai,2023-09-22
C01576,Customer_1576,43,Male,Noida,2023-07-31
C01577,Customer_1577,58,Female,Meerut,2025-02-20
C01578,Customer_1578,20,Female,Bangalore,2024-10-27
C01579,Customer_1579,23,Male,Meerut,2024-01-04
C01580,Customer_1580,22,Male,Gurgaon,2025-08-15
C01581,Customer_1581,22,Male,Ghaziabad,2023-12-13
C01582,Customer_1582,64,Female,Mumbai,2023-01-25
C01583,Customer_1583,40,Female,Ghaziabad,2025-09-02
C01584,Customer_1584,26,Female,Hyderabad,2024-02-21
C01585,Customer_1585,52,Male,Chennai,2024-05-29
C01586,Customer_1586,37,Male,Noida,2023-08-03
C01587,Customer_1587,59,Male,Meerut,2025-08-11
C01588,Customer_1588,52,Male,Pune,2025-07-02
C01589,Customer_1589,35,Female,Meerut,2024-03-03
C01590,Customer_1590,34,Female,Chennai,2025-01-02
C01591,Customer_1591,41,Female,Pune,2024-11-29
C01592,Customer_1592,20,Male,Pune,2023-08-04
C01593,Customer_1593,49,Female,Hyderabad,2024-02-17
C01594,Customer_1594,52,Female,Chennai,2024-01-15
C01595,Customer_1595,55,Female,Bangalore,2023-08-20
C01596,Customer_1596,30,Female,Ghaziabad,2025-04-14
C01597,Customer_1597,64,Male,Gurgaon,2023-09-15
C01598,Customer_1598,42,Male,Meerut,2024-02-07
C01599,Customer_1599,26,Female,Bangalore,2024-02-28
C01600,Customer_1600,21,Male,Gurgaon,2025-02-08
C01601,Customer_1601,31,Male,Unknown,2023-03-06
C01602,Customer_1602,54,Female,Mumbai,2023-07-09
C01603,Customer_1603,51,Female,Meerut,2025-08-07
C01604,Customer_1604,28,Female,Hyderabad,2023-06-22
C01605,Customer_1605,58,Male,Gurgaon,2025-01-28
C01606,Customer_1606,20,Male,Pune,2024-09-19
C01607,Customer_1607,45,Female,Bangalore,2024-07-14
C01608,Customer_1608,46,Other,Ghaziabad,2025-09-27
C01609,Customer_1609,26,Female,Hyderabad,2024-02-05
C01610,Customer_1610,20,Female,Meerut,2024-09-29
C01611,Customer_1611,42,Female,Chennai,2025-08-06
C01612,Customer_1612,51,Female,Bangalore,2023-08-01
C01613,Customer_1613,29,Male,Hyderabad,2023-02-22
C01614,Customer_1614,59,Female,Mumbai,2024-09-15
C01615,Customer_1615,26,Female,Meerut,2025-01-21
C01616,Customer_1616,32,Female,Unknown,2024-10-23
C01617,Customer_1617,57,Female,Ghaziabad,2023-05-19
C01618,Customer_1618,42,Female,Noida,2024-02-22
C01619,Customer_1619,22,Male,Gurgaon,2023-05-23
C01620,Customer_1620,28,Female,Chennai,2024-05-23
C01621,Customer_1621,51,Male,Gurgaon,2024-10-11
C01622,Customer_1622,41,Female,Ghaziabad,2024-04-30
C01623,Customer_1623,32,Male,Bangalore,2025-09-18
C01624,Customer_1624,55,Male,Gurgaon,2024-06-26
C01625,Customer_1625,25,Male,Chennai,2023-10-20
C01626,Customer_1626,22,Female,Delhi,2024-11-01
C01627,Customer_1627,43,Male,Delhi,2025-04-17
C01628,Customer_1628,35,Male,Hyderabad,2025-11-03
C01629,Customer_1629,23,Female,Hyderabad,2024-09-25
C01630,Customer_1630,54,Male,Meerut,2023-09-29
C01631,Customer_1631,30,Female,Hyderabad,2025-11-14
C01632,Customer_1632,45,Female,Mumbai,2023-11-18
C01633,Customer_1633,22,Female,Hyderabad,2025-03-16
C01634,Customer_1634,30,Male,Mumbai,2025-06-01
C01635,Customer_1635,34,Female,Hyderabad,2025-11-29
C01636,Customer_1636,57,Male,Noida,2023-08-23
C01637,Customer_1637,62,Male,Pune,2025-04-11
C01638,Customer_1638,49,Male,Mumbai,2023-05-24
C01639,Customer_1639,46,Female,Bangalore,2024-08-11
C01640,Customer_1640,20,Male,Meerut,2023-08-17
C01641,Customer_1641,57,Female,Ghaziabad,2023-10-01
C01642,Customer_1642,51,Female,Mumbai,2024-08-12
C01643,Customer_1643,57,Female,Gurgaon,2024-10-14
C01644,Customer_1644,44,Male,Pune,2024-08-05
C01645,Customer_1645,30,Other,Noida,2025-08-25
C01646,Customer_1646,62,Female,Delhi,2024-01-07
C01647,Customer_1647,50,Female,Noida,2025-03-29
C01648,Customer_1648,23,Male,Hyderabad,2024-07-25
C01649,Customer_1649,41,Female,Meerut,2024-06-28
C01650,Customer_1650,36,Male,Pune,2023-05-07
C01651,Customer_1651,33,Male,Gurgaon,2025-01-02
C01652,Customer_1652,57,Male,Mumbai,2024-02-21
C01653,Customer_1653,45,Female,Noida,2024-09-29
C01654,Customer_1654,50,Male,Pune,2023-02-10
C01655,Customer_1655,58,Male,Mumbai,2025-02-25
C01656,Customer_1656,30,Female,Meerut,2023-10-24
C01657,Customer_1657,60,Female,Ghaziabad,2023-02-11
C01658,Customer_1658,62,Male,Delhi,2024-09-23
C01659,Customer_1659,42,Female,Meerut,2023-02-02
C01660,Customer_1660,59,Male,Hyderabad,2024-10-26
C01661,Customer_1661,53,Male,Chennai,2024-09-07
C01662,Customer_1662,44,Male,Ghaziabad,2025-08-05
C01663,Customer_1663,55,Female,Hyderabad,2023-06-09
C01664,Customer_1664,24,Male,Noida,2024-04-02
C01665,Customer_1665,22,Male,Ghaziabad,2024-02-03
C01666,Customer_1666,60,Male,Hyderabad,2024-08-03
C01667,Customer_1667,62,Female,Ghaziabad,2023-08-08
C01668,Customer_1668,48,Male,Meerut,2024-01-14
C01669,Customer_1669,40,Male,Pune,2025-07-18
C01670,Customer_1670,59,Male,Delhi,2025-08-21
C01671,Customer_1671,27,Male,Unknown,2023-08-21
C01672,Customer_1672,49,Female,Hyderabad,2025-07-10
C01673,Customer_1673,60,Female,Hyderabad,2023-08-22
C01674,Customer_1674,47,Male,Ghaziabad,2024-12-26
C01675,Customer_1675,56,Male,Noida,2024-01-02
C01676,Customer_1676,48,Male,Hyderabad,2024-04-25
C01677,Customer_1677,35,Male,Ghaziabad,2024-08-12
C01678,Customer_1678,53,Male,Bangalore,2023-08-04
C01679,Customer_1679,19,Female,Delhi,2024-12-25
C01680,Customer_1680,31,Other,Hyderabad,2024-12-12
C01681,Customer_1681,30,Other,Meerut,2025-09-11
C01682,Customer_1682,46,Female,Gurgaon,2024-01-26
C01683,Customer_1683,29,Female,Ghaziabad,2025-12-06
C01684,Customer_1684,56,Female,Delhi,2024-01-27
C01685,Customer_1685,19,Male,Hyderabad,2024-12-18
C01686,Customer_1686,49,Female,Pune,2024-01-20
C01687,Customer_1687,30,Male,Ghaziabad,2024-01-16
C01688,Customer_1688,63,Female,Noida,2024-08-26
C01689,Customer_1689,44,Female,Hyderabad,2025-07-22
C01690,Customer_1690,58,Male,Ghaziabad,2024-02-03
C01691,Customer_1691,34,Male,Hyderabad,2023-04-10
C01692,Customer_1692,57,Female,Chennai,2024-01-18
C01693,Customer_1693,48,Male,Gurgaon,2024-12-07
C01694,Customer_1694,51,Female,Mumbai,2023-01-10
C01695,Customer_1695,41,Female,Mumbai,2023-09-21
C01696,Customer_1696,62,Female,Chennai,2025-04-11
C01697,Customer_1697,52,Female,Ghaziabad,2024-09-21
C01698,Customer_1698,23,Male,Noida,2025-01-31
C01699,Customer_1699,36,Male,Hyderabad,2023-07-14
C01700,Customer_1700,47,Female,Ghaziabad,2024-07-15
C01701,Customer_1701,24,Female,Pune,2023-04-07
C01702,Customer_1702,27,Female,Noida,2024-04-06
C01703,Customer_1703,58,Male,Pune,2025-01-27
C01704,Customer_1704,49,Male,Chennai,2023-03-28
C01705,Customer_1705,51,Other,Meerut,2025-09-17
C01706,Customer_1706,45,Male,Mumbai,2023-03-18
C01707,Customer_1707,32,Female,Mumbai,2024-10-22
C01708,Customer_1708,47,Male,Hyderabad,2025-02-03
C01709,Customer_1709,54,Female,Gurgaon,2024-11-08
C01710,Customer_1710,46,Female,Chennai,2025-03-01
C01711,Customer_1711,39,Female,Ghaziabad,2024-08-05
C01712,Customer_1712,21,Male,Chennai,2024-11-01
C01713,Customer_1713,37,Female,Ghaziabad,2024-06-21
C01714,Customer_1714,49,Female,Chennai,2024-03-05
C01715,Customer_1715,53,Male,Meerut,2025-12-28
C01716,Customer_1716,21,Female,Bangalore,2023-05-13
C01717,Customer_1717,44,Female,Gurgaon,2023-07-08
C01718,Customer_1718,34,Female,Ghaziabad,2024-07-26
C01719,Customer_1719,29,Female,Gurgaon,2023-10-06
C01720,Customer_1720,39,Male,Noida,2024-06-25
C01721,Customer_1721,34,Male,Chennai,2025-01-15
C01722,Customer_1722,27,Male,Hyderabad,2025-06-17
C01723,Customer_1723,18,Female,Delhi,2024-03-28
C01724,Customer_1724,39,Female,Noida,2025-06-07
C01725,Customer_1725,43,Female,Pune,2025-04-30
C01726,Customer_1726,35,Male,Mumbai,2023-06-19
C01727,Customer_1727,31,Male,Delhi,2025-04-09
C01728,Customer_1728,64,Female,Meerut,2024-11-28
C01729,Customer_1729,46,Male,Chennai,2025-12-16
C01730,Customer_1730,29,Male,Bangalore,2025-02-07
C01731,Customer_1731,53,Female,Meerut,2023-12-24
C01732,Customer_1732,52,Male,Ghaziabad,2023-07-20
C01733,Customer_1733,29,Male,Delhi,2024-03-19
C01734,Customer_1734,24,Male,Mumbai,2025-04-06
C01735,Customer_1735,46,Male,Hyderabad,2023-04-11
C01736,Customer_1736,28,Other,Bangalore,2025-07-26
C01737,Customer_1737,50,Male,Gurgaon,2023-01-29
C01738,Customer_1738,23,Male,Chennai,2024-10-26
C01739,Customer_1739,64,Male,Ghaziabad,2023-03-14
C01740,Customer_1740,32,Female,Chennai,2023-09-11
C01741,Customer_1741,49,Male,Meerut,2024-05-30
C01742,Customer_1742,28,Female,Delhi,2025-01-18
C01743,Customer_1743,40,Male,Meerut,2025-11-09
C01744,Customer_1744,43,Male,Delhi,2024-06-18
C01745,Customer_1745,51,Male,Unknown,2024-02-25
C01746,Customer_1746,63,Female,Mumbai,2024-03-21
C01747,Customer_1747,51,Female,Gurgaon,2025-05-28
C01748,Customer_1748,46,Male,Hyderabad,2023-05-16
C01749,Customer_1749,21,Female,Noida,2023-02-02
C01750,Customer_1750,34,Female,Mumbai,2024-10-08
C01751,Customer_1751,52,Male,Hyderabad,2023-10-05
C01752,Customer_1752,30,Female,Bangalore,2023-05-13
C01753,Customer_1753,58,Male,Chennai,2025-01-19
C01754,Customer_1754,56,Female,Meerut,2023-05-06
C01755,Customer_1755,32,Female,Mumbai,2023-12-11
C01756,Customer_1756,46,Female,Unknown,2023-01-17
C01757,Customer_1757,46,Female,Meerut,2025-04-03
C01758,Customer_1758,28,Male,Noida,2024-07-15
C01759,Customer_1759,49,Female,Pune,2024-10-08
C01760,Customer_1760,19,Male,Mumbai,2024-09-21
C01761,Customer_1761,64,Male,Bangalore,2025-03-28
C01762,Customer_1762,31,Female,Meerut,2023-03-01
C01763,Customer_1763,37,Female,Meerut,2024-04-11
C01764,Customer_1764,39,Female,Hyderabad,2024-09-19
C01765,Customer_1765,28,Male,Delhi,2024-01-26
C01766,Customer_1766,44,Female,Hyderabad,2025-07-24
C01767,Customer_1767,20,Female,Bangalore,2024-11-15
C01768,Customer_1768,34,Male,Ghaziabad,2024-05-12
C01769,Customer_1769,61,Male,Chennai,2024-08-22
C01770,Customer_1770,45,Male,Mumbai,2024-03-24
C01771,Customer_1771,46,Male,Hyderabad,2024-11-10
C01772,Customer_1772,38,Other,Meerut,2023-05-10
C01773,Customer_1773,64,Female,Meerut,2023-05-29
C01774,Customer_1774,33,Female,Pune,2025-03-28
C01775,Customer_1775,54,Other,Mumbai,2025-08-05
C01776,Customer_1776,37,Male,Pune,2024-05-14
C01777,Customer_1777,23,Female,Chennai,2024-10-19
C01778,Customer_1778,36,Male,Noida,2025-11-19
C01779,Customer_1779,22,Female,Hyderabad,2024-07-30
C01780,Customer_1780,20,Male,Gurgaon,2025-11-13
C01781,Customer_1781,18,Female,Bangalore,2025-09-10
C01782,Customer_1782,55,Male,Bangalore,2024-12-23
C01783,Customer_1783,32,Male,Noida,2023-08-10
C01784,Customer_1784,51,Female,Mumbai,2024-08-24
C01785,Customer_1785,52,Male,Hyderabad,2024-11-14
C01786,Customer_1786,42,Female,Chennai,2025-01-11
C01787,Customer_1787,41,Male,Delhi,2025-07-13
C01788,Customer_1788,29,Female,Pune,2024-08-02
C01789,Customer_1789,35,Male,Noida,2024-02-05
C01790,Customer_1790,32,Male,Delhi,2025-06-19
C01791,Customer_1791,61,Male,Pune,2024-05-26
C01792,Customer_1792,33,Male,Noida,2023-03-29
C01793,Customer_1793,44,Male,Bangalore,2023-02-19
C01794,Customer_1794,25,Male,Bangalore,2023-04-13
C01795,Customer_1795,63,Male,Meerut,2024-01-03
C01796,Customer_1796,42,Male,Pune,2025-07-24
C01797,Customer_1797,34,Female,Gurgaon,2025-06-16
C01798,Customer_1798,46,Female,Chennai,2025-06-27
C01799,Customer_1799,25,Male,Ghaziabad,2023-09-15
C01800,Customer_1800,32,Female,Mumbai,2024-01-25
C01801,Customer_1801,44,Female,Mumbai,2025-02-11
C01802,Customer_1802,63,Male,Pune,2025-01-23
C01803,Customer_1803,24,Female,Noida,2024-01-29
C01804,Customer_1804,20,Male,Noida,2024-11-13
C01805,Customer_1805,46,Female,Ghaziabad,2023-09-27
C01806,Customer_1806,61,Male,Chennai,2023-05-29
C01807,Customer_1807,41,Female,Hyderabad,2025-03-21
C01808,Customer_1808,20,Female,Chennai,2023-01-28
C01809,Customer_1809,37,Male,Hyderabad,2023-10-07
C01810,Customer_1810,63,Male,Ghaziabad,2023-06-15
C01811,Customer_1811,32,Other,Hyderabad,2023-01-17
C01812,Customer_1812,42,Male,Gurgaon,2023-12-05
C01813,Customer_1813,47,Female,Meerut,2025-12-04
C01814,Customer_1814,31,Female,Chennai,2025-04-21
C01815,Customer_1815,24,Female,Hyderabad,2023-07-08
C01816,Customer_1816,34,Female,Bangalore,2024-10-12
C01817,Customer_1817,61,Female,Gurgaon,2025-12-20
C01818,Customer_1818,37,Female,Chennai,2023-10-21
C01819,Customer_1819,53,Male,Hyderabad,2025-11-22
C01820,Customer_1820,26,Male,Bangalore,2024-02-19
C01821,Customer_1821,55,Male,Ghaziabad,2025-03-13
C01822,Customer_1822,39,Other,Ghaziabad,2024-03-06
C01823,Customer_1823,19,Female,Pune,2025-11-12
C01824,Customer_1824,41,Male,Mumbai,2024-05-01
C01825,Customer_1825,25,Female,Delhi,2023-03-30
C01826,Customer_1826,28,Female,Bangalore,2023-09-28
C01827,Customer_1827,30,Male,Pune,2025-06-18
C01828,Customer_1828,34,Female,Gurgaon,2023-10-05
C01829,Customer_1829,25,Male,Hyderabad,2023-07-25
C01830,Customer_1830,38,Female,Chennai,2025-07-01
C01831,Customer_1831,35,Male,Noida,2023-11-24
C01832,Customer_1832,47,Female,Bangalore,2025-05-07
C01833,Customer_1833,35,Female,Delhi,2025-05-26
C01834,Customer_1834,63,Male,Noida,2025-05-11
C01835,Customer_1835,64,Other,Meerut,2023-12-02
C01836,Customer_1836,48,Female,Delhi,2024-08-28
C01837,Customer_1837,55,Male,Pune,2024-08-14
C01838,Customer_1838,49,Male,Delhi,2025-11-27
C01839,Customer_1839,28,Female,Hyderabad,2025-10-10
C01840,Customer_1840,62,Male,Chennai,2024-12-08
C01841,Customer_1841,42,Male,Gurgaon,2025-09-04
C01842,Customer_1842,50,Male,Noida,2024-02-29
C01843,Customer_1843,55,Male,Delhi,2024-08-09
C01844,Customer_1844,58,Female,Hyderabad,2025-03-16
C01845,Customer_1845,25,Male,Ghaziabad,2024-12-20
C01846,Customer_1846,28,Male,Delhi,2025-08-06
C01847,Customer_1847,39,Male,Delhi,2024-10-16
C01848,Customer_1848,41,Male,Mumbai,2024-04-18
C01849,Customer_1849,58,Female,Noida,2024-07-21
C01850,Customer_1850,34,Male,Mumbai,2023-07-30
C01851,Customer_1851,29,Other,Mumbai,2025-12-17
C01852,Customer_1852,63,Female,Chennai,2023-08-03
C01853,Customer_1853,49,Male,Hyderabad,2025-06-18
C01854,Customer_1854,32,Female,Mumbai,2024-04-11
C01855,Customer_1855,33,Male,Delhi,2023-12-20
C01856,Customer_1856,39,Female,Pune,2025-11-08
C01857,Customer_1857,45,Other,Pune,2024-09-16
C01858,Customer_1858,37,Male,Ghaziabad,2024-01-07
C01859,Customer_1859,50,Male,Pune,2023-07-03
C01860,Customer_1860,27,Female,Ghaziabad,2024-11-04
C01861,Customer_1861,57,Male,Pune,2025-01-24
C01862,Customer_1862,49,Male,Meerut,2023-11-18
C01863,Customer_1863,50,Male,Ghaziabad,2024-03-10
C01864,Customer_1864,19,Male,Bangalore,2025-12-02
C01865,Customer_1865,50,Female,Noida,2023-10-20
C01866,Customer_1866,50,Male,Noida,2024-11-18
C01867,Customer_1867,58,Male,Noida,2025-06-06
C01868,Customer_1868,30,Female,Hyderabad,2023-03-10
C01869,Customer_1869,47,Male,Chennai,2023-02-25
C01870,Customer_1870,50,Male,Gurgaon,2024-09-22
C01871,Customer_1871,30,Female,Chennai,2024-02-24
C01872,Customer_1872,43,Male,Ghaziabad,2024-07-20
C01873,Customer_1873,39,Female,Chennai,2024-07-03
C01874,Customer_1874,56,Female,Pune,2023-08-31
C01875,Customer_1875,19,Male,Ghaziabad,2025-01-17
C01876,Customer_1876,55,Female,Chennai,2024-06-10
C01877,Customer_1877,56,Male,Chennai,2023-03-18
C01878,Customer_1878,43,Male,Mumbai,2024-03-15
C01879,Customer_1879,63,Female,Meerut,2025-12-14
C01880,Customer_1880,32,Female,Hyderabad,2024-05-30
C01881,Customer_1881,51,Male,Ghaziabad,2024-09-06
C01882,Customer_1882,59,Female,Gurgaon,2025-10-27
C01883,Customer_1883,61,Female,Noida,2024-11-06
C01884,Customer_1884,57,Other,Delhi,2024-02-24
C01885,Customer_1885,28,Female,Bangalore,2023-10-03
C01886,Customer_1886,20,Male,Chennai,2024-08-30
C01887,Customer_1887,23,Male,Noida,2024-07-24
C01888,Customer_1888,26,Female,Pune,2023-03-31
C01889,Customer_1889,23,Male,Bangalore,2023-10-09
C01890,Customer_1890,26,Female,Meerut,2024-09-29
C01891,Customer_1891,56,Male,Noida,2025-03-21
C01892,Customer_1892,48,Male,Mumbai,2025-05-17
C01893,Customer_1893,49,Male,Noida,2024-04-06
C01894,Customer_1894,58,Other,Meerut,2025-01-19
C01895,Customer_1895,29,Male,Noida,2023-10-28
C01896,Customer_1896,25,Female,Chennai,2024-08-22
C01897,Customer_1897,25,Male,Noida,2024-06-12
C01898,Customer_1898,45,Male,Mumbai,2023-05-20
C01899,Customer_1899,37,Male,Hyderabad,2023-10-05
C01900,Customer_1900,64,Female,Meerut,2024-10-24
C01901,Customer_1901,24,Male,Mumbai,2024-05-25
C01902,Customer_1902,28,Male,Ghaziabad,2023-04-24
C01903,Customer_1903,37,Male,Noida,2024-08-02
C01904,Customer_1904,33,Male,Gurgaon,2024-11-21
C01905,Customer_1905,21,Other,Noida,2024-09-28
C01906,Customer_1906,23,Female,Meerut,2025-04-02
C01907,Customer_1907,39,Male,Bangalore,2025-05-24
C01908,Customer_1908,43,Female,Unknown,2025-07-28
C01909,Customer_1909,20,Female,Gurgaon,2025-07-30
C01910,Customer_1910,58,Male,Ghaziabad,2023-12-24
C01911,Customer_1911,59,Female,Pune,2023-01-03
C01912,Customer_1912,31,Female,Ghaziabad,2024-02-08
C01913,Customer_1913,28,Male,Mumbai,2023-01-25
C01914,Customer_1914,35,Male,Bangalore,2024-05-23
C01915,Customer_1915,29,Other,Mumbai,2024-11-26
C01916,Customer_1916,40,Female,Delhi,2023-03-02
C01917,Customer_1917,29,Male,Gurgaon,2023-05-03
C01918,Customer_1918,30,Male,Bangalore,2023-02-24
C01919,Customer_1919,42,Male,Gurgaon,2025-08-31
C01920,Customer_1920,62,Female,Mumbai,2025-11-28
C01921,Customer_1921,36,Female,Hyderabad,2024-06-29
C01922,Customer_1922,63,Other,Gurgaon,2023-04-23
C01923,Customer_1923,53,Male,Delhi,2024-02-29
C01924,Customer_1924,62,Female,Chennai,2025-07-06
C01925,Customer_1925,25,Female,Bangalore,2023-08-18
C01926,Customer_1926,46,Male,Delhi,2025-07-05
C01927,Customer_1927,49,Male,Delhi,2023-06-04
C01928,Customer_1928,61,Other,Pune,2023-06-14
C01929,Customer_1929,35,Female,Hyderabad,2025-08-19
C01930,Customer_1930,23,Female,Noida,2024-10-10
C01931,Customer_1931,35,Female,Hyderabad,2025-07-26
C01932,Customer_1932,36,Male,Meerut,2024-05-26
C01933,Customer_1933,39,Female,Pune,2025-07-20
C01934,Customer_1934,54,Female,Mumbai,2023-09-23
C01935,Customer_1935,49,Female,Mumbai,2023-07-06
C01936,Customer_1936,58,Other,Ghaziabad,2025-11-29
C01937,Customer_1937,20,Female,Noida,2024-01-26
C01938,Customer_1938,45,Male,Meerut,2024-10-16
C01939,Customer_1939,27,Female,Gurgaon,2023-06-25
C01940,Customer_1940,52,Male,Hyderabad,2025-02-12
C01941,Customer_1941,46,Male,Bangalore,2025-02-02
C01942,Customer_1942,32,Male,Delhi,2025-07-19
C01943,Customer_1943,50,Male,Gurgaon,2024-12-11
C01944,Customer_1944,24,Female,Ghaziabad,2025-04-05
C01945,Customer_1945,29,Female,Hyderabad,2024-08-11
C01946,Customer_1946,47,Female,Bangalore,2024-06-14
C01947,Customer_1947,38,Female,Ghaziabad,2025-12-21
C01948,Customer_1948,48,Male,Delhi,2023-10-08
C01949,Customer_1949,41,Female,Pune,2023-08-15
C01950,Customer_1950,37,Male,Noida,2024-09-30
C01951,Customer_1951,54,Male,Pune,2025-12-17
C01952,Customer_1952,21,Female,Bangalore,2025-07-09
C01953,Customer_1953,45,Male,Pune,2024-04-21
C01954,Customer_1954,61,Male,Bangalore,2024-12-16
C01955,Customer_1955,37,Female,Meerut,2023-08-31
C01956,Customer_1956,41,Female,Meerut,2024-01-02
C01957,Customer_1957,49,Male,Chennai,2025-07-24
C01958,Customer_1958,58,Other,Chennai,2025-04-17
C01959,Customer_1959,53,Female,Pune,2025-06-24
C01960,Customer_1960,51,Female,Mumbai,2024-01-11
C01961,Customer_1961,53,Male,Pune,2024-12-11
C01962,Customer_1962,19,Female,Pune,2023-12-09
C01963,Customer_1963,32,Female,Unknown,2023-08-28
C01964,Customer_1964,51,Female,Noida,2023-05-19
C01965,Customer_1965,53,Female,Hyderabad,2024-02-24
C01966,Customer_1966,23,Male,Mumbai,2023-10-31
C01967,Customer_1967,56,Male,Bangalore,2023-04-25
C01968,Customer_1968,59,Male,Hyderabad,2023-12-09
C01969,Customer_1969,29,Male,Delhi,2023-01-07
C01970,Customer_1970,20,Female,Noida,2024-12-31
C01971,Customer_1971,62,Male,Delhi,2023-06-28
C01972,Customer_1972,35,Other,Chennai,2024-02-20
C01973,Customer_1973,57,Female,Gurgaon,2024-10-27
C01974,Customer_1974,38,Male,Meerut,2023-05-30
C01975,Customer_1975,32,Male,Delhi,2024-02-01
C01976,Customer_1976,50,Female,Ghaziabad,2024-01-16
C01977,Customer_1977,52,Other,Pune,2025-04-18
C01978,Customer_1978,43,Male,Bangalore,2023-01-01
C01979,Customer_1979,25,Male,Delhi,2023-09-01
C01980,Customer_1980,53,Female,Delhi,2025-05-28
C01981,Customer_1981,47,Female,Gurgaon,2025-01-29
C01982,Customer_1982,40,Male,Chennai,2025-08-11
C01983,Customer_1983,59,Female,Pune,2025-09-03
C01984,Customer_1984,61,Male,Pune,2023-01-01
C01985,Customer_1985,31,Male,Gurgaon,2024-07-06
C01986,Customer_1986,31,Male,Mumbai,2024-04-26
C01987,Customer_1987,19,Male,Gurgaon,2024-08-22
C01988,Customer_1988,54,Male,Ghaziabad,2025-02-01
C01989,Customer_1989,22,Female,Hyderabad,2023-12-01
C01990,Customer_1990,55,Male,Ghaziabad,2024-04-09
C01991,Customer_1991,62,Male,Gurgaon,2024-08-05
C01992,Customer_1992,58,Male,Meerut,2023-05-17
C01993,Customer_1993,64,Other,Mumbai,2025-09-30
C01994,Customer_1994,31,Male,Meerut,2025-08-07
C01995,Customer_1995,56,Male,Ghaziabad,2024-11-17
C01996,Customer_1996,42,Female,Pune,2023-06-16
C01997,Customer_1997,37,Other,Ghaziabad,2025-06-28
C01998,Customer_1998,19,Male,Noida,2025-05-29
C01999,Customer_1999,56,Female,Chennai,2025-04-21
C02000,Customer_2000,23,Female,Bangalore,2023-03-06
C02001,Customer_2001,34,Female,Noida,2025-12-26
C02002,Customer_2002,42,Male,Gurgaon,2024-03-08
C02003,Customer_2003,45,Female,Delhi,2025-12-09
C02004,Customer_2004,19,Male,Meerut,2023-04-25
C02005,Customer_2005,52,Female,Hyderabad,2024-07-22
C02006,Customer_2006,54,Female,Noida,2024-10-03
C02007,Customer_2007,22,Male,Mumbai,2024-05-09
C02008,Customer_2008,18,Female,Meerut,2025-07-29
C02009,Customer_2009,57,Male,Noida,2025-08-25
C02010,Customer_2010,29,Female,Pune,2025-04-01
C02011,Customer_2011,53,Male,Bangalore,2023-07-21
C02012,Customer_2012,62,Male,Ghaziabad,2024-10-10
C02013,Customer_2013,40,Male,Ghaziabad,2024-07-13
C02014,Customer_2014,64,Female,Noida,2025-11-07
C02015,Customer_2015,48,Male,Gurgaon,2024-04-22
C02016,Customer_2016,28,Male,Mumbai,2024-05-02
C02017,Customer_2017,27,Male,Gurgaon,2025-09-09
C02018,Customer_2018,20,Female,Meerut,2025-02-17
C02019,Customer_2019,31,Female,Chennai,2023-12-06
C02020,Customer_2020,33,Male,Bangalore,2024-09-03
C02021,Customer_2021,27,Male,Bangalore,2023-04-26
C02022,Customer_2022,46,Male,Ghaziabad,2023-03-15
C02023,Customer_2023,27,Male,Bangalore,2023-04-26
C02024,Customer_2024,29,Male,Gurgaon,2023-05-06
C02025,Customer_2025,47,Female,Mumbai,2024-10-18
C02026,Customer_2026,58,Male,Mumbai,2024-10-25
C02027,Customer_2027,18,Male,Ghaziabad,2025-09-17
C02028,Customer_2028,22,Male,Noida,2025-10-14
C02029,Customer_2029,37,Other,Mumbai,2025-05-08
C02030,Customer_2030,25,Female,Gurgaon,2023-03-26
C02031,Customer_2031,60,Female,Delhi,2024-09-24
C02032,Customer_2032,29,Male,Noida,2024-03-26
C02033,Customer_2033,18,Male,Chennai,2024-06-01
C02034,Customer_2034,37,Male,Hyderabad,2025-04-25
C02035,Customer_2035,45,Male,Pune,2024-11-25
C02036,Customer_2036,60,Female,Bangalore,2024-07-03
C02037,Customer_2037,54,Female,Bangalore,2025-07-17
C02038,Customer_2038,64,Female,Delhi,2023-04-26
C02039,Customer_2039,54,Female,Noida,2025-10-28
C02040,Customer_2040,29,Male,Ghaziabad,2024-02-08
C02041,Customer_2041,54,Female,Gurgaon,2023-10-31
C02042,Customer_2042,61,Male,Delhi,2025-01-09
C02043,Customer_2043,45,Male,Pune,2023-03-29
C02044,Customer_2044,64,Female,Mumbai,2025-10-30
C02045,Customer_2045,32,Male,Ghaziabad,2023-11-04
C02046,Customer_2046,23,Male,Hyderabad,2024-03-09
C02047,Customer_2047,61,Male,Ghaziabad,2025-03-12
C02048,Customer_2048,37,Female,Delhi,2023-06-13
C02049,Customer_2049,31,Female,Chennai,2025-09-22
C02050,Customer_2050,19,Male,Delhi,2024-10-17
C02051,Customer_2051,26,Female,Delhi,2023-01-18
C02052,Customer_2052,54,Male,Delhi,2025-12-30
C02053,Customer_2053,37,Male,Ghaziabad,2025-03-21
C02054,Customer_2054,43,Female,Delhi,2023-12-05
C02055,Customer_2055,46,Female,Noida,2023-09-05
C02056,Customer_2056,18,Other,Ghaziabad,2023-11-02
C02057,Customer_2057,52,Male,Mumbai,2023-07-23
C02058,Customer_2058,23,Female,Noida,2025-05-02
C02059,Customer_2059,54,Female,Pune,2024-03-22
C02060,Customer_2060,22,Female,Mumbai,2024-12-13
C02061,Customer_2061,50,Male,Hyderabad,2024-03-08
C02062,Customer_2062,31,Female,Bangalore,2025-04-01
C02063,Customer_2063,29,Female,Ghaziabad,2025-12-06
C02064,Customer_2064,59,Male,Bangalore,2024-05-19
C02065,Customer_2065,37,Male,Ghaziabad,2023-04-25
C02066,Customer_2066,41,Male,Mumbai,2025-09-21
C02067,Customer_2067,60,Female,Hyderabad,2023-08-11
C02068,Customer_2068,51,Female,Gurgaon,2024-09-27
C02069,Customer_2069,42,Female,Gurgaon,2024-11-02
C02070,Customer_2070,46,Female,Noida,2025-08-15
C02071,Customer_2071,56,Female,Delhi,2025-07-21
C02072,Customer_2072,48,Male,Delhi,2023-04-06
C02073,Customer_2073,64,Male,Gurgaon,2023-04-17
C02074,Customer_2074,60,Female,Mumbai,2024-09-23
C02075,Customer_2075,40,Male,Hyderabad,2024-11-28
C02076,Customer_2076,61,Male,Noida,2023-02-01
C02077,Customer_2077,55,Female,Mumbai,2023-03-07
C02078,Customer_2078,37,Male,Delhi,2025-02-17
C02079,Customer_2079,40,Male,Noida,2025-07-04
C02080,Customer_2080,62,Male,Bangalore,2024-07-02
C02081,Customer_2081,33,Male,Meerut,2023-07-20
C02082,Customer_2082,59,Female,Pune,2023-02-18
C02083,Customer_2083,25,Female,Noida,2025-02-25
C02084,Customer_2084,38,Female,Delhi,2025-08-08
C02085,Customer_2085,18,Male,Mumbai,2023-09-20
C02086,Customer_2086,25,Female,Bangalore,2023-12-10
C02087,Customer_2087,46,Female,Pune,2023-01-11
C02088,Customer_2088,49,Female,Pune,2023-07-20
C02089,Customer_2089,55,Male,Noida,2025-08-02
C02090,Customer_2090,22,Female,Pune,2025-07-14
C02091,Customer_2091,64,Female,Bangalore,2023-01-03
C02092,Customer_2092,39,Female,Hyderabad,2025-03-18
C02093,Customer_2093,64,Female,Mumbai,2024-07-13
C02094,Customer_2094,51,Male,Noida,2023-07-18
C02095,Customer_2095,18,Female,Pune,2023-04-19
C02096,Customer_2096,43,Male,Hyderabad,2023-04-18
C02097,Customer_2097,60,Female,Mumbai,2024-07-05
C02098,Customer_2098,27,Male,Ghaziabad,2025-08-30
C02099,Customer_2099,47,Male,Hyderabad,2023-02-21
C02100,Customer_2100,35,Male,Unknown,2023-04-22
C02101,Customer_2101,34,Female,Ghaziabad,2023-10-22
C02102,Customer_2102,43,Male,Hyderabad,2023-03-06
C02103,Customer_2103,25,Female,Pune,2024-07-27
C02104,Customer_2104,64,Female,Ghaziabad,2024-04-09
C02105,Customer_2105,57,Male,Pune,2023-09-15
C02106,Customer_2106,29,Male,Pune,2025-09-30
C02107,Customer_2107,44,Male,Mumbai,2024-09-25
C02108,Customer_2108,25,Female,Chennai,2023-07-29
C02109,Customer_2109,42,Female,Bangalore,2023-03-30
C02110,Customer_2110,63,Male,Pune,2023-01-28
C02111,Customer_2111,21,Male,Mumbai,2023-08-26
C02112,Customer_2112,50,Female,Meerut,2023-12-02
C02113,Customer_2113,18,Female,Ghaziabad,2023-03-04
C02114,Customer_2114,36,Female,Noida,2024-05-14
C02115,Customer_2115,48,Female,Pune,2025-03-01
C02116,Customer_2116,33,Male,Hyderabad,2024-08-14
C02117,Customer_2117,31,Male,Ghaziabad,2025-12-10
C02118,Customer_2118,22,Male,Ghaziabad,2023-10-28
C02119,Customer_2119,58,Male,Meerut,2023-08-17
C02120,Customer_2120,43,Male,Noida,2023-05-30
C02121,Customer_2121,45,Male,Mumbai,2024-06-10
C02122,Customer_2122,19,Male,Meerut,2023-11-29
C02123,Customer_2123,23,Female,Bangalore,2023-06-23
C02124,Customer_2124,26,Female,Ghaziabad,2023-03-02
C02125,Customer_2125,50,Female,Pune,2025-12-20
C02126,Customer_2126,58,Female,Pune,2025-03-29
C02127,Customer_2127,42,Male,Meerut,2024-06-07
C02128,Customer_2128,30,Female,Bangalore,2023-08-04
C02129,Customer_2129,26,Male,Gurgaon,2024-09-15
C02130,Customer_2130,30,Female,Delhi,2024-07-31
C02131,Customer_2131,48,Male,Hyderabad,2024-11-24
C02132,Customer_2132,58,Other,Hyderabad,2024-02-27
C02133,Customer_2133,28,Male,Gurgaon,2024-12-16
C02134,Customer_2134,21,Male,Ghaziabad,2025-01-23
C02135,Customer_2135,51,Female,Mumbai,2025-01-16
C02136,Customer_2136,55,Male,Noida,2024-11-18
C02137,Customer_2137,63,Female,Gurgaon,2024-12-23
C02138,Customer_2138,21,Female,Bangalore,2025-01-16
C02139,Customer_2139,55,Female,Unknown,2023-08-30
C02140,Customer_2140,36,Other,Delhi,2024-10-26
C02141,Customer_2141,23,Other,Ghaziabad,2024-12-08
C02142,Customer_2142,51,Male,Delhi,2024-03-10
C02143,Customer_2143,35,Female,Noida,2025-02-19
C02144,Customer_2144,30,Female,Pune,2024-04-28
C02145,Customer_2145,58,Female,Bangalore,2024-01-19
C02146,Customer_2146,40,Male,Hyderabad,2023-06-19
C02147,Customer_2147,36,Female,Noida,2025-10-17
C02148,Customer_2148,62,Other,Gurgaon,2025-08-07
C02149,Customer_2149,28,Female,Hyderabad,2025-05-18
C02150,Customer_2150,18,Male,Hyderabad,2023-11-19
C02151,Customer_2151,41,Male,Bangalore,2025-04-27
C02152,Customer_2152,24,Male,Gurgaon,2024-11-26
C02153,Customer_2153,42,Female,Meerut,2023-12-25
C02154,Customer_2154,38,Female,Noida,2023-02-01
C02155,Customer_2155,32,Male,Mumbai,2023-06-26
C02156,Customer_2156,18,Male,Chennai,2025-07-05
C02157,Customer_2157,29,Male,Pune,2023-03-06
C02158,Customer_2158,24,Male,Bangalore,2023-01-27
C02159,Customer_2159,32,Female,Pune,2023-09-25
C02160,Customer_2160,38,Female,Noida,2024-08-19
C02161,Customer_2161,36,Male,Gurgaon,2025-10-08
C02162,Customer_2162,46,Female,Mumbai,2023-03-07
C02163,Customer_2163,42,Male,Chennai,2023-05-13
C02164,Customer_2164,50,Other,Delhi,2025-07-04
C02165,Customer_2165,49,Male,Mumbai,2023-03-23
C02166,Customer_2166,52,Male,Bangalore,2025-09-08
C02167,Customer_2167,61,Male,Pune,2024-08-07
C02168,Customer_2168,55,Female,Mumbai,2023-11-23
C02169,Customer_2169,43,Female,Ghaziabad,2024-06-25
C02170,Customer_2170,28,Female,Gurgaon,2023-07-29
C02171,Customer_2171,52,Male,Gurgaon,2023-05-13
C02172,Customer_2172,25,Male,Ghaziabad,2023-06-06
C02173,Customer_2173,63,Male,Hyderabad,2025-05-24
C02174,Customer_2174,31,Female,Hyderabad,2024-01-17
C02175,Customer_2175,27,Male,Noida,2025-11-11
C02176,Customer_2176,19,Female,Meerut,2025-08-31
C02177,Customer_2177,63,Female,Delhi,2024-08-17
C02178,Customer_2178,26,Female,Ghaziabad,2024-04-16
C02179,Customer_2179,20,Male,Noida,2023-08-22
C02180,Customer_2180,38,Male,Pune,2024-07-25
C02181,Customer_2181,43,Male,Ghaziabad,2025-02-09
C02182,Customer_2182,25,Female,Meerut,2023-10-28
C02183,Customer_2183,19,Female,Ghaziabad,2023-11-02
C02184,Customer_2184,23,Male,Meerut,2023-01-02
C02185,Customer_2185,45,Male,Meerut,2023-09-28
C02186,Customer_2186,46,Female,Meerut,2024-02-25
C02187,Customer_2187,43,Female,Gurgaon,2024-11-30
C02188,Customer_2188,42,Male,Mumbai,2025-05-13
C02189,Customer_2189,29,Female,Gurgaon,2025-08-17
C02190,Customer_2190,22,Male,Noida,2025-09-20
C02191,Customer_2191,51,Male,Gurgaon,2025-10-06
C02192,Customer_2192,54,Female,Gurgaon,2025-05-28
C02193,Customer_2193,32,Female,Pune,2024-11-22
C02194,Customer_2194,61,Female,Ghaziabad,2025-05-16
C02195,Customer_2195,53,Male,Gurgaon,2025-11-26
C02196,Customer_2196,32,Female,Chennai,2023-04-17
C02197,Customer_2197,60,Male,Meerut,2023-10-08
C02198,Customer_2198,40,Male,Ghaziabad,2024-07-02
C02199,Customer_2199,23,Female,Hyderabad,2024-07-05
C02200,Customer_2200,63,Male,Pune,2023-07-07
C02201,Customer_2201,61,Female,Mumbai,2025-01-21
C02202,Customer_2202,60,Female,Pune,2025-05-19
C02203,Customer_2203,62,Male,Meerut,2023-01-19
C02204,Customer_2204,38,Male,Ghaziabad,2025-05-08
C02205,Customer_2205,40,Male,Mumbai,2025-09-11
C02206,Customer_2206,60,Male,Delhi,2024-02-14
C02207,Customer_2207,33,Female,Bangalore,2024-04-28
C02208,Customer_2208,64,Female,Pune,2024-09-15
C02209,Customer_2209,32,Male,Mumbai,2024-10-17
C02210,Customer_2210,42,Male,Noida,2025-02-06
C02211,Customer_2211,53,Female,Mumbai,2023-01-18
C02212,Customer_2212,28,Female,Bangalore,2023-07-03
C02213,Customer_2213,32,Male,Meerut,2024-02-09
C02214,Customer_2214,21,Male,Ghaziabad,2025-03-09
C02215,Customer_2215,38,Female,Delhi,2024-04-23
C02216,Customer_2216,30,Male,Unknown,2023-01-08
C02217,Customer_2217,39,Male,Mumbai,2024-12-05
C02218,Customer_2218,36,Female,Chennai,2024-06-14
C02219,Customer_2219,51,Female,Gurgaon,2025-07-01
C02220,Customer_2220,31,Female,Meerut,2024-11-19
C02221,Customer_2221,21,Female,Pune,2025-10-31
C02222,Customer_2222,63,Female,Pune,2024-07-06
C02223,Customer_2223,44,Male,Bangalore,2024-03-21
C02224,Customer_2224,46,Male,Meerut,2024-12-06
C02225,Customer_2225,64,Male,Noida,2023-07-15
C02226,Customer_2226,45,Male,Hyderabad,2025-05-09
C02227,Customer_2227,52,Female,Delhi,2024-09-19
C02228,Customer_2228,25,Female,Noida,2025-09-07
C02229,Customer_2229,33,Other,Delhi,2024-09-21
C02230,Customer_2230,59,Female,Ghaziabad,2023-02-13
C02231,Customer_2231,53,Male,Ghaziabad,2024-05-03
C02232,Customer_2232,47,Male,Meerut,2023-06-30
C02233,Customer_2233,35,Female,Meerut,2024-01-09
C02234,Customer_2234,19,Female,Pune,2024-09-19
C02235,Customer_2235,30,Female,Gurgaon,2025-08-14
C02236,Customer_2236,21,Female,Bangalore,2023-03-08
C02237,Customer_2237,43,Female,Gurgaon,2025-02-17
C02238,Customer_2238,42,Female,Noida,2024-10-12
C02239,Customer_2239,47,Male,Pune,2023-12-07
C02240,Customer_2240,28,Female,Delhi,2025-06-21
C02241,Customer_2241,24,Female,Hyderabad,2024-02-02
C02242,Customer_2242,48,Male,Mumbai,2024-12-03
C02243,Customer_2243,61,Female,Chennai,2023-04-07
C02244,Customer_2244,27,Male,Ghaziabad,2024-03-24
C02245,Customer_2245,56,Female,Gurgaon,2023-03-18
C02246,Customer_2246,30,Male,Bangalore,2025-06-14
C02247,Customer_2247,48,Female,Hyderabad,2024-07-02
C02248,Customer_2248,24,Male,Hyderabad,2025-03-08
C02249,Customer_2249,59,Female,Ghaziabad,2025-03-25
C02250,Customer_2250,59,Male,Chennai,2025-10-18
C02251,Customer_2251,53,Male,Meerut,2023-05-15
C02252,Customer_2252,37,Female,Hyderabad,2024-10-15
C02253,Customer_2253,21,Female,Noida,2024-10-07
C02254,Customer_2254,24,Male,Noida,2024-12-20
C02255,Customer_2255,18,Male,Meerut,2024-09-04
C02256,Customer_2256,61,Female,Delhi,2024-04-28
C02257,Customer_2257,62,Female,Pune,2025-12-05
C02258,Customer_2258,59,Female,Meerut,2024-10-09
C02259,Customer_2259,64,Male,Chennai,2025-03-02
C02260,Customer_2260,30,Female,Noida,2024-08-01
C02261,Customer_2261,39,Male,Hyderabad,2025-10-24
C02262,Customer_2262,38,Male,Noida,2023-01-01
C02263,Customer_2263,39,Female,Mumbai,2023-04-19
C02264,Customer_2264,45,Female,Pune,2024-04-04
C02265,Customer_2265,26,Female,Bangalore,2023-09-23
C02266,Customer_2266,43,Male,Mumbai,2023-02-13
C02267,Customer_2267,26,Male,Delhi,2025-06-04
C02268,Customer_2268,32,Male,Ghaziabad,2025-08-01
C02269,Customer_2269,27,Other,Mumbai,2025-09-09
C02270,Customer_2270,41,Male,Delhi,2023-09-19
C02271,Customer_2271,59,Male,Delhi,2024-12-28
C02272,Customer_2272,25,Male,Bangalore,2024-09-24
C02273,Customer_2273,41,Female,Ghaziabad,2023-06-01
C02274,Customer_2274,33,Male,Gurgaon,2023-08-01
C02275,Customer_2275,43,Female,Meerut,2025-10-12
C02276,Customer_2276,44,Male,Hyderabad,2025-05-12
C02277,Customer_2277,54,Female,Chennai,2024-09-14
C02278,Customer_2278,21,Male,Chennai,2023-12-27
C02279,Customer_2279,41,Female,Chennai,2023-11-16
C02280,Customer_2280,36,Female,Gurgaon,2023-08-10
C02281,Customer_2281,53,Male,Meerut,2023-07-29
C02282,Customer_2282,56,Other,Chennai,2025-07-19
C02283,Customer_2283,27,Male,Meerut,2024-05-03
C02284,Customer_2284,42,Female,Hyderabad,2024-08-23
C02285,Customer_2285,35,Female,Chennai,2025-02-12
C02286,Customer_2286,36,Male,Ghaziabad,2025-05-27
C02287,Customer_2287,53,Male,Delhi,2024-11-30
C02288,Customer_2288,27,Male,Chennai,2024-03-27
C02289,Customer_2289,50,Male,Meerut,2024-02-17
C02290,Customer_2290,22,Male,Delhi,2024-04-20
C02291,Customer_2291,64,Male,Bangalore,2023-09-13
C02292,Customer_2292,52,Male,Chennai,2023-05-07
C02293,Customer_2293,61,Female,Chennai,2024-01-27
C02294,Customer_2294,51,Male,Mumbai,2024-04-24
C02295,Customer_2295,50,Male,Delhi,2025-09-19
C02296,Customer_2296,38,Female,Chennai,2025-07-11
C02297,Customer_2297,34,Male,Ghaziabad,2024-02-06
C02298,Customer_2298,39,Male,Hyderabad,2023-10-01
C02299,Customer_2299,54,Male,Delhi,2025-04-24
C02300,Customer_2300,32,Female,Hyderabad,2023-05-19
C02301,Customer_2301,52,Female,Pune,2023-04-13
C02302,Customer_2302,45,Male,Meerut,2024-04-28
C02303,Customer_2303,24,Female,Bangalore,2024-06-12
C02304,Customer_2304,49,Female,Mumbai,2023-08-12
C02305,Customer_2305,28,Female,Ghaziabad,2023-04-24
C02306,Customer_2306,27,Female,Bangalore,2024-10-05
C02307,Customer_2307,26,Female,Mumbai,2024-10-12
C02308,Customer_2308,31,Male,Bangalore,2024-04-02
C02309,Customer_2309,30,Male,Bangalore,2024-01-10
C02310,Customer_2310,42,Male,Noida,2024-09-02
C02311,Customer_2311,19,Female,Meerut,2023-07-26
C02312,Customer_2312,52,Female,Gurgaon,2025-07-05
C02313,Customer_2313,24,Female,Mumbai,2023-11-17
C02314,Customer_2314,38,Other,Ghaziabad,2023-04-03
C02315,Customer_2315,35,Male,Delhi,2025-05-21
C02316,Customer_2316,20,Female,Bangalore,2023-04-09
C02317,Customer_2317,59,Female,Bangalore,2023-08-13
C02318,Customer_2318,56,Other,Mumbai,2025-05-01
C02319,Customer_2319,58,Other,Pune,2024-03-16
C02320,Customer_2320,28,Female,Gurgaon,2024-12-20
C02321,Customer_2321,56,Male,Bangalore,2024-08-07
C02322,Customer_2322,41,Female,Chennai,2023-03-05
C02323,Customer_2323,63,Male,Noida,2025-02-06
C02324,Customer_2324,36,Female,Hyderabad,2024-07-13
C02325,Customer_2325,21,Female,Noida,2024-10-31
C02326,Customer_2326,43,Male,Gurgaon,2024-01-03
C02327,Customer_2327,55,Female,Chennai,2025-01-13
C02328,Customer_2328,59,Male,Noida,2024-09-09
C02329,Customer_2329,49,Male,Hyderabad,2025-10-02
C02330,Customer_2330,56,Male,Delhi,2025-12-19
C02331,Customer_2331,62,Female,Meerut,2024-05-14
C02332,Customer_2332,63,Female,Delhi,2025-10-03
C02333,Customer_2333,53,Female,Meerut,2024-02-15
C02334,Customer_2334,57,Male,Pune,2025-10-14
C02335,Customer_2335,54,Female,Pune,2024-04-08
C02336,Customer_2336,50,Female,Pune,2024-12-02
C02337,Customer_2337,53,Male,Noida,2023-06-12
C02338,Customer_2338,20,Male,Pune,2023-03-01
C02339,Customer_2339,26,Male,Meerut,2025-11-20
C02340,Customer_2340,25,Female,Delhi,2023-11-29
C02341,Customer_2341,50,Female,Mumbai,2023-03-17
C02342,Customer_2342,23,Female,Bangalore,2023-11-13
C02343,Customer_2343,58,Male,Meerut,2023-07-09
C02344,Customer_2344,56,Female,Delhi,2023-10-23
C02345,Customer_2345,21,Male,Delhi,2024-05-15
C02346,Customer_2346,30,Male,Bangalore,2023-06-26
C02347,Customer_2347,19,Female,Chennai,2025-03-10
C02348,Customer_2348,22,Male,Mumbai,2025-03-16
C02349,Customer_2349,61,Female,Chennai,2025-05-09
C02350,Customer_2350,44,Male,Chennai,2023-08-03
C02351,Customer_2351,49,Female,Delhi,2024-10-14
C02352,Customer_2352,38,Male,Hyderabad,2024-08-19
C02353,Customer_2353,25,Female,Ghaziabad,2023-05-08
C02354,Customer_2354,55,Male,Meerut,2024-07-04
C02355,Customer_2355,25,Male,Noida,2024-09-10
C02356,Customer_2356,20,Female,Chennai,2023-12-14
C02357,Customer_2357,61,Male,Pune,2023-05-22
C02358,Customer_2358,20,Female,Noida,2025-03-02
C02359,Customer_2359,39,Other,Gurgaon,2023-09-02
C02360,Customer_2360,23,Male,Hyderabad,2024-12-03
C02361,Customer_2361,19,Male,Noida,2023-08-02
C02362,Customer_2362,40,Female,Bangalore,2023-07-19
C02363,Customer_2363,61,Other,Ghaziabad,2024-02-09
C02364,Customer_2364,19,Female,Mumbai,2024-02-25
C02365,Customer_2365,55,Female,Bangalore,2023-01-07
C02366,Customer_2366,34,Female,Chennai,2024-08-14
C02367,Customer_2367,52,Male,Hyderabad,2023-10-13
C02368,Customer_2368,51,Other,Hyderabad,2024-11-01
C02369,Customer_2369,40,Other,Chennai,2024-01-24
C02370,Customer_2370,47,Male,Ghaziabad,2024-02-20
C02371,Customer_2371,25,Male,Delhi,2025-02-22
C02372,Customer_2372,39,Male,Noida,2025-10-03
C02373,Customer_2373,61,Male,Pune,2025-10-11
C02374,Customer_2374,53,Female,Chennai,2024-03-03
C02375,Customer_2375,22,Male,Pune,2025-10-01
C02376,Customer_2376,30,Male,Noida,2023-11-30
C02377,Customer_2377,46,Male,Ghaziabad,2023-09-29
C02378,Customer_2378,48,Other,Unknown,2025-12-02
C02379,Customer_2379,64,Female,Mumbai,2023-11-15
C02380,Customer_2380,33,Male,Ghaziabad,2024-06-10
C02381,Customer_2381,59,Male,Pune,2025-01-29
C02382,Customer_2382,47,Other,Hyderabad,2023-11-17
C02383,Customer_2383,33,Female,Hyderabad,2025-01-08
C02384,Customer_2384,29,Male,Gurgaon,2025-12-03
C02385,Customer_2385,34,Male,Meerut,2024-03-29
C02386,Customer_2386,33,Male,Bangalore,2025-01-15
C02387,Customer_2387,29,Male,Bangalore,2025-07-17
C02388,Customer_2388,25,Female,Chennai,2025-04-27
C02389,Customer_2389,37,Female,Pune,2025-05-17
C02390,Customer_2390,20,Female,Bangalore,2025-02-12
C02391,Customer_2391,33,Female,Bangalore,2023-03-24
C02392,Customer_2392,47,Male,Ghaziabad,2024-06-26
C02393,Customer_2393,62,Female,Mumbai,2023-11-18
C02394,Customer_2394,40,Female,Pune,2025-02-24
C02395,Customer_2395,45,Male,Gurgaon,2024-06-23
C02396,Customer_2396,57,Male,Mumbai,2023-09-09
C02397,Customer_2397,22,Female,Gurgaon,2025-04-15
C02398,Customer_2398,37,Male,Pune,2024-03-24
C02399,Customer_2399,57,Male,Delhi,2024-05-04
C02400,Customer_2400,61,Female,Delhi,2024-04-08
C02401,Customer_2401,18,Other,Bangalore,2023-11-10
C02402,Customer_2402,47,Male,Chennai,2024-01-20
C02403,Customer_2403,38,Female,Hyderabad,2023-10-22
C02404,Customer_2404,37,Male,Ghaziabad,2025-09-12
C02405,Customer_2405,23,Female,Bangalore,2025-01-31
C02406,Customer_2406,39,Female,Meerut,2025-02-07
C02407,Customer_2407,35,Female,Delhi,2023-12-10
C02408,Customer_2408,25,Male,Bangalore,2023-05-22
C02409,Customer_2409,56,Female,Hyderabad,2024-12-18
C02410,Customer_2410,49,Female,Gurgaon,2024-02-10
C02411,Customer_2411,50,Male,Gurgaon,2023-08-16
C02412,Customer_2412,33,Male,Noida,2024-02-15
C02413,Customer_2413,29,Male,Ghaziabad,2025-08-09
C02414,Customer_2414,55,Male,Unknown,2025-06-16
C02415,Customer_2415,51,Female,Gurgaon,2024-11-21
C02416,Customer_2416,31,Male,Noida,2025-05-27
C02417,Customer_2417,53,Male,Delhi,2025-02-25
C02418,Customer_2418,50,Female,Gurgaon,2023-03-03
C02419,Customer_2419,40,Male,Chennai,2025-05-28
C02420,Customer_2420,62,Female,Bangalore,2023-12-22
C02421,Customer_2421,19,Male,Hyderabad,2023-03-12
C02422,Customer_2422,58,Female,Meerut,2023-09-20
C02423,Customer_2423,38,Female,Gurgaon,2023-11-02
C02424,Customer_2424,19,Female,Meerut,2024-07-11
C02425,Customer_2425,44,Male,Meerut,2025-01-31
C02426,Customer_2426,26,Female,Meerut,2024-08-10
C02427,Customer_2427,18,Male,Mumbai,2023-03-15
C02428,Customer_2428,28,Male,Meerut,2023-05-22
C02429,Customer_2429,20,Male,Mumbai,2023-04-12
C02430,Customer_2430,40,Female,Hyderabad,2025-12-24
C02431,Customer_2431,43,Male,Meerut,2023-07-12
C02432,Customer_2432,21,Female,Noida,2025-08-10
C02433,Customer_2433,35,Male,Meerut,2025-12-21
C02434,Customer_2434,23,Male,Pune,2024-02-14
C02435,Customer_2435,52,Female,Ghaziabad,2023-10-27
C02436,Customer_2436,39,Male,Noida,2024-03-29
C02437,Customer_2437,60,Female,Chennai,2024-07-27
C02438,Customer_2438,32,Male,Gurgaon,2024-09-10
C02439,Customer_2439,39,Female,Hyderabad,2024-09-28
C02440,Customer_2440,54,Female,Hyderabad,2023-10-28
C02441,Customer_2441,59,Male,Pune,2025-02-17
C02442,Customer_2442,29,Male,Pune,2025-09-15
C02443,Customer_2443,64,Female,Pune,2023-07-21
C02444,Customer_2444,59,Female,Pune,2024-11-04
C02445,Customer_2445,55,Male,Pune,2023-10-29
C02446,Customer_2446,35,Male,Delhi,2023-12-03
C02447,Customer_2447,62,Female,Bangalore,2023-02-01
C02448,Customer_2448,52,Female,Hyderabad,2025-02-11
C02449,Customer_2449,47,Male,Pune,2025-12-07
C02450,Customer_2450,41,Female,Gurgaon,2024-10-26
C02451,Customer_2451,59,Male,Delhi,2023-11-24
C02452,Customer_2452,47,Female,Unknown,2025-03-07
C02453,Customer_2453,31,Male,Noida,2025-03-24
C02454,Customer_2454,23,Other,Mumbai,2024-10-26
C02455,Customer_2455,20,Female,Bangalore,2025-01-15
C02456,Customer_2456,33,Female,Noida,2025-11-12
C02457,Customer_2457,24,Female,Pune,2025-07-18
C02458,Customer_2458,31,Female,Hyderabad,2025-08-20
C02459,Customer_2459,26,Female,Mumbai,2024-01-08
C02460,Customer_2460,32,Male,Ghaziabad,2023-10-12
C02461,Customer_2461,38,Female,Delhi,2024-06-04
C02462,Customer_2462,52,Female,Ghaziabad,2024-11-27
C02463,Customer_2463,19,Female,Ghaziabad,2025-03-17
C02464,Customer_2464,44,Male,Pune,2024-10-08
C02465,Customer_2465,19,Male,Unknown,2023-05-16
C02466,Customer_2466,52,Male,Ghaziabad,2023-04-06
C02467,Customer_2467,35,Female,Noida,2023-10-01
C02468,Customer_2468,31,Male,Chennai,2025-05-27
C02469,Customer_2469,37,Female,Unknown,2025-04-29
C02470,Customer_2470,35,Female,Ghaziabad,2025-02-22
C02471,Customer_2471,27,Female,Bangalore,2023-05-12
C02472,Customer_2472,42,Female,Gurgaon,2025-12-03
C02473,Customer_2473,19,Male,Mumbai,2024-01-08
C02474,Customer_2474,42,Male,Bangalore,2025-03-18
C02475,Customer_2475,50,Male,Gurgaon,2025-01-13
C02476,Customer_2476,53,Female,Ghaziabad,2023-02-20
C02477,Customer_2477,48,Male,Chennai,2023-02-25
C02478,Customer_2478,31,Female,Meerut,2025-01-13
C02479,Customer_2479,18,Male,Hyderabad,2024-03-03
C02480,Customer_2480,63,Male,Bangalore,2024-03-18
C02481,Customer_2481,33,Male,Ghaziabad,2023-11-22
C02482,Customer_2482,63,Female,Mumbai,2024-10-01
C02483,Customer_2483,20,Female,Noida,2025-04-08
C02484,Customer_2484,52,Male,Ghaziabad,2023-03-21
C02485,Customer_2485,58,Female,Meerut,2024-04-18
C02486,Customer_2486,23,Male,Ghaziabad,2024-01-12
C02487,Customer_2487,42,Other,Ghaziabad,2025-07-07
C02488,Customer_2488,30,Female,Hyderabad,2023-11-29
C02489,Customer_2489,51,Male,Noida,2024-03-16
C02490,Customer_2490,25,Female,Bangalore,2023-05-06
C02491,Customer_2491,38,Male,Pune,2023-08-07
C02492,Customer_2492,51,Other,Pune,2025-08-05
C02493,Customer_2493,21,Male,Mumbai,2023-10-05
C02494,Customer_2494,42,Female,Chennai,2024-08-17
C02495,Customer_2495,32,Male,Ghaziabad,2025-07-23
C02496,Customer_2496,21,Female,Mumbai,2023-05-21
C02497,Customer_2497,62,Female,Chennai,2025-04-25
C02498,Customer_2498,29,Female,Bangalore,2025-10-04
C02499,Customer_2499,49,Female,Bangalore,2025-05-26
C02500,Customer_2500,49,Female,Noida,2023-04-20
C02501,Customer_2501,45,Male,Pune,2025-12-11
C02502,Customer_2502,30,Male,Pune,2024-09-04
C02503,Customer_2503,48,Male,Mumbai,2024-12-13
C02504,Customer_2504,31,Other,Hyderabad,2025-03-06
C02505,Customer_2505,37,Male,Pune,2024-12-29
C02506,Customer_2506,35,Female,Hyderabad,2025-12-05
C02507,Customer_2507,46,Female,Hyderabad,2024-05-19
C02508,Customer_2508,23,Male,Bangalore,2025-11-06
C02509,Customer_2509,49,Male,Noida,2023-11-11
C02510,Customer_2510,46,Male,Mumbai,2023-03-18
C02511,Customer_2511,60,Male,Gurgaon,2025-09-04
C02512,Customer_2512,19,Male,Mumbai,2025-06-17
C02513,Customer_2513,40,Male,Hyderabad,2025-11-13
C02514,Customer_2514,36,Female,Chennai,2024-12-12
C02515,Customer_2515,48,Other,Chennai,2025-11-24
C02516,Customer_2516,22,Male,Unknown,2025-05-03
C02517,Customer_2517,36,Male,Bangalore,2024-12-09
C02518,Customer_2518,51,Male,Bangalore,2023-09-22
C02519,Customer_2519,27,Female,Hyderabad,2023-11-29
C02520,Customer_2520,42,Female,Hyderabad,2023-07-07
C02521,Customer_2521,19,Male,Meerut,2025-12-22
C02522,Customer_2522,28,Male,Meerut,2025-03-30
C02523,Customer_2523,48,Female,Hyderabad,2023-10-26
C02524,Customer_2524,32,Female,Pune,2023-07-20
C02525,Customer_2525,26,Male,Mumbai,2023-09-29
C02526,Customer_2526,40,Female,Pune,2024-06-18
C02527,Customer_2527,36,Male,Bangalore,2023-01-31
C02528,Customer_2528,26,Male,Unknown,2023-03-10
C02529,Customer_2529,52,Female,Mumbai,2025-06-01
C02530,Customer_2530,38,Female,Pune,2025-08-18
C02531,Customer_2531,26,Male,Pune,2025-04-06
C02532,Customer_2532,45,Female,Delhi,2025-07-12
C02533,Customer_2533,63,Male,Mumbai,2025-09-10
C02534,Customer_2534,24,Female,Gurgaon,2024-04-25
C02535,Customer_2535,33,Female,Noida,2023-10-20
C02536,Customer_2536,33,Female,Noida,2023-03-27
C02537,Customer_2537,50,Female,Pune,2025-11-05
C02538,Customer_2538,21,Male,Hyderabad,2024-12-28
C02539,Customer_2539,21,Female,Gurgaon,2024-09-19
C02540,Customer_2540,56,Female,Gurgaon,2023-04-28
C02541,Customer_2541,57,Female,Bangalore,2023-09-27
C02542,Customer_2542,34,Male,Chennai,2025-09-05
C02543,Customer_2543,54,Female,Delhi,2025-05-04
C02544,Customer_2544,56,Female,Bangalore,2023-06-11
C02545,Customer_2545,46,Male,Gurgaon,2024-11-30
C02546,Customer_2546,53,Female,Ghaziabad,2023-06-16
C02547,Customer_2547,55,Male,Hyderabad,2023-10-27
C02548,Customer_2548,56,Male,Gurgaon,2023-01-28
C02549,Customer_2549,54,Female,Delhi,2024-07-15
C02550,Customer_2550,52,Female,Gurgaon,2025-06-01
C02551,Customer_2551,24,Female,Mumbai,2023-06-05
C02552,Customer_2552,44,Male,Mumbai,2024-10-13
C02553,Customer_2553,45,Other,Meerut,2025-03-31
C02554,Customer_2554,39,Male,Delhi,2024-07-14
C02555,Customer_2555,31,Male,Pune,2025-12-21
C02556,Customer_2556,24,Male,Chennai,2023-11-08
C02557,Customer_2557,54,Female,Pune,2024-01-11
C02558,Customer_2558,39,Female,Chennai,2023-05-30
C02559,Customer_2559,22,Female,Chennai,2024-08-07
C02560,Customer_2560,19,Female,Chennai,2024-08-03
C02561,Customer_2561,44,Male,Noida,2025-09-03
C02562,Customer_2562,38,Female,Chennai,2023-06-26
C02563,Customer_2563,55,Male,Gurgaon,2023-12-20
C02564,Customer_2564,32,Female,Ghaziabad,2024-05-28
C02565,Customer_2565,38,Male,Delhi,2023-11-05
C02566,Customer_2566,27,Female,Ghaziabad,2023-04-29
C02567,Customer_2567,40,Female,Meerut,2025-02-05
C02568,Customer_2568,56,Female,Gurgaon,2025-09-22
C02569,Customer_2569,22,Female,Chennai,2025-08-30
C02570,Customer_2570,18,Male,Noida,2025-07-04
C02571,Customer_2571,30,Female,Unknown,2024-04-22
C02572,Customer_2572,38,Male,Pune,2024-08-09
C02573,Customer_2573,43,Female,Mumbai,2023-12-17
C02574,Customer_2574,62,Female,Delhi,2023-07-14
C02575,Customer_2575,38,Male,Ghaziabad,2024-05-10
C02576,Customer_2576,35,Other,Gurgaon,2024-05-29
C02577,Customer_2577,54,Female,Bangalore,2024-11-26
C02578,Customer_2578,62,Male,Hyderabad,2023-09-30
C02579,Customer_2579,49,Female,Hyderabad,2025-05-29
C02580,Customer_2580,53,Male,Mumbai,2023-02-21
C02581,Customer_2581,34,Female,Hyderabad,2023-09-20
C02582,Customer_2582,52,Female,Pune,2023-05-13
C02583,Customer_2583,28,Other,Meerut,2025-09-20
C02584,Customer_2584,38,Female,Hyderabad,2023-11-06
C02585,Customer_2585,43,Male,Mumbai,2023-01-16
C02586,Customer_2586,21,Female,Meerut,2023-07-14
C02587,Customer_2587,51,Male,Unknown,2023-10-30
C02588,Customer_2588,35,Female,Mumbai,2025-12-07
C02589,Customer_2589,57,Female,Hyderabad,2025-04-11
C02590,Customer_2590,52,Male,Chennai,2024-07-15
C02591,Customer_2591,58,Male,Delhi,2023-02-10
C02592,Customer_2592,46,Female,Hyderabad,2024-06-17
C02593,Customer_2593,46,Female,Mumbai,2024-01-06
C02594,Customer_2594,55,Male,Delhi,2024-05-31
C02595,Customer_2595,59,Male,Delhi,2024-10-18
C02596,Customer_2596,38,Male,Meerut,2024-08-12
C02597,Customer_2597,59,Female,Pune,2023-08-19
C02598,Customer_2598,30,Male,Hyderabad,2025-03-19
C02599,Customer_2599,58,Female,Bangalore,2024-04-23
C02600,Customer_2600,34,Male,Chennai,2024-11-05
C02601,Customer_2601,26,Female,Pune,2023-10-05
C02602,Customer_2602,58,Male,Bangalore,2023-02-22
C02603,Customer_2603,18,Female,Bangalore,2025-10-30
C02604,Customer_2604,19,Male,Ghaziabad,2025-01-17
C02605,Customer_2605,46,Female,Meerut,2024-04-08
C02606,Customer_2606,50,Male,Noida,2025-01-23
C02607,Customer_2607,27,Female,Gurgaon,2024-08-05
C02608,Customer_2608,57,Female,Gurgaon,2023-06-07
C02609,Customer_2609,38,Male,Meerut,2023-01-19
C02610,Customer_2610,45,Female,Meerut,2023-02-24
C02611,Customer_2611,28,Female,Bangalore,2024-12-21
C02612,Customer_2612,51,Male,Meerut,2025-11-10
C02613,Customer_2613,25,Male,Bangalore,2025-01-30
C02614,Customer_2614,39,Male,Pune,2025-10-15
C02615,Customer_2615,25,Female,Noida,2025-03-18
C02616,Customer_2616,32,Female,Ghaziabad,2024-12-23
C02617,Customer_2617,34,Male,Bangalore,2023-10-12
C02618,Customer_2618,40,Female,Meerut,2024-05-25
C02619,Customer_2619,41,Female,Delhi,2025-10-18
C02620,Customer_2620,62,Female,Hyderabad,2023-04-30
C02621,Customer_2621,36,Female,Gurgaon,2023-04-07
C02622,Customer_2622,22,Female,Noida,2023-04-30
C02623,Customer_2623,49,Female,Hyderabad,2024-01-28
C02624,Customer_2624,61,Male,Mumbai,2025-03-04
C02625,Customer_2625,18,Female,Meerut,2023-08-08
C02626,Customer_2626,40,Female,Bangalore,2025-04-18
C02627,Customer_2627,54,Male,Ghaziabad,2023-06-09
C02628,Customer_2628,25,Female,Delhi,2024-09-02
C02629,Customer_2629,30,Female,Ghaziabad,2024-09-30
C02630,Customer_2630,25,Female,Hyderabad,2025-11-21
C02631,Customer_2631,40,Male,Delhi,2025-02-15
C02632,Customer_2632,60,Male,Chennai,2023-11-30
C02633,Customer_2633,18,Female,Gurgaon,2025-06-10
C02634,Customer_2634,62,Female,Unknown,2025-07-28
C02635,Customer_2635,41,Male,Mumbai,2023-12-18
C02636,Customer_2636,52,Female,Hyderabad,2025-07-14
C02637,Customer_2637,41,Female,Bangalore,2024-01-31
C02638,Customer_2638,34,Male,Gurgaon,2024-06-13
C02639,Customer_2639,22,Male,Mumbai,2023-12-24
C02640,Customer_2640,37,Male,Ghaziabad,2025-04-07
C02641,Customer_2641,38,Female,Gurgaon,2023-03-01
C02642,Customer_2642,57,Male,Mumbai,2024-04-21
C02643,Customer_2643,48,Male,Mumbai,2024-09-03
C02644,Customer_2644,63,Male,Ghaziabad,2023-01-01
C02645,Customer_2645,53,Male,Mumbai,2023-11-07
C02646,Customer_2646,28,Male,Noida,2023-06-17
C02647,Customer_2647,32,Male,Delhi,2023-07-11
C02648,Customer_2648,36,Female,Noida,2025-11-23
C02649,Customer_2649,24,Female,Ghaziabad,2025-11-23
C02650,Customer_2650,45,Male,Pune,2024-12-08
C02651,Customer_2651,60,Male,Gurgaon,2024-01-01
C02652,Customer_2652,22,Other,Chennai,2025-05-07
C02653,Customer_2653,22,Male,Bangalore,2023-11-23
C02654,Customer_2654,47,Male,Unknown,2023-04-24
C02655,Customer_2655,49,Male,Hyderabad,2025-03-07
C02656,Customer_2656,25,Male,Hyderabad,2025-07-07
C02657,Customer_2657,27,Female,Ghaziabad,2024-08-31
C02658,Customer_2658,55,Male,Hyderabad,2023-11-05
C02659,Customer_2659,64,Female,Bangalore,2024-02-05
C02660,Customer_2660,49,Male,Unknown,2023-07-31
C02661,Customer_2661,45,Male,Chennai,2023-11-13
C02662,Customer_2662,34,Female,Bangalore,2023-07-04
C02663,Customer_2663,48,Male,Noida,2023-09-03
C02664,Customer_2664,25,Female,Pune,2023-08-27
C02665,Customer_2665,57,Male,Ghaziabad,2024-06-03
C02666,Customer_2666,42,Female,Meerut,2023-10-04
C02667,Customer_2667,26,Male,Pune,2025-10-02
C02668,Customer_2668,19,Female,Pune,2023-07-21
C02669,Customer_2669,32,Male,Bangalore,2023-08-02
C02670,Customer_2670,20,Female,Ghaziabad,2024-08-28
C02671,Customer_2671,53,Male,Delhi,2024-04-22
C02672,Customer_2672,21,Female,Mumbai,2024-05-22
C02673,Customer_2673,31,Male,Pune,2024-10-30
C02674,Customer_2674,58,Female,Hyderabad,2024-10-26
C02675,Customer_2675,58,Male,Noida,2023-05-22
C02676,Customer_2676,42,Male,Delhi,2023-11-18
C02677,Customer_2677,27,Female,Ghaziabad,2024-04-05
C02678,Customer_2678,38,Male,Meerut,2024-12-07
C02679,Customer_2679,53,Male,Chennai,2024-10-31
C02680,Customer_2680,29,Female,Delhi,2023-02-23
C02681,Customer_2681,44,Other,Meerut,2023-10-04
C02682,Customer_2682,57,Male,Bangalore,2024-02-04
C02683,Customer_2683,19,Female,Gurgaon,2024-10-29
C02684,Customer_2684,30,Female,Mumbai,2024-05-30
C02685,Customer_2685,49,Male,Bangalore,2024-07-29
C02686,Customer_2686,48,Female,Ghaziabad,2023-04-22
C02687,Customer_2687,33,Female,Gurgaon,2023-08-27
C02688,Customer_2688,49,Other,Meerut,2025-11-09
C02689,Customer_2689,49,Male,Gurgaon,2023-07-16
C02690,Customer_2690,51,Female,Chennai,2024-01-17
C02691,Customer_2691,28,Male,Hyderabad,2023-06-13
C02692,Customer_2692,27,Male,Hyderabad,2024-08-28
C02693,Customer_2693,32,Male,Bangalore,2025-12-27
C02694,Customer_2694,34,Other,Bangalore,2025-05-04
C02695,Customer_2695,57,Female,Ghaziabad,2025-11-10
C02696,Customer_2696,35,Female,Ghaziabad,2025-04-10
C02697,Customer_2697,26,Female,Noida,2024-08-19
C02698,Customer_2698,42,Male,Chennai,2024-06-19
C02699,Customer_2699,57,Male,Ghaziabad,2023-04-21
C02700,Customer_2700,31,Male,Pune,2025-08-06
C02701,Customer_2701,42,Male,Chennai,2025-05-12
C02702,Customer_2702,39,Female,Noida,2024-08-17
C02703,Customer_2703,47,Female,Hyderabad,2025-10-18
C02704,Customer_2704,37,Male,Delhi,2024-04-04
C02705,Customer_2705,38,Male,Noida,2024-03-09
C02706,Customer_2706,61,Male,Noida,2025-06-06
C02707,Customer_2707,49,Male,Bangalore,2025-02-21
C02708,Customer_2708,63,Female,Mumbai,2025-09-14
C02709,Customer_2709,38,Female,Gurgaon,2023-06-18
C02710,Customer_2710,52,Female,Hyderabad,2024-12-09
C02711,Customer_2711,49,Male,Meerut,2025-08-22
C02712,Customer_2712,47,Male,Meerut,2024-12-27
C02713,Customer_2713,56,Male,Ghaziabad,2023-08-17
C02714,Customer_2714,29,Female,Hyderabad,2024-03-02
C02715,Customer_2715,58,Female,Pune,2023-05-02
C02716,Customer_2716,64,Male,Ghaziabad,2023-05-29
C02717,Customer_2717,35,Female,Ghaziabad,2025-05-01
C02718,Customer_2718,38,Female,Noida,2024-12-05
C02719,Customer_2719,30,Female,Hyderabad,2023-04-21
C02720,Customer_2720,38,Female,Gurgaon,2023-03-05
C02721,Customer_2721,25,Female,Ghaziabad,2024-09-29
C02722,Customer_2722,63,Female,Mumbai,2025-06-27
C02723,Customer_2723,57,Male,Chennai,2023-01-13
C02724,Customer_2724,63,Male,Pune,2025-07-22
C02725,Customer_2725,24,Male,Pune,2023-08-27
C02726,Customer_2726,40,Male,Ghaziabad,2024-10-24
C02727,Customer_2727,61,Female,Mumbai,2025-11-10
C02728,Customer_2728,49,Female,Chennai,2024-11-24
C02729,Customer_2729,28,Male,Delhi,2025-08-28
C02730,Customer_2730,39,Female,Bangalore,2025-08-21
C02731,Customer_2731,39,Male,Bangalore,2023-03-17
C02732,Customer_2732,60,Male,Bangalore,2023-11-25
C02733,Customer_2733,42,Male,Noida,2023-06-01
C02734,Customer_2734,39,Male,Pune,2023-03-13
C02735,Customer_2735,45,Male,Meerut,2023-08-13
C02736,Customer_2736,46,Female,Meerut,2024-04-17
C02737,Customer_2737,30,Male,Noida,2023-12-26
C02738,Customer_2738,35,Other,Ghaziabad,2024-06-23
C02739,Customer_2739,19,Male,Hyderabad,2025-03-21
C02740,Customer_2740,46,Male,Hyderabad,2024-08-31
C02741,Customer_2741,38,Male,Bangalore,2025-12-05
C02742,Customer_2742,32,Female,Hyderabad,2023-01-01
C02743,Customer_2743,44,Male,Ghaziabad,2024-11-08
C02744,Customer_2744,48,Female,Delhi,2023-10-18
C02745,Customer_2745,32,Female,Noida,2023-07-23
C02746,Customer_2746,40,Female,Delhi,2024-07-19
C02747,Customer_2747,41,Female,Pune,2024-04-26
C02748,Customer_2748,61,Male,Hyderabad,2024-05-25
C02749,Customer_2749,30,Male,Chennai,2025-07-12
C02750,Customer_2750,39,Male,Bangalore,2023-10-05
C02751,Customer_2751,60,Female,Noida,2025-10-01
C02752,Customer_2752,54,Male,Bangalore,2023-01-16
C02753,Customer_2753,50,Male,Hyderabad,2023-12-22
C02754,Customer_2754,20,Other,Gurgaon,2023-12-22
C02755,Customer_2755,36,Male,Hyderabad,2025-04-09
C02756,Customer_2756,40,Female,Noida,2024-08-21
C02757,Customer_2757,46,Female,Meerut,2025-07-16
C02758,Customer_2758,47,Male,Noida,2025-12-26
C02759,Customer_2759,56,Male,Mumbai,2025-05-08
C02760,Customer_2760,61,Male,Chennai,2023-08-02
C02761,Customer_2761,64,Female,Hyderabad,2024-03-24
C02762,Customer_2762,42,Female,Mumbai,2025-08-22
C02763,Customer_2763,54,Female,Meerut,2025-02-25
C02764,Customer_2764,64,Female,Ghaziabad,2024-05-13
C02765,Customer_2765,25,Female,Ghaziabad,2024-12-10
C02766,Customer_2766,59,Male,Chennai,2024-01-15
C02767,Customer_2767,33,Male,Pune,2025-01-09
C02768,Customer_2768,25,Female,Chennai,2024-09-23
C02769,Customer_2769,18,Male,Chennai,2025-11-13
C02770,Customer_2770,61,Male,Chennai,2024-06-22
C02771,Customer_2771,22,Female,Chennai,2025-08-02
C02772,Customer_2772,20,Male,Chennai,2025-01-22
C02773,Customer_2773,18,Female,Delhi,2024-06-18
C02774,Customer_2774,21,Female,Meerut,2024-11-03
C02775,Customer_2775,57,Male,Noida,2025-11-30
C02776,Customer_2776,52,Female,Hyderabad,2024-07-21
C02777,Customer_2777,49,Male,Mumbai,2024-02-19
C02778,Customer_2778,59,Male,Chennai,2024-03-24
C02779,Customer_2779,51,Male,Pune,2024-09-01
C02780,Customer_2780,60,Male,Bangalore,2024-10-19
C02781,Customer_2781,42,Female,Hyderabad,2024-03-11
C02782,Customer_2782,27,Male,Bangalore,2024-12-05
C02783,Customer_2783,38,Male,Mumbai,2023-08-27
C02784,Customer_2784,63,Male,Mumbai,2025-12-01
C02785,Customer_2785,56,Female,Hyderabad,2025-01-03
C02786,Customer_2786,44,Female,Pune,2025-03-10
C02787,Customer_2787,44,Male,Delhi,2023-01-10
C02788,Customer_2788,19,Male,Ghaziabad,2025-01-16
C02789,Customer_2789,58,Male,Mumbai,2023-05-19
C02790,Customer_2790,30,Male,Pune,2024-12-31
C02791,Customer_2791,26,Female,Mumbai,2023-07-15
C02792,Customer_2792,53,Female,Gurgaon,2023-09-21
C02793,Customer_2793,39,Male,Ghaziabad,2025-08-02
C02794,Customer_2794,59,Male,Mumbai,2025-07-08
C02795,Customer_2795,43,Male,Pune,2023-06-10
C02796,Customer_2796,29,Female,Mumbai,2024-05-05
C02797,Customer_2797,34,Male,Bangalore,2025-02-08
C02798,Customer_2798,31,Other,Hyderabad,2023-11-07
C02799,Customer_2799,31,Female,Hyderabad,2023-08-15
C02800,Customer_2800,51,Male,Mumbai,2023-09-30
C02801,Customer_2801,37,Female,Pune,2025-07-26
C02802,Customer_2802,28,Female,Unknown,2023-11-13
C02803,Customer_2803,33,Female,Delhi,2023-10-18
C02804,Customer_2804,48,Male,Delhi,2024-12-29
C02805,Customer_2805,23,Male,Bangalore,2024-01-10
C02806,Customer_2806,36,Female,Noida,2024-07-20
C02807,Customer_2807,54,Female,Pune,2025-05-17
C02808,Customer_2808,21,Female,Delhi,2025-01-24
C02809,Customer_2809,64,Female,Noida,2023-09-09
C02810,Customer_2810,21,Female,Pune,2023-11-03
C02811,Customer_2811,37,Female,Bangalore,2024-11-05
C02812,Customer_2812,27,Male,Chennai,2025-05-17
C02813,Customer_2813,41,Female,Noida,2023-09-21
C02814,Customer_2814,52,Female,Noida,2023-03-09
C02815,Customer_2815,43,Female,Mumbai,2024-05-28
C02816,Customer_2816,54,Female,Meerut,2025-02-07
C02817,Customer_2817,55,Male,Meerut,2024-03-17
C02818,Customer_2818,38,Female,Pune,2023-01-01
C02819,Customer_2819,57,Female,Mumbai,2023-12-24
C02820,Customer_2820,56,Male,Hyderabad,2025-06-21
C02821,Customer_2821,38,Male,Ghaziabad,2023-10-01
C02822,Customer_2822,27,Male,Chennai,2025-05-05
C02823,Customer_2823,55,Male,Ghaziabad,2025-10-14
C02824,Customer_2824,63,Male,Noida,2023-06-22
C02825,Customer_2825,21,Male,Gurgaon,2024-08-07
C02826,Customer_2826,62,Female,Delhi,2025-07-17
C02827,Customer_2827,37,Female,Delhi,2024-04-25
C02828,Customer_2828,34,Female,Mumbai,2024-03-30
C02829,Customer_2829,24,Female,Meerut,2023-07-15
C02830,Customer_2830,21,Male,Gurgaon,2025-03-06
C02831,Customer_2831,46,Male,Mumbai,2024-08-21
C02832,Customer_2832,31,Female,Noida,2024-07-09
C02833,Customer_2833,20,Male,Gurgaon,2025-04-27
C02834,Customer_2834,41,Other,Delhi,2024-03-14
C02835,Customer_2835,54,Female,Pune,2024-10-11
C02836,Customer_2836,33,Female,Noida,2023-12-25
C02837,Customer_2837,21,Other,Mumbai,2025-11-25
C02838,Customer_2838,41,Male,Hyderabad,2025-11-23
C02839,Customer_2839,51,Male,Bangalore,2024-10-19
C02840,Customer_2840,47,Female,Noida,2023-01-16
C02841,Customer_2841,35,Male,Noida,2025-01-14
C02842,Customer_2842,36,Female,Hyderabad,2024-02-25
C02843,Customer_2843,48,Male,Chennai,2024-07-06
C02844,Customer_2844,36,Female,Pune,2025-02-05
C02845,Customer_2845,63,Female,Hyderabad,2025-03-03
C02846,Customer_2846,36,Female,Ghaziabad,2025-10-28
C02847,Customer_2847,39,Male,Unknown,2025-05-29
C02848,Customer_2848,41,Male,Noida,2025-05-01
C02849,Customer_2849,62,Female,Chennai,2024-05-24
C02850,Customer_2850,29,Male,Delhi,2025-08-23
C02851,Customer_2851,47,Female,Chennai,2025-07-02
C02852,Customer_2852,55,Female,Ghaziabad,2023-01-18
C02853,Customer_2853,48,Female,Chennai,2023-02-25
C02854,Customer_2854,53,Female,Chennai,2025-07-07
C02855,Customer_2855,36,Male,Pune,2025-11-24
C02856,Customer_2856,62,Female,Noida,2025-06-20
C02857,Customer_2857,53,Female,Pune,2024-09-21
C02858,Customer_2858,47,Male,Delhi,2025-03-04
C02859,Customer_2859,50,Other,Delhi,2023-12-13
C02860,Customer_2860,35,Male,Ghaziabad,2025-11-21
C02861,Customer_2861,45,Male,Mumbai,2025-06-26
C02862,Customer_2862,64,Male,Hyderabad,2025-10-20
C02863,Customer_2863,28,Female,Meerut,2024-07-29
C02864,Customer_2864,62,Male,Noida,2023-07-18
C02865,Customer_2865,50,Female,Mumbai,2023-10-28
C02866,Customer_2866,34,Female,Noida,2025-10-13
C02867,Customer_2867,23,Male,Hyderabad,2023-01-26
C02868,Customer_2868,21,Male,Hyderabad,2024-03-25
C02869,Customer_2869,37,Female,Gurgaon,2023-11-16
C02870,Customer_2870,64,Male,Pune,2023-06-05
C02871,Customer_2871,44,Female,Ghaziabad,2024-04-15
C02872,Customer_2872,32,Male,Gurgaon,2024-02-24
C02873,Customer_2873,23,Female,Delhi,2024-10-12
C02874,Customer_2874,64,Female,Meerut,2025-06-04
C02875,Customer_2875,31,Male,Ghaziabad,2025-07-18
C02876,Customer_2876,28,Male,Delhi,2025-04-14
C02877,Customer_2877,56,Male,Chennai,2025-05-25
C02878,Customer_2878,26,Male,Pune,2025-07-30
C02879,Customer_2879,43,Female,Pune,2025-09-20
C02880,Customer_2880,33,Female,Pune,2024-07-25
C02881,Customer_2881,22,Male,Gurgaon,2023-02-23
C02882,Customer_2882,27,Female,Bangalore,2024-08-27
C02883,Customer_2883,20,Female,Mumbai,2023-11-21
C02884,Customer_2884,30,Male,Hyderabad,2025-08-27
C02885,Customer_2885,60,Male,Meerut,2025-06-03
C02886,Customer_2886,47,Female,Hyderabad,2023-09-22
C02887,Customer_2887,62,Female,Bangalore,2024-01-17
C02888,Customer_2888,23,Female,Chennai,2023-11-29
C02889,Customer_2889,34,Female,Chennai,2025-10-30
C02890,Customer_2890,62,Male,Chennai,2023-07-22
C02891,Customer_2891,36,Female,Ghaziabad,2023-02-27
C02892,Customer_2892,59,Female,Delhi,2024-06-30
C02893,Customer_2893,52,Female,Delhi,2025-05-20
C02894,Customer_2894,63,Male,Chennai,2023-04-13
C02895,Customer_2895,43,Male,Meerut,2025-05-14
C02896,Customer_2896,22,Male,Gurgaon,2024-02-02
C02897,Customer_2897,46,Female,Meerut,2024-01-27
C02898,Customer_2898,54,Male,Meerut,2023-04-16
C02899,Customer_2899,37,Male,Delhi,2025-12-13
C02900,Customer_2900,38,Male,Pune,2023-04-21
C02901,Customer_2901,27,Male,Meerut,2023-08-12
C02902,Customer_2902,22,Female,Meerut,2023-03-16
C02903,Customer_2903,53,Female,Hyderabad,2024-05-20
C02904,Customer_2904,23,Female,Pune,2025-11-03
C02905,Customer_2905,43,Male,Delhi,2025-02-08
C02906,Customer_2906,21,Female,Gurgaon,2024-04-26
C02907,Customer_2907,56,Male,Mumbai,2023-12-30
C02908,Customer_2908,56,Male,Delhi,2023-08-27
C02909,Customer_2909,52,Male,Delhi,2025-04-25
C02910,Customer_2910,18,Male,Meerut,2025-09-11
C02911,Customer_2911,41,Male,Hyderabad,2024-01-27
C02912,Customer_2912,53,Female,Bangalore,2025-11-06
C02913,Customer_2913,23,Female,Chennai,2025-08-22
C02914,Customer_2914,58,Female,Noida,2023-01-12
C02915,Customer_2915,63,Male,Hyderabad,2023-05-26
C02916,Customer_2916,61,Male,Bangalore,2023-06-18
C02917,Customer_2917,48,Male,Meerut,2025-04-26
C02918,Customer_2918,37,Other,Meerut,2023-06-19
C02919,Customer_2919,41,Female,Gurgaon,2025-02-03
C02920,Customer_2920,42,Female,Bangalore,2024-05-13
C02921,Customer_2921,53,Male,Ghaziabad,2025-06-15
C02922,Customer_2922,38,Female,Chennai,2025-12-12
C02923,Customer_2923,47,Male,Noida,2023-04-28
C02924,Customer_2924,41,Female,Gurgaon,2023-12-31
C02925,Customer_2925,61,Female,Hyderabad,2023-05-16
C02926,Customer_2926,59,Other,Hyderabad,2024-07-10
C02927,Customer_2927,47,Female,Bangalore,2023-01-18
C02928,Customer_2928,39,Male,Chennai,2024-02-07
C02929,Customer_2929,45,Female,Chennai,2023-07-24
C02930,Customer_2930,24,Female,Hyderabad,2024-05-13
C02931,Customer_2931,52,Male,Ghaziabad,2023-11-20
C02932,Customer_2932,45,Male,Meerut,2024-08-17
C02933,Customer_2933,31,Male,Chennai,2024-07-15
C02934,Customer_2934,27,Male,Bangalore,2024-04-23
C02935,Customer_2935,33,Male,Hyderabad,2023-06-13
C02936,Customer_2936,33,Female,Meerut,2023-11-20
C02937,Customer_2937,48,Male,Pune,2024-07-04
C02938,Customer_2938,59,Male,Delhi,2025-04-10
C02939,Customer_2939,42,Female,Meerut,2024-10-01
C02940,Customer_2940,30,Female,Chennai,2024-09-25
C02941,Customer_2941,23,Female,Unknown,2025-01-28
C02942,Customer_2942,61,Male,Chennai,2023-07-27
C02943,Customer_2943,26,Female,Bangalore,2023-11-11
C02944,Customer_2944,62,Female,Mumbai,2023-10-31
C02945,Customer_2945,53,Male,Meerut,2025-06-19
C02946,Customer_2946,60,Male,Delhi,2023-08-27
C02947,Customer_2947,37,Female,Bangalore,2025-03-14
C02948,Customer_2948,35,Female,Chennai,2023-10-02
C02949,Customer_2949,60,Other,Meerut,2025-08-11
C02950,Customer_2950,38,Female,Bangalore,2025-12-25
C02951,Customer_2951,21,Female,Chennai,2023-09-12
C02952,Customer_2952,50,Female,Mumbai,2023-05-05
C02953,Customer_2953,44,Male,Mumbai,2024-09-06
C02954,Customer_2954,24,Male,Noida,2024-01-20
C02955,Customer_2955,23,Male,Gurgaon,2024-03-22
C02956,Customer_2956,32,Female,Bangalore,2024-01-22
C02957,Customer_2957,35,Female,Gurgaon,2024-01-18
C02958,Customer_2958,49,Female,Noida,2023-05-04
C02959,Customer_2959,28,Male,Ghaziabad,2024-12-28
C02960,Customer_2960,37,Female,Meerut,2025-06-14
C02961,Customer_2961,41,Male,Chennai,2023-11-24
C02962,Customer_2962,32,Male,Hyderabad,2024-11-24
C02963,Customer_2963,24,Female,Gurgaon,2025-12-27
C02964,Customer_2964,38,Female,Gurgaon,2023-12-25
C02965,Customer_2965,59,Other,Bangalore,2025-09-29
C02966,Customer_2966,43,Male,Meerut,2025-03-07
C02967,Customer_2967,61,Female,Bangalore,2024-03-18
C02968,Customer_2968,31,Male,Mumbai,2023-06-13
C02969,Customer_2969,54,Male,Gurgaon,2025-08-30
C02970,Customer_2970,38,Female,Meerut,2023-12-27
C02971,Customer_2971,35,Female,Pune,2024-08-07
C02972,Customer_2972,22,Female,Ghaziabad,2025-05-02
C02973,Customer_2973,20,Male,Chennai,2025-10-07
C02974,Customer_2974,40,Female,Noida,2025-10-20
C02975,Customer_2975,43,Male,Ghaziabad,2023-08-29
C02976,Customer_2976,54,Female,Noida,2024-10-27
C02977,Customer_2977,41,Male,Gurgaon,2024-07-18
C02978,Customer_2978,36,Male,Ghaziabad,2025-04-11
C02979,Customer_2979,42,Female,Ghaziabad,2025-09-02
C02980,Customer_2980,38,Female,Chennai,2023-01-31
C02981,Customer_2981,29,Male,Hyderabad,2023-08-11
C02982,Customer_2982,58,Male,Chennai,2023-09-23
C02983,Customer_2983,50,Female,Bangalore,2025-02-26
C02984,Customer_2984,21,Male,Hyderabad,2024-01-16
C02985,Customer_2985,59,Male,Ghaziabad,2024-07-09
C02986,Customer_2986,24,Male,Hyderabad,2023-03-03
C02987,Customer_2987,39,Male,Hyderabad,2024-12-13
C02988,Customer_2988,50,Female,Bangalore,2025-04-26
C02989,Customer_2989,34,Female,Meerut,2024-06-04
C02990,Customer_2990,41,Female,Gurgaon,2025-12-30
C02991,Customer_2991,51,Other,Meerut,2024-08-24
C02992,Customer_2992,45,Male,Gurgaon,2023-05-20
C02993,Customer_2993,60,Male,Meerut,2024-08-12
C02994,Customer_2994,58,Male,Meerut,2024-06-11
C02995,Customer_2995,56,Male,Noida,2024-06-24
C02996,Customer_2996,39,Male,Hyderabad,2024-01-10
C02997,Customer_2997,34,Female,Mumbai,2023-10-18
C02998,Customer_2998,51,Female,Bangalore,2023-02-12
C02999,Customer_2999,23,Male,Meerut,2025-12-12
C03000,Customer_3000,63,Female,Ghaziabad,2023-01-08
C03001,Customer_3001,23,Female,Pune,2024-04-27
C03002,Customer_3002,51,Female,Noida,2023-02-11
C03003,Customer_3003,18,Female,Pune,2023-11-29
C03004,Customer_3004,27,Female,Delhi,2025-12-29
C03005,Customer_3005,38,Female,Chennai,2025-11-05
C03006,Customer_3006,22,Female,Delhi,2023-03-10
C03007,Customer_3007,19,Female,Gurgaon,2023-02-22
C03008,Customer_3008,39,Male,Meerut,2024-11-15
C03009,Customer_3009,19,Male,Bangalore,2025-09-20
C03010,Customer_3010,27,Female,Ghaziabad,2024-06-10
C03011,Customer_3011,51,Male,Mumbai,2023-03-04
C03012,Customer_3012,33,Male,Mumbai,2023-09-18
C03013,Customer_3013,56,Female,Noida,2025-05-07
C03014,Customer_3014,39,Male,Noida,2023-06-29
C03015,Customer_3015,29,Female,Noida,2025-11-05
C03016,Customer_3016,41,Female,Noida,2023-12-21
C03017,Customer_3017,64,Other,Hyderabad,2025-07-22
C03018,Customer_3018,57,Female,Meerut,2024-12-27
C03019,Customer_3019,55,Male,Pune,2024-08-11
C03020,Customer_3020,27,Female,Meerut,2024-08-27
C03021,Customer_3021,52,Female,Meerut,2023-06-30
C03022,Customer_3022,49,Other,Unknown,2023-06-23
C03023,Customer_3023,24,Male,Bangalore,2023-12-20
C03024,Customer_3024,38,Male,Ghaziabad,2023-12-20
C03025,Customer_3025,37,Female,Unknown,2024-03-09
C03026,Customer_3026,43,Male,Bangalore,2025-06-23
C03027,Customer_3027,21,Female,Noida,2023-10-09
C03028,Customer_3028,63,Male,Pune,2023-09-16
C03029,Customer_3029,39,Male,Delhi,2025-05-17
C03030,Customer_3030,32,Male,Hyderabad,2024-07-12
C03031,Customer_3031,57,Male,Pune,2023-01-05
C03032,Customer_3032,38,Female,Delhi,2024-08-18
C03033,Customer_3033,32,Female,Chennai,2024-01-29
C03034,Customer_3034,39,Male,Hyderabad,2023-12-02
C03035,Customer_3035,45,Female,Noida,2023-03-04
C03036,Customer_3036,31,Male,Gurgaon,2023-02-13
C03037,Customer_3037,44,Female,Noida,2023-06-02
C03038,Customer_3038,58,Male,Pune,2025-05-03
C03039,Customer_3039,57,Female,Noida,2023-10-02
C03040,Customer_3040,45,Female,Chennai,2024-03-01
C03041,Customer_3041,43,Female,Noida,2024-04-27
C03042,Customer_3042,19,Female,Delhi,2023-08-02
C03043,Customer_3043,42,Female,Mumbai,2023-03-20
C03044,Customer_3044,20,Other,Noida,2023-05-19
C03045,Customer_3045,25,Female,Chennai,2025-08-07
C03046,Customer_3046,61,Female,Meerut,2023-04-08
C03047,Customer_3047,50,Female,Meerut,2024-10-25
C03048,Customer_3048,59,Male,Gurgaon,2023-07-17
C03049,Customer_3049,52,Female,Gurgaon,2025-02-23
C03050,Customer_3050,23,Male,Unknown,2023-06-05
C03051,Customer_3051,56,Female,Bangalore,2025-12-09
C03052,Customer_3052,40,Female,Ghaziabad,2024-04-23
C03053,Customer_3053,42,Female,Gurgaon,2023-08-16
C03054,Customer_3054,60,Male,Noida,2024-06-05
C03055,Customer_3055,36,Male,Gurgaon,2023-05-29
C03056,Customer_3056,22,Female,Ghaziabad,2025-12-17
C03057,Customer_3057,28,Female,Bangalore,2023-06-11
C03058,Customer_3058,29,Male,Ghaziabad,2025-05-12
C03059,Customer_3059,27,Male,Pune,2024-01-30
C03060,Customer_3060,25,Female,Gurgaon,2025-03-11
C03061,Customer_3061,41,Female,Gurgaon,2023-07-05
C03062,Customer_3062,45,Male,Gurgaon,2024-07-11
C03063,Customer_3063,58,Male,Pune,2024-03-21
C03064,Customer_3064,53,Male,Ghaziabad,2025-04-09
C03065,Customer_3065,54,Other,Delhi,2023-03-28
C03066,Customer_3066,38,Male,Noida,2024-03-13
C03067,Customer_3067,25,Male,Chennai,2024-05-30
C03068,Customer_3068,26,Male,Noida,2025-08-04
C03069,Customer_3069,64,Male,Gurgaon,2025-01-25
C03070,Customer_3070,32,Female,Bangalore,2025-03-07
C03071,Customer_3071,63,Male,Pune,2024-11-16
C03072,Customer_3072,57,Male,Delhi,2023-11-21
C03073,Customer_3073,35,Male,Hyderabad,2024-09-14
C03074,Customer_3074,59,Male,Delhi,2024-11-17
C03075,Customer_3075,37,Male,Chennai,2024-02-04
C03076,Customer_3076,23,Female,Noida,2025-05-17
C03077,Customer_3077,29,Female,Gurgaon,2023-08-05
C03078,Customer_3078,19,Female,Mumbai,2025-03-19
C03079,Customer_3079,24,Female,Unknown,2025-08-18
C03080,Customer_3080,33,Female,Gurgaon,2025-09-27
C03081,Customer_3081,20,Male,Pune,2025-07-20
C03082,Customer_3082,62,Female,Hyderabad,2023-08-28
C03083,Customer_3083,20,Female,Chennai,2023-02-17
C03084,Customer_3084,44,Female,Mumbai,2025-05-24
C03085,Customer_3085,60,Female,Ghaziabad,2023-05-12
C03086,Customer_3086,57,Male,Ghaziabad,2024-09-16
C03087,Customer_3087,55,Female,Ghaziabad,2024-08-23
C03088,Customer_3088,50,Female,Bangalore,2024-11-03
C03089,Customer_3089,45,Other,Ghaziabad,2023-11-30
C03090,Customer_3090,18,Male,Meerut,2023-02-05
C03091,Customer_3091,25,Male,Hyderabad,2025-02-16
C03092,Customer_3092,54,Male,Mumbai,2023-08-11
C03093,Customer_3093,49,Female,Pune,2024-06-13
C03094,Customer_3094,60,Male,Meerut,2023-08-29
C03095,Customer_3095,54,Male,Meerut,2023-05-14
C03096,Customer_3096,21,Other,Mumbai,2024-01-26
C03097,Customer_3097,47,Male,Pune,2023-04-12
C03098,Customer_3098,23,Female,Hyderabad,2024-11-11
C03099,Customer_3099,63,Male,Noida,2024-05-12
C03100,Customer_3100,36,Female,Gurgaon,2024-05-25
C03101,Customer_3101,49,Female,Noida,2024-12-03
C03102,Customer_3102,26,Female,Chennai,2025-09-20
C03103,Customer_3103,29,Female,Mumbai,2025-08-06
C03104,Customer_3104,28,Male,Noida,2025-04-20
C03105,Customer_3105,63,Male,Noida,2023-01-06
C03106,Customer_3106,33,Male,Noida,2025-08-15
C03107,Customer_3107,18,Female,Ghaziabad,2023-07-13
C03108,Customer_3108,62,Female,Delhi,2025-01-11
C03109,Customer_3109,38,Male,Noida,2025-06-30
C03110,Customer_3110,47,Female,Gurgaon,2024-04-17
C03111,Customer_3111,30,Male,Mumbai,2023-08-04
C03112,Customer_3112,51,Female,Chennai,2025-05-25
C03113,Customer_3113,21,Other,Delhi,2023-02-07
C03114,Customer_3114,45,Male,Bangalore,2024-04-15
C03115,Customer_3115,55,Female,Gurgaon,2024-03-27
C03116,Customer_3116,48,Male,Gurgaon,2025-10-09
C03117,Customer_3117,44,Female,Ghaziabad,2023-04-13
C03118,Customer_3118,22,Female,Ghaziabad,2023-02-11
C03119,Customer_3119,42,Male,Mumbai,2025-08-04
C03120,Customer_3120,20,Male,Gurgaon,2023-03-07
C03121,Customer_3121,50,Male,Pune,2025-07-31
C03122,Customer_3122,21,Female,Pune,2023-07-12
C03123,Customer_3123,42,Female,Mumbai,2025-11-27
C03124,Customer_3124,37,Male,Noida,2024-05-16
C03125,Customer_3125,51,Female,Meerut,2024-10-25
C03126,Customer_3126,43,Female,Bangalore,2023-12-18
C03127,Customer_3127,22,Male,Chennai,2023-11-22
C03128,Customer_3128,52,Male,Ghaziabad,2025-11-27
C03129,Customer_3129,45,Female,Chennai,2023-04-18
C03130,Customer_3130,46,Female,Meerut,2024-09-22
C03131,Customer_3131,26,Male,Hyderabad,2023-05-31
C03132,Customer_3132,55,Male,Mumbai,2025-12-16
C03133,Customer_3133,23,Male,Noida,2025-05-27
C03134,Customer_3134,36,Female,Delhi,2023-12-01
C03135,Customer_3135,61,Male,Noida,2025-03-14
C03136,Customer_3136,28,Male,Gurgaon,2025-02-05
C03137,Customer_3137,19,Female,Noida,2023-09-16
C03138,Customer_3138,64,Female,Gurgaon,2025-02-20
C03139,Customer_3139,61,Male,Chennai,2023-02-03
C03140,Customer_3140,61,Male,Hyderabad,2023-11-22
C03141,Customer_3141,26,Female,Ghaziabad,2025-04-16
C03142,Customer_3142,38,Male,Hyderabad,2024-11-21
C03143,Customer_3143,41,Male,Gurgaon,2025-01-08
C03144,Customer_3144,51,Female,Delhi,2025-01-13
C03145,Customer_3145,39,Male,Meerut,2025-04-26
C03146,Customer_3146,20,Female,Chennai,2023-04-27
C03147,Customer_3147,29,Female,Chennai,2024-10-11
C03148,Customer_3148,45,Male,Noida,2024-02-07
C03149,Customer_3149,47,Male,Ghaziabad,2025-09-23
C03150,Customer_3150,43,Female,Noida,2023-08-21
C03151,Customer_3151,38,Female,Noida,2025-07-17
C03152,Customer_3152,45,Female,Gurgaon,2024-04-24
C03153,Customer_3153,43,Female,Meerut,2025-09-02
C03154,Customer_3154,50,Male,Ghaziabad,2023-01-09
C03155,Customer_3155,38,Female,Noida,2024-12-15
C03156,Customer_3156,52,Male,Chennai,2024-01-14
C03157,Customer_3157,51,Male,Noida,2024-01-16
C03158,Customer_3158,58,Male,Bangalore,2025-04-23
C03159,Customer_3159,64,Male,Mumbai,2023-12-26
C03160,Customer_3160,35,Female,Chennai,2023-06-25
C03161,Customer_3161,28,Male,Bangalore,2024-04-29
C03162,Customer_3162,40,Male,Unknown,2023-02-02
C03163,Customer_3163,39,Male,Delhi,2024-11-26
C03164,Customer_3164,34,Female,Bangalore,2023-06-06
C03165,Customer_3165,22,Female,Gurgaon,2024-07-18
C03166,Customer_3166,61,Male,Delhi,2023-07-21
C03167,Customer_3167,28,Male,Pune,2025-07-11
C03168,Customer_3168,47,Male,Ghaziabad,2023-03-15
C03169,Customer_3169,32,Female,Chennai,2023-04-06
C03170,Customer_3170,44,Female,Pune,2023-06-22
C03171,Customer_3171,52,Female,Chennai,2023-06-04
C03172,Customer_3172,50,Female,Ghaziabad,2023-10-16
C03173,Customer_3173,37,Male,Ghaziabad,2023-09-15
C03174,Customer_3174,33,Female,Chennai,2023-06-23
C03175,Customer_3175,51,Female,Ghaziabad,2023-11-26
C03176,Customer_3176,19,Male,Bangalore,2025-01-28
C03177,Customer_3177,52,Male,Hyderabad,2025-10-16
C03178,Customer_3178,57,Female,Meerut,2023-06-10
C03179,Customer_3179,45,Female,Chennai,2023-07-05
C03180,Customer_3180,64,Male,Pune,2023-05-23
C03181,Customer_3181,56,Female,Pune,2025-06-25
C03182,Customer_3182,23,Female,Unknown,2024-10-01
C03183,Customer_3183,26,Male,Chennai,2023-01-27
C03184,Customer_3184,37,Male,Hyderabad,2023-07-21
C03185,Customer_3185,18,Male,Hyderabad,2025-11-10
C03186,Customer_3186,25,Female,Meerut,2024-10-31
C03187,Customer_3187,40,Male,Bangalore,2025-10-28
C03188,Customer_3188,20,Male,Meerut,2024-04-16
C03189,Customer_3189,21,Female,Gurgaon,2023-09-16
C03190,Customer_3190,42,Female,Pune,2023-02-24
C03191,Customer_3191,64,Male,Hyderabad,2025-06-29
C03192,Customer_3192,55,Male,Ghaziabad,2025-10-26
C03193,Customer_3193,32,Female,Hyderabad,2024-07-07
C03194,Customer_3194,38,Female,Hyderabad,2025-12-09
C03195,Customer_3195,52,Female,Mumbai,2023-04-22
C03196,Customer_3196,63,Male,Pune,2023-05-26
C03197,Customer_3197,31,Female,Gurgaon,2023-08-18
C03198,Customer_3198,53,Female,Meerut,2024-05-11
C03199,Customer_3199,29,Female,Gurgaon,2024-04-05
C03200,Customer_3200,34,Female,Mumbai,2025-03-17
C03201,Customer_3201,56,Male,Bangalore,2023-08-14
C03202,Customer_3202,26,Male,Gurgaon,2023-02-28
C03203,Customer_3203,52,Female,Hyderabad,2024-03-03
C03204,Customer_3204,30,Female,Delhi,2024-12-28
C03205,Customer_3205,32,Female,Chennai,2025-07-20
C03206,Customer_3206,35,Male,Gurgaon,2024-05-12
C03207,Customer_3207,50,Female,Chennai,2025-03-26
C03208,Customer_3208,23,Female,Mumbai,2025-06-28
C03209,Customer_3209,44,Male,Gurgaon,2023-03-08
C03210,Customer_3210,40,Male,Gurgaon,2023-08-18
C03211,Customer_3211,44,Female,Noida,2025-09-09
C03212,Customer_3212,51,Female,Hyderabad,2023-11-29
C03213,Customer_3213,63,Female,Ghaziabad,2023-10-04
C03214,Customer_3214,55,Female,Chennai,2024-12-21
C03215,Customer_3215,31,Male,Bangalore,2023-05-24
C03216,Customer_3216,53,Male,Noida,2024-11-21
C03217,Customer_3217,25,Female,Hyderabad,2023-02-26
C03218,Customer_3218,52,Female,Mumbai,2023-11-04
C03219,Customer_3219,36,Female,Chennai,2023-06-23
C03220,Customer_3220,47,Female,Meerut,2025-01-19
C03221,Customer_3221,31,Male,Mumbai,2025-09-30
C03222,Customer_3222,37,Female,Ghaziabad,2024-11-08
C03223,Customer_3223,42,Male,Chennai,2024-07-13
C03224,Customer_3224,57,Male,Mumbai,2023-12-15
C03225,Customer_3225,41,Male,Noida,2025-12-26
C03226,Customer_3226,31,Male,Mumbai,2023-11-26
C03227,Customer_3227,43,Male,Ghaziabad,2023-07-13
C03228,Customer_3228,55,Male,Ghaziabad,2023-09-23
C03229,Customer_3229,40,Male,Delhi,2023-06-17
C03230,Customer_3230,39,Male,Gurgaon,2023-05-25
C03231,Customer_3231,36,Female,Meerut,2023-07-05
C03232,Customer_3232,63,Male,Meerut,2025-06-04
C03233,Customer_3233,20,Male,Noida,2025-05-14
C03234,Customer_3234,59,Female,Ghaziabad,2025-02-12
C03235,Customer_3235,36,Female,Delhi,2025-10-03
C03236,Customer_3236,26,Female,Hyderabad,2025-02-24
C03237,Customer_3237,45,Male,Delhi,2024-04-01
C03238,Customer_3238,37,Female,Bangalore,2023-12-11
C03239,Customer_3239,62,Male,Mumbai,2025-01-04
C03240,Customer_3240,24,Male,Gurgaon,2024-07-07
C03241,Customer_3241,31,Male,Delhi,2025-10-17
C03242,Customer_3242,26,Female,Mumbai,2025-02-26
C03243,Customer_3243,36,Male,Gurgaon,2025-07-24
C03244,Customer_3244,64,Male,Chennai,2024-12-05
C03245,Customer_3245,31,Male,Bangalore,2023-09-04
C03246,Customer_3246,55,Female,Bangalore,2025-03-22
C03247,Customer_3247,53,Female,Ghaziabad,2025-11-12
C03248,Customer_3248,57,Male,Bangalore,2025-08-10
C03249,Customer_3249,34,Female,Chennai,2025-03-25
C03250,Customer_3250,47,Female,Ghaziabad,2023-05-24
C03251,Customer_3251,26,Female,Pune,2024-12-30
C03252,Customer_3252,50,Male,Hyderabad,2025-05-12
C03253,Customer_3253,42,Female,Noida,2024-04-09
C03254,Customer_3254,31,Male,Mumbai,2024-01-10
C03255,Customer_3255,28,Female,Hyderabad,2024-11-07
C03256,Customer_3256,52,Male,Hyderabad,2024-11-22
C03257,Customer_3257,58,Male,Meerut,2024-09-20
C03258,Customer_3258,31,Male,Delhi,2024-07-09
C03259,Customer_3259,47,Female,Bangalore,2025-05-12
C03260,Customer_3260,58,Male,Pune,2023-03-15
C03261,Customer_3261,21,Female,Delhi,2024-03-13
C03262,Customer_3262,21,Male,Noida,2025-05-30
C03263,Customer_3263,45,Female,Delhi,2023-08-14
C03264,Customer_3264,25,Female,Meerut,2023-11-04
C03265,Customer_3265,19,Female,Noida,2025-08-23
C03266,Customer_3266,58,Female,Chennai,2023-12-14
C03267,Customer_3267,63,Female,Chennai,2024-04-20
C03268,Customer_3268,39,Male,Ghaziabad,2024-06-08
C03269,Customer_3269,58,Female,Delhi,2024-06-07
C03270,Customer_3270,33,Male,Mumbai,2024-07-15
C03271,Customer_3271,46,Female,Pune,2024-07-22
C03272,Customer_3272,47,Female,Meerut,2023-04-16
C03273,Customer_3273,29,Male,Noida,2023-07-10
C03274,Customer_3274,52,Male,Pune,2024-11-30
C03275,Customer_3275,28,Male,Delhi,2025-04-10
C03276,Customer_3276,63,Female,Mumbai,2023-03-13
C03277,Customer_3277,38,Female,Delhi,2025-01-24
C03278,Customer_3278,38,Female,Bangalore,2024-04-01
C03279,Customer_3279,22,Female,Bangalore,2025-06-23
C03280,Customer_3280,37,Female,Meerut,2024-04-23
C03281,Customer_3281,54,Male,Noida,2023-02-21
C03282,Customer_3282,20,Male,Noida,2025-09-30
C03283,Customer_3283,61,Female,Hyderabad,2024-07-27
C03284,Customer_3284,50,Female,Meerut,2025-06-11
C03285,Customer_3285,26,Female,Meerut,2023-09-12
C03286,Customer_3286,26,Male,Mumbai,2024-11-15
C03287,Customer_3287,21,Male,Bangalore,2023-02-26
C03288,Customer_3288,52,Male,Noida,2025-08-07
C03289,Customer_3289,34,Male,Delhi,2025-12-26
C03290,Customer_3290,51,Male,Meerut,2025-12-05
C03291,Customer_3291,41,Female,Ghaziabad,2024-08-28
C03292,Customer_3292,49,Male,Gurgaon,2024-01-04
C03293,Customer_3293,18,Female,Noida,2023-08-20
C03294,Customer_3294,25,Male,Chennai,2025-06-26
C03295,Customer_3295,62,Female,Noida,2025-11-12
C03296,Customer_3296,40,Male,Ghaziabad,2024-07-27
C03297,Customer_3297,64,Male,Noida,2025-04-20
C03298,Customer_3298,57,Male,Ghaziabad,2023-04-28
C03299,Customer_3299,29,Other,Gurgaon,2025-12-14
C03300,Customer_3300,29,Female,Hyderabad,2023-09-25
C03301,Customer_3301,63,Male,Mumbai,2023-04-23
C03302,Customer_3302,64,Male,Gurgaon,2023-06-15
C03303,Customer_3303,32,Female,Pune,2024-10-29
C03304,Customer_3304,58,Male,Hyderabad,2025-10-28
C03305,Customer_3305,36,Male,Mumbai,2024-12-14
C03306,Customer_3306,43,Female,Bangalore,2024-03-06
C03307,Customer_3307,46,Female,Ghaziabad,2025-06-11
C03308,Customer_3308,39,Male,Meerut,2025-12-09
C03309,Customer_3309,57,Male,Pune,2023-04-17
C03310,Customer_3310,38,Female,Gurgaon,2025-10-29
C03311,Customer_3311,55,Male,Noida,2025-01-14
C03312,Customer_3312,37,Male,Gurgaon,2024-11-30
C03313,Customer_3313,46,Female,Mumbai,2023-11-19
C03314,Customer_3314,21,Female,Pune,2023-11-05
C03315,Customer_3315,24,Male,Delhi,2025-04-29
C03316,Customer_3316,45,Other,Mumbai,2024-09-13
C03317,Customer_3317,45,Female,Hyderabad,2025-09-21
C03318,Customer_3318,21,Male,Gurgaon,2023-05-25
C03319,Customer_3319,39,Other,Gurgaon,2025-01-09
C03320,Customer_3320,29,Male,Pune,2025-03-31
C03321,Customer_3321,62,Male,Ghaziabad,2024-02-16
C03322,Customer_3322,20,Female,Unknown,2023-04-24
C03323,Customer_3323,39,Male,Meerut,2024-07-28
C03324,Customer_3324,61,Male,Gurgaon,2024-02-03
C03325,Customer_3325,19,Male,Ghaziabad,2023-05-04
C03326,Customer_3326,41,Male,Ghaziabad,2023-03-27
C03327,Customer_3327,51,Female,Pune,2023-02-16
C03328,Customer_3328,44,Female,Bangalore,2025-08-01
C03329,Customer_3329,58,Other,Mumbai,2025-03-14
C03330,Customer_3330,18,Male,Hyderabad,2024-01-24
C03331,Customer_3331,25,Male,Bangalore,2024-07-29
C03332,Customer_3332,40,Male,Gurgaon,2024-09-23
C03333,Customer_3333,55,Male,Gurgaon,2024-12-14
C03334,Customer_3334,23,Male,Gurgaon,2025-12-05
C03335,Customer_3335,39,Female,Chennai,2024-09-13
C03336,Customer_3336,42,Female,Noida,2023-02-15
C03337,Customer_3337,35,Other,Delhi,2024-12-24
C03338,Customer_3338,34,Male,Chennai,2024-06-23
C03339,Customer_3339,29,Female,Delhi,2023-03-28
C03340,Customer_3340,23,Male,Ghaziabad,2025-03-13
C03341,Customer_3341,43,Male,Unknown,2023-09-22
C03342,Customer_3342,44,Female,Meerut,2025-11-11
C03343,Customer_3343,25,Female,Hyderabad,2024-12-03
C03344,Customer_3344,36,Male,Pune,2023-08-20
C03345,Customer_3345,59,Male,Hyderabad,2023-07-05
C03346,Customer_3346,18,Male,Meerut,2023-11-22
C03347,Customer_3347,46,Female,Pune,2024-02-01
C03348,Customer_3348,62,Male,Ghaziabad,2025-12-24
C03349,Customer_3349,52,Other,Meerut,2025-08-13
C03350,Customer_3350,57,Male,Gurgaon,2024-07-08
C03351,Customer_3351,31,Male,Meerut,2025-01-02
C03352,Customer_3352,52,Female,Unknown,2025-11-06
C03353,Customer_3353,62,Female,Meerut,2025-03-07
C03354,Customer_3354,37,Male,Meerut,2024-01-26
C03355,Customer_3355,30,Female,Bangalore,2023-02-13
C03356,Customer_3356,55,Female,Hyderabad,2025-06-19
C03357,Customer_3357,63,Female,Delhi,2024-04-26
C03358,Customer_3358,25,Female,Chennai,2024-07-19
C03359,Customer_3359,60,Female,Bangalore,2023-08-08
C03360,Customer_3360,37,Female,Delhi,2025-02-10
C03361,Customer_3361,50,Female,Bangalore,2024-02-13
C03362,Customer_3362,43,Male,Noida,2024-04-15
C03363,Customer_3363,56,Male,Pune,2025-12-20
C03364,Customer_3364,38,Male,Gurgaon,2023-06-15
C03365,Customer_3365,59,Male,Chennai,2024-11-02
C03366,Customer_3366,60,Male,Bangalore,2023-04-21
C03367,Customer_3367,58,Other,Bangalore,2024-07-02
C03368,Customer_3368,26,Male,Ghaziabad,2025-10-23
C03369,Customer_3369,41,Male,Meerut,2025-11-02
C03370,Customer_3370,54,Female,Noida,2023-12-10
C03371,Customer_3371,58,Male,Chennai,2023-11-28
C03372,Customer_3372,34,Male,Chennai,2023-09-21
C03373,Customer_3373,41,Male,Pune,2023-03-24
C03374,Customer_3374,38,Male,Chennai,2025-02-15
C03375,Customer_3375,56,Male,Mumbai,2025-07-12
C03376,Customer_3376,58,Female,Chennai,2023-11-30
C03377,Customer_3377,56,Female,Bangalore,2024-10-19
C03378,Customer_3378,30,Male,Mumbai,2024-03-29
C03379,Customer_3379,28,Male,Delhi,2024-11-03
C03380,Customer_3380,63,Male,Meerut,2025-01-10
C03381,Customer_3381,36,Female,Mumbai,2023-11-29
C03382,Customer_3382,28,Male,Delhi,2023-11-06
C03383,Customer_3383,30,Male,Noida,2024-12-27
C03384,Customer_3384,63,Female,Hyderabad,2023-12-20
C03385,Customer_3385,62,Male,Gurgaon,2025-04-03
C03386,Customer_3386,18,Male,Bangalore,2023-05-25
C03387,Customer_3387,57,Male,Mumbai,2025-10-30
C03388,Customer_3388,61,Female,Hyderabad,2025-12-03
C03389,Customer_3389,36,Female,Meerut,2025-06-28
C03390,Customer_3390,29,Female,Ghaziabad,2025-01-30
C03391,Customer_3391,25,Female,Noida,2024-05-09
C03392,Customer_3392,25,Female,Gurgaon,2024-10-03
C03393,Customer_3393,62,Other,Meerut,2024-06-14
C03394,Customer_3394,29,Other,Noida,2024-05-27
C03395,Customer_3395,50,Male,Ghaziabad,2023-05-10
C03396,Customer_3396,62,Female,Delhi,2025-10-04
C03397,Customer_3397,43,Male,Ghaziabad,2025-01-03
C03398,Customer_3398,56,Male,Mumbai,2025-08-04
C03399,Customer_3399,45,Female,Gurgaon,2025-09-28
C03400,Customer_3400,22,Male,Chennai,2024-04-08
C03401,Customer_3401,25,Female,Pune,2023-05-21
C03402,Customer_3402,42,Male,Bangalore,2025-05-31
C03403,Customer_3403,44,Female,Bangalore,2024-03-31
C03404,Customer_3404,63,Female,Delhi,2024-03-09
C03405,Customer_3405,40,Female,Meerut,2023-06-22
C03406,Customer_3406,47,Male,Gurgaon,2024-04-17
C03407,Customer_3407,62,Male,Chennai,2025-10-16
C03408,Customer_3408,64,Female,Delhi,2025-07-05
C03409,Customer_3409,40,Male,Pune,2024-03-14
C03410,Customer_3410,64,Other,Mumbai,2025-10-12
C03411,Customer_3411,37,Female,Mumbai,2025-12-16
C03412,Customer_3412,35,Male,Chennai,2024-05-12
C03413,Customer_3413,35,Male,Chennai,2023-06-18
C03414,Customer_3414,19,Male,Chennai,2025-09-15
C03415,Customer_3415,21,Female,Ghaziabad,2024-07-14
C03416,Customer_3416,47,Male,Bangalore,2024-03-03
C03417,Customer_3417,50,Male,Hyderabad,2024-02-23
C03418,Customer_3418,53,Male,Gurgaon,2024-03-30
C03419,Customer_3419,35,Female,Hyderabad,2024-12-14
C03420,Customer_3420,54,Male,Ghaziabad,2023-07-21
C03421,Customer_3421,36,Male,Meerut,2023-06-28
C03422,Customer_3422,64,Female,Mumbai,2023-02-26
C03423,Customer_3423,45,Female,Bangalore,2025-08-03
C03424,Customer_3424,57,Female,Chennai,2024-05-15
C03425,Customer_3425,37,Male,Pune,2025-01-08
C03426,Customer_3426,50,Male,Pune,2023-04-22
C03427,Customer_3427,29,Female,Pune,2024-12-15
C03428,Customer_3428,32,Male,Gurgaon,2025-05-26
C03429,Customer_3429,58,Female,Chennai,2025-12-15
C03430,Customer_3430,56,Female,Bangalore,2025-03-23
C03431,Customer_3431,19,Male,Mumbai,2025-08-21
C03432,Customer_3432,46,Female,Hyderabad,2025-12-13
C03433,Customer_3433,58,Female,Chennai,2023-02-06
C03434,Customer_3434,27,Male,Chennai,2025-10-09
C03435,Customer_3435,19,Female,Ghaziabad,2025-05-12
C03436,Customer_3436,28,Male,Meerut,2025-01-01
C03437,Customer_3437,30,Male,Pune,2025-03-20
C03438,Customer_3438,27,Male,Delhi,2025-10-21
C03439,Customer_3439,31,Female,Bangalore,2023-01-23
C03440,Customer_3440,35,Female,Ghaziabad,2025-03-06
C03441,Customer_3441,26,Female,Meerut,2024-05-10
C03442,Customer_3442,56,Male,Meerut,2025-06-18
C03443,Customer_3443,45,Female,Noida,2024-02-29
C03444,Customer_3444,20,Male,Pune,2024-11-30
C03445,Customer_3445,37,Female,Noida,2023-01-18
C03446,Customer_3446,23,Male,Ghaziabad,2024-09-18
C03447,Customer_3447,44,Male,Meerut,2025-11-28
C03448,Customer_3448,19,Male,Delhi,2023-07-30
C03449,Customer_3449,46,Female,Bangalore,2024-07-18
C03450,Customer_3450,55,Male,Noida,2025-08-29
C03451,Customer_3451,20,Female,Meerut,2023-05-13
C03452,Customer_3452,33,Male,Bangalore,2024-03-24
C03453,Customer_3453,47,Male,Pune,2023-09-21
C03454,Customer_3454,57,Male,Hyderabad,2023-04-21
C03455,Customer_3455,19,Female,Bangalore,2025-04-29
C03456,Customer_3456,34,Female,Meerut,2025-06-19
C03457,Customer_3457,58,Male,Unknown,2025-01-28
C03458,Customer_3458,29,Male,Noida,2025-05-10
C03459,Customer_3459,52,Male,Noida,2025-06-15
C03460,Customer_3460,60,Female,Mumbai,2025-05-11
C03461,Customer_3461,18,Male,Meerut,2023-07-12
C03462,Customer_3462,62,Female,Mumbai,2024-05-29
C03463,Customer_3463,32,Female,Delhi,2025-02-28
C03464,Customer_3464,43,Male,Delhi,2025-08-25
C03465,Customer_3465,54,Female,Meerut,2023-03-25
C03466,Customer_3466,38,Female,Noida,2025-03-08
C03467,Customer_3467,48,Female,Pune,2023-03-21
C03468,Customer_3468,42,Male,Gurgaon,2024-06-05
C03469,Customer_3469,40,Male,Delhi,2023-08-22
C03470,Customer_3470,41,Male,Noida,2023-09-01
C03471,Customer_3471,55,Male,Chennai,2025-04-28
C03472,Customer_3472,45,Male,Chennai,2024-01-28
C03473,Customer_3473,38,Male,Mumbai,2023-01-09
C03474,Customer_3474,60,Female,Bangalore,2024-09-04
C03475,Customer_3475,35,Male,Pune,2025-03-17
C03476,Customer_3476,53,Male,Mumbai,2024-12-15
C03477,Customer_3477,52,Male,Chennai,2023-04-20
C03478,Customer_3478,62,Female,Pune,2025-04-13
C03479,Customer_3479,26,Female,Gurgaon,2023-09-23
C03480,Customer_3480,55,Female,Bangalore,2025-09-02
C03481,Customer_3481,47,Male,Mumbai,2025-08-12
C03482,Customer_3482,61,Other,Chennai,2025-06-25
C03483,Customer_3483,51,Male,Delhi,2024-11-02
C03484,Customer_3484,49,Male,Delhi,2023-06-25
C03485,Customer_3485,20,Male,Mumbai,2024-06-08
C03486,Customer_3486,20,Male,Gurgaon,2025-12-26
C03487,Customer_3487,45,Male,Gurgaon,2025-08-09
C03488,Customer_3488,61,Female,Meerut,2025-11-24
C03489,Customer_3489,32,Female,Bangalore,2024-05-19
C03490,Customer_3490,58,Male,Noida,2025-04-28
C03491,Customer_3491,40,Female,Gurgaon,2025-08-20
C03492,Customer_3492,57,Male,Bangalore,2024-04-16
C03493,Customer_3493,28,Male,Gurgaon,2024-06-06
C03494,Customer_3494,49,Female,Meerut,2025-05-29
C03495,Customer_3495,53,Female,Hyderabad,2023-10-01
C03496,Customer_3496,50,Male,Gurgaon,2023-02-23
C03497,Customer_3497,41,Male,Bangalore,2025-12-14
C03498,Customer_3498,56,Female,Meerut,2025-06-06
C03499,Customer_3499,51,Female,Meerut,2025-01-14
C03500,Customer_3500,45,Female,Bangalore,2023-10-04
C03501,Customer_3501,54,Male,Bangalore,2025-06-01
C03502,Customer_3502,24,Male,Delhi,2024-09-23
C03503,Customer_3503,21,Male,Hyderabad,2024-07-23
C03504,Customer_3504,54,Male,Meerut,2023-06-25
C03505,Customer_3505,18,Female,Delhi,2024-07-19
C03506,Customer_3506,18,Male,Pune,2025-02-09
C03507,Customer_3507,64,Male,Mumbai,2023-09-19
C03508,Customer_3508,37,Female,Mumbai,2024-06-14
C03509,Customer_3509,36,Female,Meerut,2025-06-09
C03510,Customer_3510,46,Male,Delhi,2025-08-05
C03511,Customer_3511,27,Female,Hyderabad,2024-08-07
C03512,Customer_3512,35,Female,Hyderabad,2025-03-25
C03513,Customer_3513,45,Female,Pune,2023-10-29
C03514,Customer_3514,52,Male,Meerut,2024-09-19
C03515,Customer_3515,60,Female,Gurgaon,2024-07-26
C03516,Customer_3516,64,Female,Pune,2024-06-12
C03517,Customer_3517,48,Male,Delhi,2023-02-03
C03518,Customer_3518,44,Male,Gurgaon,2024-06-15
C03519,Customer_3519,28,Female,Mumbai,2024-01-06
C03520,Customer_3520,55,Male,Ghaziabad,2024-02-13
C03521,Customer_3521,22,Female,Mumbai,2024-09-08
C03522,Customer_3522,25,Male,Meerut,2023-03-12
C03523,Customer_3523,51,Male,Bangalore,2023-03-25
C03524,Customer_3524,29,Male,Mumbai,2023-07-28
C03525,Customer_3525,55,Female,Chennai,2023-09-16
C03526,Customer_3526,18,Male,Mumbai,2025-07-20
C03527,Customer_3527,48,Female,Mumbai,2023-10-09
C03528,Customer_3528,21,Female,Mumbai,2024-01-29
C03529,Customer_3529,62,Female,Mumbai,2024-02-22
C03530,Customer_3530,22,Female,Gurgaon,2025-05-08
C03531,Customer_3531,47,Female,Gurgaon,2024-09-17
C03532,Customer_3532,41,Male,Mumbai,2024-07-15
C03533,Customer_3533,20,Female,Noida,2025-04-11
C03534,Customer_3534,28,Female,Noida,2025-07-29
C03535,Customer_3535,62,Male,Gurgaon,2023-03-03
C03536,Customer_3536,21,Male,Ghaziabad,2025-01-03
C03537,Customer_3537,43,Female,Bangalore,2025-02-20
C03538,Customer_3538,44,Male,Pune,2024-06-22
C03539,Customer_3539,63,Female,Chennai,2024-08-19
C03540,Customer_3540,60,Male,Chennai,2023-01-09
C03541,Customer_3541,44,Male,Mumbai,2023-10-03
C03542,Customer_3542,59,Female,Ghaziabad,2023-08-15
C03543,Customer_3543,23,Male,Noida,2023-07-05
C03544,Customer_3544,32,Male,Unknown,2024-08-13
C03545,Customer_3545,47,Female,Ghaziabad,2024-03-08
C03546,Customer_3546,59,Male,Bangalore,2024-07-22
C03547,Customer_3547,54,Female,Gurgaon,2024-10-17
C03548,Customer_3548,54,Female,Bangalore,2023-12-22
C03549,Customer_3549,59,Female,Meerut,2025-04-22
C03550,Customer_3550,54,Male,Meerut,2024-01-27
C03551,Customer_3551,52,Male,Noida,2024-08-01
C03552,Customer_3552,40,Female,Pune,2024-02-24
C03553,Customer_3553,23,Female,Meerut,2023-06-13
C03554,Customer_3554,21,Female,Noida,2025-02-17
C03555,Customer_3555,35,Female,Mumbai,2024-09-29
C03556,Customer_3556,26,Male,Hyderabad,2023-01-17
C03557,Customer_3557,46,Male,Hyderabad,2024-03-21
C03558,Customer_3558,30,Male,Delhi,2023-06-19
C03559,Customer_3559,64,Male,Mumbai,2023-12-06
C03560,Customer_3560,34,Male,Hyderabad,2024-12-26
C03561,Customer_3561,62,Female,Bangalore,2025-10-31
C03562,Customer_3562,49,Male,Delhi,2023-05-13
C03563,Customer_3563,39,Male,Noida,2025-06-19
C03564,Customer_3564,21,Male,Ghaziabad,2024-10-01
C03565,Customer_3565,22,Female,Ghaziabad,2025-04-02
C03566,Customer_3566,54,Female,Noida,2025-08-11
C03567,Customer_3567,58,Female,Pune,2023-03-20
C03568,Customer_3568,30,Female,Noida,2023-12-12
C03569,Customer_3569,51,Male,Gurgaon,2024-08-31
C03570,Customer_3570,62,Female,Ghaziabad,2024-09-30
C03571,Customer_3571,39,Male,Hyderabad,2025-11-13
C03572,Customer_3572,40,Male,Chennai,2023-05-11
C03573,Customer_3573,20,Female,Delhi,2023-12-22
C03574,Customer_3574,59,Female,Pune,2025-08-01
C03575,Customer_3575,51,Male,Meerut,2023-05-30
C03576,Customer_3576,49,Male,Mumbai,2023-02-19
C03577,Customer_3577,62,Female,Pune,2024-04-08
C03578,Customer_3578,38,Male,Meerut,2024-03-30
C03579,Customer_3579,63,Male,Pune,2023-12-01
C03580,Customer_3580,61,Male,Chennai,2024-10-29
C03581,Customer_3581,38,Male,Pune,2023-11-23
C03582,Customer_3582,61,Female,Hyderabad,2025-10-12
C03583,Customer_3583,28,Male,Noida,2023-12-02
C03584,Customer_3584,56,Male,Gurgaon,2024-10-27
C03585,Customer_3585,21,Female,Delhi,2025-09-21
C03586,Customer_3586,18,Female,Unknown,2023-03-22
C03587,Customer_3587,45,Male,Meerut,2023-03-28
C03588,Customer_3588,41,Male,Delhi,2023-09-15
C03589,Customer_3589,52,Male,Pune,2025-09-17
C03590,Customer_3590,30,Female,Noida,2023-07-04
C03591,Customer_3591,64,Female,Delhi,2024-11-28
C03592,Customer_3592,51,Female,Noida,2023-05-03
C03593,Customer_3593,28,Female,Meerut,2024-08-27
C03594,Customer_3594,53,Female,Hyderabad,2024-05-29
C03595,Customer_3595,34,Female,Hyderabad,2025-06-22
C03596,Customer_3596,52,Female,Noida,2023-11-01
C03597,Customer_3597,35,Male,Noida,2024-10-18
C03598,Customer_3598,57,Other,Gurgaon,2023-09-19
C03599,Customer_3599,39,Male,Mumbai,2024-05-05
C03600,Customer_3600,41,Male,Unknown,2025-01-07
C03601,Customer_3601,36,Female,Delhi,2025-11-20
C03602,Customer_3602,54,Male,Bangalore,2024-12-02
C03603,Customer_3603,56,Female,Gurgaon,2025-06-05
C03604,Customer_3604,38,Female,Delhi,2023-01-12
C03605,Customer_3605,25,Male,Ghaziabad,2023-04-01
C03606,Customer_3606,45,Female,Delhi,2024-08-22
C03607,Customer_3607,22,Male,Delhi,2023-10-28
C03608,Customer_3608,34,Male,Noida,2023-03-21
C03609,Customer_3609,54,Female,Chennai,2025-04-15
C03610,Customer_3610,53,Female,Pune,2024-10-13
C03611,Customer_3611,36,Female,Noida,2024-03-08
C03612,Customer_3612,44,Male,Noida,2024-02-21
C03613,Customer_3613,51,Female,Chennai,2023-01-18
C03614,Customer_3614,28,Male,Chennai,2025-12-13
C03615,Customer_3615,62,Female,Pune,2025-01-15
C03616,Customer_3616,64,Male,Bangalore,2023-08-28
C03617,Customer_3617,29,Female,Ghaziabad,2025-04-25
C03618,Customer_3618,38,Male,Gurgaon,2024-02-22
C03619,Customer_3619,28,Male,Delhi,2025-05-05
C03620,Customer_3620,56,Female,Gurgaon,2024-08-21
C03621,Customer_3621,45,Female,Hyderabad,2024-02-24
C03622,Customer_3622,22,Female,Meerut,2023-08-04
C03623,Customer_3623,34,Female,Bangalore,2024-12-09
C03624,Customer_3624,37,Female,Meerut,2024-07-04
C03625,Customer_3625,58,Female,Delhi,2025-08-23
C03626,Customer_3626,63,Male,Chennai,2025-04-12
C03627,Customer_3627,29,Female,Delhi,2024-11-10
C03628,Customer_3628,23,Male,Ghaziabad,2024-05-01
C03629,Customer_3629,34,Female,Gurgaon,2024-09-14
C03630,Customer_3630,36,Female,Pune,2023-08-07
C03631,Customer_3631,43,Female,Mumbai,2024-12-21
C03632,Customer_3632,61,Female,Mumbai,2024-01-16
C03633,Customer_3633,61,Female,Pune,2023-03-28
C03634,Customer_3634,49,Female,Chennai,2025-03-25
C03635,Customer_3635,23,Male,Mumbai,2024-02-15
C03636,Customer_3636,53,Female,Chennai,2024-11-21
C03637,Customer_3637,55,Male,Noida,2025-10-09
C03638,Customer_3638,28,Female,Ghaziabad,2024-06-08
C03639,Customer_3639,50,Male,Bangalore,2024-03-22
C03640,Customer_3640,41,Male,Gurgaon,2023-10-27
C03641,Customer_3641,40,Male,Gurgaon,2024-02-12
C03642,Customer_3642,32,Male,Bangalore,2024-01-10
C03643,Customer_3643,44,Female,Delhi,2023-08-21
C03644,Customer_3644,28,Male,Delhi,2024-09-29
C03645,Customer_3645,34,Female,Meerut,2024-10-11
C03646,Customer_3646,31,Male,Delhi,2025-08-18
C03647,Customer_3647,44,Female,Chennai,2025-12-08
C03648,Customer_3648,35,Female,Pune,2023-07-05
C03649,Customer_3649,45,Female,Noida,2023-03-19
C03650,Customer_3650,64,Female,Bangalore,2023-07-13
C03651,Customer_3651,64,Male,Chennai,2023-10-14
C03652,Customer_3652,21,Female,Chennai,2023-09-07
C03653,Customer_3653,24,Male,Meerut,2024-06-19
C03654,Customer_3654,62,Female,Chennai,2023-10-27
C03655,Customer_3655,52,Female,Ghaziabad,2025-03-19
C03656,Customer_3656,26,Male,Delhi,2024-04-02
C03657,Customer_3657,25,Female,Gurgaon,2024-11-21
C03658,Customer_3658,62,Female,Ghaziabad,2024-12-18
C03659,Customer_3659,34,Male,Noida,2023-02-09
C03660,Customer_3660,34,Male,Noida,2023-04-18
C03661,Customer_3661,50,Male,Noida,2023-09-18
C03662,Customer_3662,49,Female,Delhi,2024-06-09
C03663,Customer_3663,25,Female,Chennai,2024-12-10
C03664,Customer_3664,36,Male,Noida,2023-05-06
C03665,Customer_3665,55,Male,Bangalore,2025-12-21
C03666,Customer_3666,20,Female,Gurgaon,2023-02-23
C03667,Customer_3667,22,Female,Chennai,2023-12-12
C03668,Customer_3668,30,Male,Meerut,2023-05-16
C03669,Customer_3669,64,Male,Delhi,2023-11-26
C03670,Customer_3670,63,Female,Pune,2023-05-16
C03671,Customer_3671,48,Male,Ghaziabad,2025-03-23
C03672,Customer_3672,33,Male,Hyderabad,2025-05-01
C03673,Customer_3673,49,Female,Ghaziabad,2025-05-20
C03674,Customer_3674,39,Female,Noida,2025-06-10
C03675,Customer_3675,46,Male,Gurgaon,2024-09-26
C03676,Customer_3676,39,Male,Meerut,2024-10-30
C03677,Customer_3677,60,Male,Chennai,2025-11-06
C03678,Customer_3678,20,Male,Bangalore,2023-09-26
C03679,Customer_3679,27,Female,Mumbai,2025-05-10
C03680,Customer_3680,59,Male,Ghaziabad,2024-04-26
C03681,Customer_3681,38,Female,Mumbai,2023-10-12
C03682,Customer_3682,33,Female,Chennai,2025-11-26
C03683,Customer_3683,29,Male,Unknown,2023-04-13
C03684,Customer_3684,19,Male,Mumbai,2025-03-02
C03685,Customer_3685,58,Female,Ghaziabad,2023-08-27
C03686,Customer_3686,41,Female,Pune,2025-01-10
C03687,Customer_3687,52,Female,Hyderabad,2024-10-06
C03688,Customer_3688,47,Male,Mumbai,2025-05-31
C03689,Customer_3689,47,Female,Pune,2024-08-29
C03690,Customer_3690,64,Female,Pune,2023-07-07
C03691,Customer_3691,52,Female,Noida,2025-06-06
C03692,Customer_3692,36,Male,Hyderabad,2025-09-13
C03693,Customer_3693,25,Female,Bangalore,2025-07-12
C03694,Customer_3694,43,Female,Ghaziabad,2025-03-04
C03695,Customer_3695,57,Male,Meerut,2024-06-13
C03696,Customer_3696,24,Female,Chennai,2024-11-06
C03697,Customer_3697,47,Male,Meerut,2024-01-27
C03698,Customer_3698,24,Male,Mumbai,2024-11-02
C03699,Customer_3699,20,Male,Hyderabad,2025-05-10
C03700,Customer_3700,18,Female,Mumbai,2024-04-10
C03701,Customer_3701,53,Male,Hyderabad,2025-04-18
C03702,Customer_3702,42,Male,Ghaziabad,2025-09-14
C03703,Customer_3703,54,Female,Chennai,2025-12-09
C03704,Customer_3704,18,Male,Chennai,2023-01-04
C03705,Customer_3705,32,Female,Ghaziabad,2025-05-01
C03706,Customer_3706,54,Female,Bangalore,2024-06-18
C03707,Customer_3707,30,Female,Pune,2025-06-21
C03708,Customer_3708,57,Female,Hyderabad,2025-12-20
C03709,Customer_3709,25,Female,Delhi,2024-10-07
C03710,Customer_3710,22,Male,Delhi,2023-01-24
C03711,Customer_3711,26,Female,Pune,2024-07-10
C03712,Customer_3712,18,Male,Mumbai,2024-11-21
C03713,Customer_3713,53,Female,Hyderabad,2023-12-22
C03714,Customer_3714,52,Male,Gurgaon,2025-05-19
C03715,Customer_3715,19,Female,Chennai,2025-07-29
C03716,Customer_3716,57,Female,Meerut,2024-07-28
C03717,Customer_3717,40,Female,Gurgaon,2023-01-29
C03718,Customer_3718,26,Male,Meerut,2023-12-23
C03719,Customer_3719,51,Male,Chennai,2023-12-31
C03720,Customer_3720,63,Female,Delhi,2024-08-30
C03721,Customer_3721,31,Female,Ghaziabad,2024-02-13
C03722,Customer_3722,21,Male,Bangalore,2024-07-20
C03723,Customer_3723,47,Other,Noida,2023-08-07
C03724,Customer_3724,48,Female,Mumbai,2023-06-22
C03725,Customer_3725,55,Male,Pune,2024-08-30
C03726,Customer_3726,28,Female,Delhi,2025-11-01
C03727,Customer_3727,52,Female,Ghaziabad,2025-05-07
C03728,Customer_3728,25,Male,Ghaziabad,2024-10-18
C03729,Customer_3729,20,Male,Meerut,2025-08-26
C03730,Customer_3730,31,Female,Ghaziabad,2024-03-16
C03731,Customer_3731,30,Female,Hyderabad,2024-09-08
C03732,Customer_3732,62,Male,Mumbai,2023-08-14
C03733,Customer_3733,49,Female,Noida,2024-01-06
C03734,Customer_3734,51,Female,Delhi,2023-01-28
C03735,Customer_3735,62,Female,Hyderabad,2025-10-04
C03736,Customer_3736,36,Male,Delhi,2025-09-21
C03737,Customer_3737,55,Female,Bangalore,2023-01-16
C03738,Customer_3738,33,Male,Noida,2023-11-29
C03739,Customer_3739,19,Male,Ghaziabad,2024-04-27
C03740,Customer_3740,57,Male,Bangalore,2024-07-19
C03741,Customer_3741,34,Female,Meerut,2023-04-24
C03742,Customer_3742,51,Female,Bangalore,2023-02-07
C03743,Customer_3743,59,Male,Gurgaon,2024-03-29
C03744,Customer_3744,33,Female,Meerut,2025-01-11
C03745,Customer_3745,55,Male,Noida,2023-06-15
C03746,Customer_3746,19,Male,Mumbai,2024-11-24
C03747,Customer_3747,19,Other,Gurgaon,2023-07-24
C03748,Customer_3748,43,Female,Delhi,2025-05-27
C03749,Customer_3749,30,Male,Pune,2023-09-02
C03750,Customer_3750,64,Female,Pune,2025-07-31
C03751,Customer_3751,48,Male,Gurgaon,2025-03-31
C03752,Customer_3752,51,Male,Mumbai,2024-05-21
C03753,Customer_3753,56,Female,Unknown,2025-07-12
C03754,Customer_3754,20,Female,Pune,2024-02-14
C03755,Customer_3755,25,Male,Gurgaon,2023-11-06
C03756,Customer_3756,40,Female,Noida,2023-03-09
C03757,Customer_3757,31,Female,Chennai,2023-04-24
C03758,Customer_3758,44,Male,Mumbai,2023-08-08
C03759,Customer_3759,46,Female,Mumbai,2023-08-08
C03760,Customer_3760,56,Female,Hyderabad,2024-12-30
C03761,Customer_3761,56,Female,Meerut,2025-01-18
C03762,Customer_3762,18,Female,Ghaziabad,2025-07-31
C03763,Customer_3763,34,Female,Pune,2024-01-21
C03764,Customer_3764,58,Male,Ghaziabad,2025-07-18
C03765,Customer_3765,47,Female,Ghaziabad,2024-02-09
C03766,Customer_3766,30,Female,Noida,2024-05-06
C03767,Customer_3767,38,Male,Delhi,2023-12-23
C03768,Customer_3768,36,Female,Ghaziabad,2023-08-03
C03769,Customer_3769,36,Female,Mumbai,2025-01-21
C03770,Customer_3770,42,Female,Hyderabad,2025-04-06
C03771,Customer_3771,39,Male,Hyderabad,2024-06-11
C03772,Customer_3772,48,Male,Chennai,2025-07-04
C03773,Customer_3773,34,Female,Delhi,2024-10-27
C03774,Customer_3774,40,Male,Unknown,2024-12-10
C03775,Customer_3775,49,Female,Mumbai,2024-06-18
C03776,Customer_3776,27,Male,Mumbai,2024-07-07
C03777,Customer_3777,27,Male,Chennai,2023-11-24
C03778,Customer_3778,53,Male,Bangalore,2025-06-20
C03779,Customer_3779,25,Male,Chennai,2023-05-30
C03780,Customer_3780,37,Female,Ghaziabad,2025-11-21
C03781,Customer_3781,49,Male,Gurgaon,2024-10-18
C03782,Customer_3782,31,Male,Hyderabad,2025-03-16
C03783,Customer_3783,45,Male,Chennai,2023-10-20
C03784,Customer_3784,63,Female,Ghaziabad,2025-07-07
C03785,Customer_3785,41,Male,Pune,2024-11-19
C03786,Customer_3786,32,Female,Delhi,2025-08-14
C03787,Customer_3787,39,Female,Mumbai,2025-12-20
C03788,Customer_3788,47,Female,Bangalore,2024-02-20
C03789,Customer_3789,21,Female,Delhi,2024-08-20
C03790,Customer_3790,30,Female,Ghaziabad,2023-01-07
C03791,Customer_3791,40,Female,Meerut,2025-07-06
C03792,Customer_3792,25,Male,Pune,2023-03-26
C03793,Customer_3793,35,Male,Ghaziabad,2025-02-12
C03794,Customer_3794,29,Male,Gurgaon,2025-08-14
C03795,Customer_3795,48,Female,Noida,2025-12-06
C03796,Customer_3796,31,Other,Ghaziabad,2024-08-28
C03797,Customer_3797,51,Female,Chennai,2024-03-01
C03798,Customer_3798,35,Male,Ghaziabad,2024-03-01
C03799,Customer_3799,51,Female,Chennai,2025-01-05
C03800,Customer_3800,28,Male,Meerut,2025-03-01
C03801,Customer_3801,58,Male,Mumbai,2024-05-29
C03802,Customer_3802,29,Male,Hyderabad,2025-01-10
C03803,Customer_3803,32,Male,Noida,2023-05-11
C03804,Customer_3804,48,Female,Meerut,2023-11-19
C03805,Customer_3805,46,Male,Chennai,2025-04-02
C03806,Customer_3806,43,Male,Hyderabad,2024-06-26
C03807,Customer_3807,35,Female,Gurgaon,2023-03-07
C03808,Customer_3808,49,Female,Delhi,2024-12-18
C03809,Customer_3809,39,Female,Noida,2023-01-31
C03810,Customer_3810,55,Male,Bangalore,2025-06-03
C03811,Customer_3811,34,Female,Meerut,2023-07-10
C03812,Customer_3812,40,Female,Delhi,2024-02-19
C03813,Customer_3813,41,Male,Delhi,2025-01-16
C03814,Customer_3814,25,Female,Ghaziabad,2025-12-05
C03815,Customer_3815,58,Male,Ghaziabad,2024-01-10
C03816,Customer_3816,23,Male,Bangalore,2024-07-11
C03817,Customer_3817,22,Female,Bangalore,2024-07-31
C03818,Customer_3818,61,Female,Chennai,2023-02-01
C03819,Customer_3819,46,Male,Bangalore,2023-02-27
C03820,Customer_3820,45,Female,Delhi,2023-11-08
C03821,Customer_3821,28,Female,Chennai,2025-12-26
C03822,Customer_3822,18,Female,Hyderabad,2024-11-20
C03823,Customer_3823,60,Male,Mumbai,2023-08-23
C03824,Customer_3824,36,Female,Mumbai,2024-10-04
C03825,Customer_3825,26,Male,Mumbai,2025-12-13
C03826,Customer_3826,44,Female,Noida,2025-03-12
C03827,Customer_3827,51,Male,Noida,2023-08-27
C03828,Customer_3828,61,Male,Bangalore,2023-04-22
C03829,Customer_3829,21,Female,Mumbai,2024-04-20
C03830,Customer_3830,53,Male,Gurgaon,2023-10-31
C03831,Customer_3831,35,Male,Ghaziabad,2023-10-17
C03832,Customer_3832,32,Male,Gurgaon,2023-07-27
C03833,Customer_3833,30,Female,Mumbai,2025-05-17
C03834,Customer_3834,36,Male,Mumbai,2024-08-04
C03835,Customer_3835,23,Female,Ghaziabad,2024-01-05
C03836,Customer_3836,29,Male,Mumbai,2023-08-08
C03837,Customer_3837,54,Male,Meerut,2025-03-12
C03838,Customer_3838,34,Male,Delhi,2025-03-29
C03839,Customer_3839,40,Female,Chennai,2023-12-15
C03840,Customer_3840,43,Male,Ghaziabad,2023-09-12
C03841,Customer_3841,46,Male,Mumbai,2024-03-27
C03842,Customer_3842,50,Other,Noida,2023-05-22
C03843,Customer_3843,44,Female,Noida,2025-12-28
C03844,Customer_3844,42,Male,Delhi,2023-03-30
C03845,Customer_3845,27,Male,Noida,2025-05-20
C03846,Customer_3846,64,Female,Chennai,2024-06-06
C03847,Customer_3847,40,Male,Pune,2024-10-21
C03848,Customer_3848,38,Male,Pune,2025-08-08
C03849,Customer_3849,38,Female,Pune,2025-06-28
C03850,Customer_3850,60,Female,Unknown,2024-03-17
C03851,Customer_3851,30,Female,Delhi,2023-02-07
C03852,Customer_3852,54,Male,Chennai,2023-07-29
C03853,Customer_3853,50,Male,Ghaziabad,2024-05-27
C03854,Customer_3854,41,Female,Bangalore,2025-10-21
C03855,Customer_3855,61,Male,Pune,2025-09-07
C03856,Customer_3856,28,Female,Noida,2024-01-16
C03857,Customer_3857,34,Female,Gurgaon,2025-04-07
C03858,Customer_3858,21,Male,Bangalore,2025-05-08
C03859,Customer_3859,64,Female,Chennai,2024-01-29
C03860,Customer_3860,42,Female,Ghaziabad,2025-12-09
C03861,Customer_3861,47,Female,Noida,2024-01-31
C03862,Customer_3862,26,Male,Mumbai,2023-02-01
C03863,Customer_3863,38,Male,Unknown,2024-06-28
C03864,Customer_3864,37,Female,Pune,2024-12-12
C03865,Customer_3865,36,Male,Pune,2025-11-15
C03866,Customer_3866,36,Other,Mumbai,2025-12-20
C03867,Customer_3867,29,Male,Chennai,2024-07-06
C03868,Customer_3868,54,Female,Hyderabad,2023-07-17
C03869,Customer_3869,59,Male,Ghaziabad,2025-03-09
C03870,Customer_3870,34,Female,Mumbai,2024-11-24
C03871,Customer_3871,54,Male,Chennai,2023-05-27
C03872,Customer_3872,56,Male,Chennai,2024-05-12
C03873,Customer_3873,45,Male,Delhi,2023-02-17
C03874,Customer_3874,58,Female,Ghaziabad,2025-02-08
C03875,Customer_3875,52,Male,Noida,2024-10-12
C03876,Customer_3876,64,Female,Hyderabad,2024-09-04
C03877,Customer_3877,35,Female,Meerut,2024-11-29
C03878,Customer_3878,31,Male,Gurgaon,2024-01-11
C03879,Customer_3879,52,Female,Ghaziabad,2025-03-16
C03880,Customer_3880,61,Male,Bangalore,2025-07-09
C03881,Customer_3881,58,Other,Chennai,2025-05-24
C03882,Customer_3882,24,Female,Delhi,2025-03-20
C03883,Customer_3883,58,Male,Mumbai,2025-06-23
C03884,Customer_3884,30,Male,Pune,2025-10-02
C03885,Customer_3885,35,Male,Mumbai,2023-02-02
C03886,Customer_3886,54,Other,Mumbai,2023-03-10
C03887,Customer_3887,30,Male,Hyderabad,2024-08-14
C03888,Customer_3888,53,Female,Ghaziabad,2023-04-11
C03889,Customer_3889,48,Male,Mumbai,2025-07-02
C03890,Customer_3890,19,Female,Hyderabad,2025-01-02
C03891,Customer_3891,33,Male,Meerut,2024-01-25
C03892,Customer_3892,26,Female,Noida,2023-06-09
C03893,Customer_3893,26,Female,Meerut,2025-06-10
C03894,Customer_3894,55,Female,Ghaziabad,2025-12-06
C03895,Customer_3895,28,Male,Pune,2024-11-26
C03896,Customer_3896,39,Male,Meerut,2025-01-27
C03897,Customer_3897,50,Male,Hyderabad,2024-06-06
C03898,Customer_3898,53,Female,Hyderabad,2025-01-01
C03899,Customer_3899,62,Male,Gurgaon,2023-06-04
C03900,Customer_3900,40,Female,Chennai,2023-12-05
C03901,Customer_3901,62,Male,Bangalore,2025-03-05
C03902,Customer_3902,62,Female,Bangalore,2025-06-17
C03903,Customer_3903,51,Female,Ghaziabad,2023-04-13
C03904,Customer_3904,26,Female,Chennai,2025-03-22
C03905,Customer_3905,41,Male,Gurgaon,2023-04-03
C03906,Customer_3906,25,Male,Delhi,2025-09-01
C03907,Customer_3907,24,Male,Unknown,2023-04-29
C03908,Customer_3908,53,Male,Meerut,2023-01-29
C03909,Customer_3909,35,Female,Chennai,2025-10-09
C03910,Customer_3910,20,Female,Mumbai,2025-11-19
C03911,Customer_3911,45,Female,Delhi,2025-05-21
C03912,Customer_3912,23,Male,Pune,2025-03-10
C03913,Customer_3913,61,Female,Gurgaon,2024-04-19
C03914,Customer_3914,61,Female,Mumbai,2024-07-16
C03915,Customer_3915,38,Female,Gurgaon,2024-03-10
C03916,Customer_3916,45,Male,Gurgaon,2025-03-14
C03917,Customer_3917,57,Male,Chennai,2023-02-24
C03918,Customer_3918,18,Male,Hyderabad,2025-07-19
C03919,Customer_3919,53,Female,Noida,2025-01-21
C03920,Customer_3920,38,Female,Ghaziabad,2023-11-08
C03921,Customer_3921,60,Male,Bangalore,2025-08-14
C03922,Customer_3922,52,Male,Gurgaon,2023-11-14
C03923,Customer_3923,30,Female,Chennai,2025-01-26
C03924,Customer_3924,27,Female,Chennai,2024-04-09
C03925,Customer_3925,61,Male,Mumbai,2024-11-30
C03926,Customer_3926,64,Female,Mumbai,2025-12-16
C03927,Customer_3927,27,Other,Meerut,2025-01-04
C03928,Customer_3928,63,Female,Gurgaon,2025-12-29
C03929,Customer_3929,30,Male,Noida,2025-01-08
C03930,Customer_3930,54,Female,Ghaziabad,2025-02-06
C03931,Customer_3931,55,Female,Ghaziabad,2025-01-13
C03932,Customer_3932,41,Male,Pune,2023-10-03
C03933,Customer_3933,19,Female,Pune,2023-08-21
C03934,Customer_3934,39,Female,Meerut,2023-02-23
C03935,Customer_3935,34,Female,Bangalore,2023-09-14
C03936,Customer_3936,53,Male,Pune,2023-03-31
C03937,Customer_3937,31,Female,Delhi,2024-02-12
C03938,Customer_3938,27,Female,Meerut,2024-01-01
C03939,Customer_3939,52,Male,Ghaziabad,2023-12-17
C03940,Customer_3940,42,Female,Ghaziabad,2024-05-01
C03941,Customer_3941,20,Female,Noida,2025-04-21
C03942,Customer_3942,64,Female,Chennai,2025-09-10
C03943,Customer_3943,55,Male,Delhi,2024-09-12
C03944,Customer_3944,34,Female,Bangalore,2025-07-18
C03945,Customer_3945,29,Male,Mumbai,2024-02-05
C03946,Customer_3946,41,Male,Meerut,2024-07-23
C03947,Customer_3947,46,Female,Pune,2025-09-01
C03948,Customer_3948,60,Male,Hyderabad,2024-01-27
C03949,Customer_3949,42,Female,Noida,2023-12-18
C03950,Customer_3950,53,Male,Ghaziabad,2025-03-16
C03951,Customer_3951,43,Male,Hyderabad,2024-07-29
C03952,Customer_3952,55,Male,Meerut,2025-02-15
C03953,Customer_3953,18,Other,Gurgaon,2024-09-24
C03954,Customer_3954,37,Female,Bangalore,2024-06-06
C03955,Customer_3955,45,Female,Gurgaon,2024-12-26
C03956,Customer_3956,33,Male,Meerut,2023-06-11
C03957,Customer_3957,64,Male,Gurgaon,2024-10-20
C03958,Customer_3958,34,Other,Bangalore,2025-04-29
C03959,Customer_3959,57,Male,Chennai,2023-03-23
C03960,Customer_3960,45,Male,Meerut,2024-06-07
C03961,Customer_3961,29,Female,Hyderabad,2023-01-04
C03962,Customer_3962,44,Male,Gurgaon,2024-05-09
C03963,Customer_3963,59,Female,Bangalore,2025-12-10
C03964,Customer_3964,64,Female,Pune,2024-07-21
C03965,Customer_3965,47,Male,Mumbai,2025-05-27
C03966,Customer_3966,58,Male,Bangalore,2025-12-27
C03967,Customer_3967,51,Male,Noida,2025-10-08
C03968,Customer_3968,54,Female,Mumbai,2025-10-11
C03969,Customer_3969,23,Female,Pune,2025-05-13
C03970,Customer_3970,24,Male,Delhi,2025-02-17
C03971,Customer_3971,49,Male,Hyderabad,2025-10-01
C03972,Customer_3972,49,Female,Ghaziabad,2023-11-10
C03973,Customer_3973,42,Female,Pune,2024-12-30
C03974,Customer_3974,50,Male,Chennai,2024-01-19
C03975,Customer_3975,24,Male,Mumbai,2023-10-04
C03976,Customer_3976,29,Male,Chennai,2025-12-31
C03977,Customer_3977,33,Female,Mumbai,2024-11-28
C03978,Customer_3978,33,Other,Noida,2025-10-26
C03979,Customer_3979,60,Male,Delhi,2025-01-20
C03980,Customer_3980,53,Female,Ghaziabad,2025-09-09
C03981,Customer_3981,30,Male,Noida,2024-09-15
C03982,Customer_3982,24,Male,Pune,2023-08-16
C03983,Customer_3983,53,Male,Chennai,2023-01-17
C03984,Customer_3984,64,Female,Mumbai,2023-01-12
C03985,Customer_3985,26,Female,Pune,2024-11-22
C03986,Customer_3986,49,Female,Bangalore,2023-03-11
C03987,Customer_3987,28,Male,Delhi,2023-04-18
C03988,Customer_3988,25,Male,Hyderabad,2023-07-20
C03989,Customer_3989,50,Male,Bangalore,2025-12-11
C03990,Customer_3990,40,Female,Chennai,2024-09-20
C03991,Customer_3991,42,Male,Delhi,2025-06-24
C03992,Customer_3992,25,Female,Delhi,2023-10-30
C03993,Customer_3993,62,Male,Pune,2025-07-25
C03994,Customer_3994,39,Male,Bangalore,2024-07-29
C03995,Customer_3995,21,Male,Pune,2024-07-08
C03996,Customer_3996,57,Male,Pune,2023-05-05
C03997,Customer_3997,20,Male,Pune,2025-05-08
C03998,Customer_3998,46,Male,Chennai,2025-01-14
C03999,Customer_3999,58,Female,Mumbai,2024-04-24
C04000,Customer_4000,46,Female,Mumbai,2023-05-12
C04001,Customer_4001,51,Male,Chennai,2025-10-22
C04002,Customer_4002,51,Male,Ghaziabad,2023-04-25
C04003,Customer_4003,45,Male,Hyderabad,2024-04-25
C04004,Customer_4004,30,Male,Noida,2025-09-07
C04005,Customer_4005,32,Male,Hyderabad,2025-10-21
C04006,Customer_4006,40,Female,Chennai,2023-11-27
C04007,Customer_4007,61,Male,Gurgaon,2025-07-30
C04008,Customer_4008,43,Male,Noida,2025-08-12
C04009,Customer_4009,21,Male,Ghaziabad,2025-02-06
C04010,Customer_4010,43,Male,Meerut,2024-01-26
C04011,Customer_4011,57,Female,Noida,2025-04-13
C04012,Customer_4012,26,Male,Delhi,2023-05-23
C04013,Customer_4013,22,Male,Chennai,2023-11-24
C04014,Customer_4014,49,Female,Meerut,2024-09-19
C04015,Customer_4015,37,Male,Hyderabad,2024-01-12
C04016,Customer_4016,28,Female,Meerut,2023-03-31
C04017,Customer_4017,32,Female,Chennai,2025-03-18
C04018,Customer_4018,49,Male,Hyderabad,2025-10-17
C04019,Customer_4019,45,Female,Chennai,2025-12-01
C04020,Customer_4020,39,Male,Bangalore,2025-11-24
C04021,Customer_4021,58,Female,Gurgaon,2025-10-08
C04022,Customer_4022,34,Male,Ghaziabad,2024-07-06
C04023,Customer_4023,43,Male,Ghaziabad,2023-05-04
C04024,Customer_4024,61,Female,Delhi,2023-02-26
C04025,Customer_4025,24,Female,Gurgaon,2025-03-16
C04026,Customer_4026,59,Other,Gurgaon,2023-08-23
C04027,Customer_4027,43,Female,Delhi,2024-08-30
C04028,Customer_4028,42,Male,Hyderabad,2024-01-27
C04029,Customer_4029,27,Male,Delhi,2025-08-27
C04030,Customer_4030,62,Male,Hyderabad,2023-02-21
C04031,Customer_4031,36,Male,Delhi,2024-05-03
C04032,Customer_4032,28,Male,Noida,2023-01-05
C04033,Customer_4033,30,Female,Noida,2024-09-23
C04034,Customer_4034,25,Male,Bangalore,2023-08-05
C04035,Customer_4035,57,Male,Mumbai,2024-06-19
C04036,Customer_4036,21,Male,Delhi,2025-01-07
C04037,Customer_4037,64,Female,Gurgaon,2024-12-30
C04038,Customer_4038,48,Female,Noida,2025-11-15
C04039,Customer_4039,45,Female,Pune,2023-01-03
C04040,Customer_4040,28,Male,Hyderabad,2025-10-22
C04041,Customer_4041,60,Female,Noida,2025-10-22
C04042,Customer_4042,18,Male,Noida,2023-05-30
C04043,Customer_4043,64,Female,Chennai,2023-01-04
C04044,Customer_4044,55,Female,Hyderabad,2024-04-12
C04045,Customer_4045,41,Male,Ghaziabad,2023-03-11
C04046,Customer_4046,64,Female,Meerut,2023-07-20
C04047,Customer_4047,48,Female,Hyderabad,2023-11-04
C04048,Customer_4048,58,Male,Bangalore,2025-07-10
C04049,Customer_4049,63,Female,Chennai,2023-10-19
C04050,Customer_4050,43,Male,Hyderabad,2025-07-12
C04051,Customer_4051,22,Male,Hyderabad,2025-06-01
C04052,Customer_4052,37,Male,Mumbai,2024-08-08
C04053,Customer_4053,58,Male,Chennai,2024-05-23
C04054,Customer_4054,28,Female,Hyderabad,2023-01-05
C04055,Customer_4055,50,Male,Meerut,2023-10-20
C04056,Customer_4056,55,Female,Meerut,2023-12-26
C04057,Customer_4057,44,Male,Pune,2023-08-02
C04058,Customer_4058,51,Other,Chennai,2025-11-04
C04059,Customer_4059,32,Female,Ghaziabad,2024-07-16
C04060,Customer_4060,49,Female,Hyderabad,2025-02-03
C04061,Customer_4061,38,Male,Mumbai,2023-02-14
C04062,Customer_4062,63,Male,Mumbai,2024-12-03
C04063,Customer_4063,22,Male,Gurgaon,2024-09-25
C04064,Customer_4064,23,Female,Ghaziabad,2024-10-22
C04065,Customer_4065,55,Female,Mumbai,2024-12-21
C04066,Customer_4066,39,Male,Meerut,2024-08-16
C04067,Customer_4067,35,Male,Unknown,2023-09-03
C04068,Customer_4068,31,Female,Delhi,2025-05-06
C04069,Customer_4069,27,Male,Mumbai,2024-07-05
C04070,Customer_4070,63,Female,Bangalore,2023-02-12
C04071,Customer_4071,30,Female,Chennai,2025-04-20
C04072,Customer_4072,48,Female,Mumbai,2023-06-28
C04073,Customer_4073,47,Male,Noida,2024-06-18
C04074,Customer_4074,20,Male,Ghaziabad,2024-08-29
C04075,Customer_4075,47,Female,Noida,2024-11-02
C04076,Customer_4076,23,Female,Pune,2025-07-15
C04077,Customer_4077,46,Male,Mumbai,2023-01-17
C04078,Customer_4078,25,Male,Delhi,2025-04-05
C04079,Customer_4079,61,Female,Noida,2024-06-30
C04080,Customer_4080,62,Female,Noida,2025-11-19
C04081,Customer_4081,60,Female,Ghaziabad,2024-03-12
C04082,Customer_4082,61,Other,Gurgaon,2023-06-28
C04083,Customer_4083,50,Male,Delhi,2024-09-07
C04084,Customer_4084,34,Male,Noida,2024-11-07
C04085,Customer_4085,28,Female,Hyderabad,2024-09-25
C04086,Customer_4086,30,Female,Delhi,2025-03-12
C04087,Customer_4087,28,Male,Hyderabad,2023-11-08
C04088,Customer_4088,48,Male,Mumbai,2023-01-25
C04089,Customer_4089,45,Female,Noida,2024-01-06
C04090,Customer_4090,61,Male,Noida,2024-06-08
C04091,Customer_4091,23,Male,Meerut,2023-08-18
C04092,Customer_4092,58,Female,Meerut,2024-01-13
C04093,Customer_4093,33,Female,Ghaziabad,2025-06-06
C04094,Customer_4094,21,Female,Chennai,2024-04-06
C04095,Customer_4095,52,Male,Chennai,2023-12-31
C04096,Customer_4096,43,Female,Gurgaon,2023-04-14
C04097,Customer_4097,29,Female,Ghaziabad,2024-03-03
C04098,Customer_4098,28,Female,Chennai,2024-04-13
C04099,Customer_4099,54,Female,Ghaziabad,2025-10-11
C04100,Customer_4100,42,Male,Noida,2025-05-19
C04101,Customer_4101,35,Male,Meerut,2025-02-08
C04102,Customer_4102,36,Male,Meerut,2024-11-10
C04103,Customer_4103,40,Male,Meerut,2025-03-15
C04104,Customer_4104,55,Female,Chennai,2025-06-04
C04105,Customer_4105,35,Female,Delhi,2024-07-14
C04106,Customer_4106,43,Female,Bangalore,2023-11-27
C04107,Customer_4107,23,Female,Noida,2024-08-09
C04108,Customer_4108,21,Male,Mumbai,2023-07-20
C04109,Customer_4109,61,Male,Ghaziabad,2024-03-29
C04110,Customer_4110,46,Male,Meerut,2025-04-05
C04111,Customer_4111,51,Male,Meerut,2023-04-21
C04112,Customer_4112,34,Male,Meerut,2025-05-13
C04113,Customer_4113,60,Female,Noida,2025-06-26
C04114,Customer_4114,60,Other,Meerut,2023-02-02
C04115,Customer_4115,33,Male,Gurgaon,2024-07-08
C04116,Customer_4116,19,Male,Ghaziabad,2023-04-17
C04117,Customer_4117,51,Female,Noida,2023-08-14
C04118,Customer_4118,25,Male,Ghaziabad,2024-05-01
C04119,Customer_4119,30,Female,Hyderabad,2023-06-28
C04120,Customer_4120,59,Female,Pune,2024-09-28
C04121,Customer_4121,25,Female,Gurgaon,2025-02-26
C04122,Customer_4122,47,Male,Unknown,2023-06-16
C04123,Customer_4123,49,Female,Delhi,2024-10-24
C04124,Customer_4124,53,Male,Bangalore,2023-10-27
C04125,Customer_4125,64,Female,Gurgaon,2023-02-04
C04126,Customer_4126,47,Male,Ghaziabad,2024-02-11
C04127,Customer_4127,18,Male,Delhi,2023-11-10
C04128,Customer_4128,60,Female,Pune,2025-03-26
C04129,Customer_4129,56,Female,Delhi,2025-01-12
C04130,Customer_4130,34,Female,Meerut,2024-12-27
C04131,Customer_4131,37,Female,Bangalore,2025-04-05
C04132,Customer_4132,41,Female,Noida,2024-07-22
C04133,Customer_4133,39,Male,Mumbai,2024-07-29
C04134,Customer_4134,46,Female,Mumbai,2023-03-03
C04135,Customer_4135,39,Female,Delhi,2024-01-04
C04136,Customer_4136,61,Female,Ghaziabad,2023-04-04
C04137,Customer_4137,26,Female,Ghaziabad,2025-09-10
C04138,Customer_4138,54,Male,Meerut,2025-11-15
C04139,Customer_4139,27,Female,Delhi,2023-02-19
C04140,Customer_4140,53,Male,Delhi,2025-06-01
C04141,Customer_4141,54,Male,Mumbai,2025-02-02
C04142,Customer_4142,45,Female,Hyderabad,2023-02-05
C04143,Customer_4143,45,Male,Delhi,2023-04-10
C04144,Customer_4144,59,Female,Noida,2023-11-25
C04145,Customer_4145,60,Male,Bangalore,2024-12-06
C04146,Customer_4146,38,Male,Bangalore,2023-08-09
C04147,Customer_4147,41,Female,Noida,2024-07-20
C04148,Customer_4148,59,Female,Hyderabad,2025-09-22
C04149,Customer_4149,57,Female,Ghaziabad,2025-10-18
C04150,Customer_4150,19,Female,Mumbai,2023-04-20
C04151,Customer_4151,25,Female,Bangalore,2023-05-29
C04152,Customer_4152,44,Male,Gurgaon,2024-02-10
C04153,Customer_4153,39,Male,Pune,2024-11-29
C04154,Customer_4154,54,Male,Unknown,2025-10-13
C04155,Customer_4155,44,Female,Hyderabad,2023-04-18
C04156,Customer_4156,46,Female,Gurgaon,2024-01-24
C04157,Customer_4157,20,Male,Delhi,2024-02-29
C04158,Customer_4158,61,Female,Noida,2024-03-22
C04159,Customer_4159,30,Female,Delhi,2025-07-06
C04160,Customer_4160,62,Male,Meerut,2025-12-27
C04161,Customer_4161,27,Male,Chennai,2025-12-25
C04162,Customer_4162,53,Female,Noida,2024-10-17
C04163,Customer_4163,26,Female,Gurgaon,2023-11-17
C04164,Customer_4164,44,Female,Pune,2024-12-19
C04165,Customer_4165,51,Male,Chennai,2024-12-28
C04166,Customer_4166,18,Other,Meerut,2024-08-02
C04167,Customer_4167,49,Male,Ghaziabad,2024-03-22
C04168,Customer_4168,42,Male,Meerut,2023-07-29
C04169,Customer_4169,46,Other,Chennai,2025-04-28
C04170,Customer_4170,24,Male,Bangalore,2024-01-05
C04171,Customer_4171,20,Female,Mumbai,2024-07-30
C04172,Customer_4172,37,Male,Hyderabad,2024-11-19
C04173,Customer_4173,37,Female,Delhi,2025-02-28
C04174,Customer_4174,47,Female,Ghaziabad,2025-09-18
C04175,Customer_4175,52,Male,Hyderabad,2023-06-12
C04176,Customer_4176,52,Female,Meerut,2025-09-03
C04177,Customer_4177,56,Male,Pune,2023-12-16
C04178,Customer_4178,44,Female,Delhi,2024-10-31
C04179,Customer_4179,43,Male,Ghaziabad,2024-03-01
C04180,Customer_4180,31,Male,Hyderabad,2023-11-23
C04181,Customer_4181,34,Male,Delhi,2023-09-12
C04182,Customer_4182,35,Male,Delhi,2023-12-24
C04183,Customer_4183,62,Female,Ghaziabad,2024-03-19
C04184,Customer_4184,46,Male,Unknown,2023-04-23
C04185,Customer_4185,37,Male,Mumbai,2025-11-19
C04186,Customer_4186,44,Male,Gurgaon,2024-06-07
C04187,Customer_4187,35,Male,Delhi,2024-11-19
C04188,Customer_4188,21,Female,Chennai,2025-09-17
C04189,Customer_4189,18,Other,Noida,2023-02-15
C04190,Customer_4190,18,Male,Chennai,2025-01-26
C04191,Customer_4191,43,Female,Ghaziabad,2025-11-24
C04192,Customer_4192,62,Female,Delhi,2024-07-17
C04193,Customer_4193,37,Male,Delhi,2023-06-10
C04194,Customer_4194,40,Female,Pune,2025-04-19
C04195,Customer_4195,27,Female,Mumbai,2024-06-21
C04196,Customer_4196,28,Female,Pune,2023-08-13
C04197,Customer_4197,58,Female,Ghaziabad,2023-04-05
C04198,Customer_4198,58,Male,Bangalore,2025-08-06
C04199,Customer_4199,22,Female,Gurgaon,2024-07-06
C04200,Customer_4200,18,Female,Pune,2024-10-06
C04201,Customer_4201,34,Female,Ghaziabad,2023-03-07
C04202,Customer_4202,39,Female,Gurgaon,2024-10-26
C04203,Customer_4203,51,Male,Ghaziabad,2024-11-14
C04204,Customer_4204,62,Other,Bangalore,2025-06-28
C04205,Customer_4205,58,Female,Mumbai,2025-04-16
C04206,Customer_4206,46,Male,Mumbai,2024-07-24
C04207,Customer_4207,21,Male,Ghaziabad,2024-11-26
C04208,Customer_4208,22,Female,Pune,2023-06-29
C04209,Customer_4209,28,Male,Mumbai,2025-04-13
C04210,Customer_4210,38,Male,Noida,2025-12-27
C04211,Customer_4211,52,Male,Pune,2023-07-21
C04212,Customer_4212,29,Male,Hyderabad,2025-11-04
C04213,Customer_4213,43,Male,Meerut,2025-12-01
C04214,Customer_4214,36,Male,Ghaziabad,2024-06-26
C04215,Customer_4215,62,Male,Ghaziabad,2025-09-08
C04216,Customer_4216,24,Female,Ghaziabad,2025-02-12
C04217,Customer_4217,64,Female,Bangalore,2024-11-24
C04218,Customer_4218,24,Male,Ghaziabad,2024-09-03
C04219,Customer_4219,43,Male,Mumbai,2023-09-01
C04220,Customer_4220,57,Female,Mumbai,2023-03-01
C04221,Customer_4221,22,Male,Meerut,2023-04-14
C04222,Customer_4222,38,Male,Meerut,2024-10-12
C04223,Customer_4223,31,Male,Chennai,2025-10-07
C04224,Customer_4224,21,Female,Pune,2023-03-18
C04225,Customer_4225,40,Female,Mumbai,2025-11-07
C04226,Customer_4226,59,Female,Mumbai,2024-11-28
C04227,Customer_4227,37,Female,Bangalore,2025-08-03
C04228,Customer_4228,32,Female,Mumbai,2023-09-24
C04229,Customer_4229,62,Male,Mumbai,2025-02-19
C04230,Customer_4230,46,Female,Chennai,2024-08-31
C04231,Customer_4231,25,Male,Noida,2025-08-03
C04232,Customer_4232,58,Female,Chennai,2025-10-21
C04233,Customer_4233,36,Female,Noida,2025-11-16
C04234,Customer_4234,56,Female,Chennai,2024-07-01
C04235,Customer_4235,63,Male,Mumbai,2023-06-09
C04236,Customer_4236,45,Male,Chennai,2025-07-25
C04237,Customer_4237,63,Female,Mumbai,2024-02-03
C04238,Customer_4238,44,Female,Mumbai,2024-06-26
C04239,Customer_4239,21,Female,Meerut,2023-05-07
C04240,Customer_4240,32,Male,Delhi,2025-10-05
C04241,Customer_4241,52,Female,Noida,2025-08-05
C04242,Customer_4242,54,Female,Hyderabad,2023-07-29
C04243,Customer_4243,18,Female,Pune,2023-05-30
C04244,Customer_4244,20,Female,Pune,2023-01-31
C04245,Customer_4245,64,Female,Chennai,2024-09-03
C04246,Customer_4246,41,Female,Delhi,2023-10-29
C04247,Customer_4247,44,Female,Bangalore,2025-08-20
C04248,Customer_4248,57,Other,Hyderabad,2025-05-14
C04249,Customer_4249,53,Male,Pune,2025-02-03
C04250,Customer_4250,51,Male,Gurgaon,2024-11-13
C04251,Customer_4251,46,Female,Ghaziabad,2023-09-14
C04252,Customer_4252,41,Female,Gurgaon,2025-07-28
C04253,Customer_4253,41,Female,Bangalore,2025-12-16
C04254,Customer_4254,59,Female,Hyderabad,2023-01-09
C04255,Customer_4255,21,Male,Pune,2025-10-25
C04256,Customer_4256,20,Female,Chennai,2025-04-26
C04257,Customer_4257,51,Female,Ghaziabad,2025-02-15
C04258,Customer_4258,40,Male,Unknown,2024-11-15
C04259,Customer_4259,40,Male,Pune,2025-01-01
C04260,Customer_4260,62,Female,Pune,2023-01-24
C04261,Customer_4261,22,Male,Bangalore,2024-05-07
C04262,Customer_4262,48,Female,Pune,2025-08-27
C04263,Customer_4263,58,Male,Hyderabad,2023-04-13
C04264,Customer_4264,23,Female,Delhi,2025-12-19
C04265,Customer_4265,54,Female,Hyderabad,2025-02-05
C04266,Customer_4266,27,Female,Noida,2025-10-19
C04267,Customer_4267,57,Male,Delhi,2024-01-07
C04268,Customer_4268,24,Female,Pune,2024-11-09
C04269,Customer_4269,56,Male,Pune,2024-08-18
C04270,Customer_4270,55,Male,Ghaziabad,2023-07-21
C04271,Customer_4271,38,Other,Pune,2023-03-30
C04272,Customer_4272,37,Female,Mumbai,2024-03-12
C04273,Customer_4273,20,Female,Noida,2023-04-30
C04274,Customer_4274,39,Male,Meerut,2023-06-05
C04275,Customer_4275,64,Male,Chennai,2024-02-03
C04276,Customer_4276,21,Male,Ghaziabad,2023-07-07
C04277,Customer_4277,45,Female,Gurgaon,2025-12-11
C04278,Customer_4278,29,Female,Delhi,2024-10-13
C04279,Customer_4279,55,Female,Meerut,2024-08-09
C04280,Customer_4280,53,Female,Chennai,2023-08-18
C04281,Customer_4281,64,Male,Pune,2023-02-24
C04282,Customer_4282,58,Male,Hyderabad,2023-09-28
C04283,Customer_4283,22,Male,Mumbai,2025-12-28
C04284,Customer_4284,30,Male,Delhi,2025-08-27
C04285,Customer_4285,40,Male,Delhi,2023-11-26
C04286,Customer_4286,47,Female,Delhi,2023-04-26
C04287,Customer_4287,54,Male,Noida,2023-11-19
C04288,Customer_4288,42,Female,Delhi,2024-07-16
C04289,Customer_4289,44,Male,Ghaziabad,2023-08-17
C04290,Customer_4290,31,Other,Chennai,2023-12-26
C04291,Customer_4291,64,Female,Hyderabad,2025-10-25
C04292,Customer_4292,53,Female,Ghaziabad,2023-01-28
C04293,Customer_4293,56,Male,Ghaziabad,2025-05-18
C04294,Customer_4294,33,Female,Mumbai,2023-01-28
C04295,Customer_4295,39,Female,Hyderabad,2025-01-13
C04296,Customer_4296,38,Male,Mumbai,2024-08-02
C04297,Customer_4297,38,Male,Delhi,2024-03-26
C04298,Customer_4298,25,Male,Delhi,2024-03-08
C04299,Customer_4299,33,Female,Ghaziabad,2024-01-09
C04300,Customer_4300,48,Female,Ghaziabad,2024-03-10
C04301,Customer_4301,59,Female,Delhi,2023-08-06
C04302,Customer_4302,27,Male,Bangalore,2025-08-05
C04303,Customer_4303,49,Male,Chennai,2023-12-15
C04304,Customer_4304,51,Female,Noida,2025-02-26
C04305,Customer_4305,26,Male,Meerut,2023-01-26
C04306,Customer_4306,34,Female,Pune,2025-12-07
C04307,Customer_4307,28,Female,Gurgaon,2025-05-08
C04308,Customer_4308,49,Male,Hyderabad,2024-01-05
C04309,Customer_4309,27,Female,Mumbai,2025-11-03
C04310,Customer_4310,39,Male,Hyderabad,2025-06-02
C04311,Customer_4311,34,Female,Delhi,2023-10-06
C04312,Customer_4312,21,Male,Meerut,2023-12-07
C04313,Customer_4313,64,Female,Gurgaon,2024-08-29
C04314,Customer_4314,42,Male,Ghaziabad,2025-11-14
C04315,Customer_4315,38,Male,Ghaziabad,2024-06-12
C04316,Customer_4316,54,Female,Unknown,2024-03-01
C04317,Customer_4317,55,Male,Chennai,2023-01-29
C04318,Customer_4318,18,Female,Pune,2025-08-13
C04319,Customer_4319,42,Male,Chennai,2023-11-19
C04320,Customer_4320,53,Female,Meerut,2023-11-09
C04321,Customer_4321,34,Male,Chennai,2024-08-06
C04322,Customer_4322,58,Female,Mumbai,2025-01-31
C04323,Customer_4323,41,Male,Gurgaon,2023-10-22
C04324,Customer_4324,19,Male,Gurgaon,2024-10-17
C04325,Customer_4325,57,Male,Gurgaon,2025-02-24
C04326,Customer_4326,32,Female,Ghaziabad,2023-08-11
C04327,Customer_4327,49,Male,Bangalore,2023-03-16
C04328,Customer_4328,56,Female,Meerut,2023-04-12
C04329,Customer_4329,23,Female,Pune,2025-06-03
C04330,Customer_4330,18,Male,Meerut,2023-06-22
C04331,Customer_4331,64,Female,Meerut,2025-10-24
C04332,Customer_4332,40,Male,Chennai,2024-01-30
C04333,Customer_4333,56,Male,Noida,2025-04-12
C04334,Customer_4334,34,Female,Meerut,2025-09-30
C04335,Customer_4335,51,Female,Mumbai,2023-06-16
C04336,Customer_4336,58,Female,Noida,2023-10-27
C04337,Customer_4337,46,Male,Bangalore,2023-04-28
C04338,Customer_4338,26,Male,Mumbai,2024-05-26
C04339,Customer_4339,30,Male,Meerut,2024-09-03
C04340,Customer_4340,23,Female,Hyderabad,2023-06-08
C04341,Customer_4341,23,Female,Ghaziabad,2025-11-27
C04342,Customer_4342,37,Female,Chennai,2024-04-07
C04343,Customer_4343,20,Male,Delhi,2023-04-14
C04344,Customer_4344,34,Male,Pune,2025-09-08
C04345,Customer_4345,29,Male,Pune,2023-09-07
C04346,Customer_4346,64,Male,Mumbai,2025-11-02
C04347,Customer_4347,62,Male,Pune,2024-07-20
C04348,Customer_4348,18,Female,Noida,2024-08-19
C04349,Customer_4349,34,Female,Gurgaon,2024-09-12
C04350,Customer_4350,20,Female,Hyderabad,2024-07-08
C04351,Customer_4351,43,Male,Delhi,2023-03-12
C04352,Customer_4352,32,Male,Pune,2025-08-13
C04353,Customer_4353,53,Female,Pune,2025-08-30
C04354,Customer_4354,49,Male,Mumbai,2024-03-13
C04355,Customer_4355,49,Female,Meerut,2025-12-03
C04356,Customer_4356,21,Female,Ghaziabad,2025-11-03
C04357,Customer_4357,35,Male,Chennai,2023-11-10
C04358,Customer_4358,36,Female,Chennai,2024-04-29
C04359,Customer_4359,60,Male,Chennai,2023-06-18
C04360,Customer_4360,52,Female,Chennai,2025-06-06
C04361,Customer_4361,57,Female,Bangalore,2025-03-13
C04362,Customer_4362,31,Male,Delhi,2023-09-03
C04363,Customer_4363,50,Male,Meerut,2023-09-23
C04364,Customer_4364,31,Female,Ghaziabad,2025-04-28
C04365,Customer_4365,51,Female,Ghaziabad,2023-08-31
C04366,Customer_4366,21,Male,Mumbai,2024-06-13
C04367,Customer_4367,41,Female,Hyderabad,2025-04-26
C04368,Customer_4368,46,Male,Pune,2025-09-30
C04369,Customer_4369,36,Male,Pune,2023-12-08
C04370,Customer_4370,23,Male,Meerut,2025-01-29
C04371,Customer_4371,50,Male,Bangalore,2025-03-08
C04372,Customer_4372,57,Male,Noida,2024-06-15
C04373,Customer_4373,36,Other,Gurgaon,2025-05-13
C04374,Customer_4374,18,Male,Meerut,2023-02-11
C04375,Customer_4375,22,Male,Noida,2024-08-21
C04376,Customer_4376,44,Male,Gurgaon,2023-11-02
C04377,Customer_4377,33,Female,Ghaziabad,2025-03-19
C04378,Customer_4378,23,Female,Bangalore,2025-05-11
C04379,Customer_4379,57,Male,Meerut,2024-11-09
C04380,Customer_4380,30,Male,Chennai,2024-12-31
C04381,Customer_4381,52,Male,Ghaziabad,2024-03-16
C04382,Customer_4382,36,Male,Noida,2025-07-21
C04383,Customer_4383,29,Male,Meerut,2025-06-21
C04384,Customer_4384,33,Male,Meerut,2023-05-13
C04385,Customer_4385,60,Male,Mumbai,2024-12-19
C04386,Customer_4386,27,Female,Delhi,2023-02-20
C04387,Customer_4387,42,Male,Ghaziabad,2024-09-09
C04388,Customer_4388,37,Female,Meerut,2024-01-27
C04389,Customer_4389,48,Female,Pune,2024-11-26
C04390,Customer_4390,21,Female,Pune,2024-06-06
C04391,Customer_4391,61,Male,Delhi,2024-05-22
C04392,Customer_4392,40,Male,Meerut,2023-12-20
C04393,Customer_4393,19,Male,Chennai,2025-05-16
C04394,Customer_4394,39,Female,Delhi,2025-08-30
C04395,Customer_4395,54,Male,Delhi,2025-08-13
C04396,Customer_4396,25,Female,Unknown,2023-04-06
C04397,Customer_4397,24,Female,Noida,2023-04-16
C04398,Customer_4398,31,Male,Hyderabad,2024-11-08
C04399,Customer_4399,20,Female,Ghaziabad,2024-05-27
C04400,Customer_4400,33,Male,Gurgaon,2025-05-05
C04401,Customer_4401,36,Male,Delhi,2025-02-28
C04402,Customer_4402,35,Male,Noida,2024-05-29
C04403,Customer_4403,33,Male,Bangalore,2025-06-16
C04404,Customer_4404,25,Female,Hyderabad,2025-12-20
C04405,Customer_4405,50,Male,Meerut,2025-10-04
C04406,Customer_4406,29,Male,Ghaziabad,2025-01-06
C04407,Customer_4407,28,Female,Meerut,2023-10-29
C04408,Customer_4408,22,Female,Hyderabad,2024-10-07
C04409,Customer_4409,44,Male,Mumbai,2025-11-30
C04410,Customer_4410,29,Female,Pune,2023-08-19
C04411,Customer_4411,34,Female,Ghaziabad,2025-01-07
C04412,Customer_4412,23,Male,Pune,2025-09-23
C04413,Customer_4413,50,Male,Bangalore,2023-10-24
C04414,Customer_4414,22,Male,Meerut,2024-03-30
C04415,Customer_4415,45,Female,Mumbai,2025-12-16
C04416,Customer_4416,31,Female,Bangalore,2025-07-30
C04417,Customer_4417,22,Female,Gurgaon,2023-08-28
C04418,Customer_4418,50,Female,Meerut,2025-12-22
C04419,Customer_4419,58,Male,Hyderabad,2024-07-04
C04420,Customer_4420,36,Male,Mumbai,2023-05-18
C04421,Customer_4421,39,Male,Ghaziabad,2024-03-29
C04422,Customer_4422,22,Female,Mumbai,2024-03-18
C04423,Customer_4423,19,Female,Meerut,2023-01-27
C04424,Customer_4424,47,Male,Noida,2024-04-01
C04425,Customer_4425,64,Female,Bangalore,2024-11-25
C04426,Customer_4426,56,Male,Mumbai,2024-12-10
C04427,Customer_4427,21,Male,Pune,2025-04-28
C04428,Customer_4428,50,Male,Bangalore,2025-08-06
C04429,Customer_4429,30,Male,Pune,2023-04-17
C04430,Customer_4430,37,Male,Mumbai,2024-03-19
C04431,Customer_4431,24,Male,Noida,2023-02-05
C04432,Customer_4432,32,Male,Bangalore,2024-08-19
C04433,Customer_4433,40,Male,Hyderabad,2023-06-04
C04434,Customer_4434,31,Female,Bangalore,2025-03-06
C04435,Customer_4435,40,Male,Ghaziabad,2023-09-29
C04436,Customer_4436,36,Other,Mumbai,2025-09-07
C04437,Customer_4437,46,Male,Gurgaon,2023-05-02
C04438,Customer_4438,37,Male,Meerut,2023-05-30
C04439,Customer_4439,46,Male,Delhi,2024-12-07
C04440,Customer_4440,41,Male,Chennai,2025-09-21
C04441,Customer_4441,35,Female,Gurgaon,2023-06-02
C04442,Customer_4442,27,Male,Pune,2025-11-06
C04443,Customer_4443,58,Female,Hyderabad,2024-07-04
C04444,Customer_4444,25,Female,Hyderabad,2025-04-24
C04445,Customer_4445,43,Female,Chennai,2023-10-07
C04446,Customer_4446,46,Female,Noida,2024-02-26
C04447,Customer_4447,27,Female,Ghaziabad,2025-09-19
C04448,Customer_4448,34,Male,Meerut,2025-03-14
C04449,Customer_4449,19,Female,Gurgaon,2023-12-21
C04450,Customer_4450,23,Male,Delhi,2024-01-13
C04451,Customer_4451,22,Male,Bangalore,2023-03-21
C04452,Customer_4452,45,Male,Chennai,2025-09-14
C04453,Customer_4453,58,Female,Noida,2023-08-21
C04454,Customer_4454,22,Female,Hyderabad,2023-06-03
C04455,Customer_4455,35,Male,Delhi,2025-06-25
C04456,Customer_4456,43,Female,Hyderabad,2025-11-20
C04457,Customer_4457,37,Male,Mumbai,2024-01-06
C04458,Customer_4458,58,Male,Chennai,2023-11-19
C04459,Customer_4459,44,Male,Noida,2023-11-28
C04460,Customer_4460,29,Male,Bangalore,2023-08-31
C04461,Customer_4461,24,Male,Pune,2024-03-05
C04462,Customer_4462,20,Female,Noida,2025-03-19
C04463,Customer_4463,27,Female,Meerut,2024-01-11
C04464,Customer_4464,51,Male,Bangalore,2023-03-22
C04465,Customer_4465,42,Female,Gurgaon,2024-02-24
C04466,Customer_4466,52,Female,Noida,2024-04-11
C04467,Customer_4467,33,Female,Bangalore,2025-12-16
C04468,Customer_4468,19,Female,Gurgaon,2025-04-08
C04469,Customer_4469,41,Male,Noida,2025-03-14
C04470,Customer_4470,27,Female,Delhi,2025-12-13
C04471,Customer_4471,55,Female,Pune,2025-09-04
C04472,Customer_4472,39,Male,Delhi,2023-01-04
C04473,Customer_4473,43,Male,Meerut,2024-08-25
C04474,Customer_4474,60,Female,Bangalore,2023-11-16
C04475,Customer_4475,56,Male,Gurgaon,2024-05-15
C04476,Customer_4476,44,Other,Mumbai,2024-07-24
C04477,Customer_4477,46,Male,Noida,2023-07-04
C04478,Customer_4478,64,Female,Mumbai,2024-07-09
C04479,Customer_4479,55,Male,Noida,2025-06-11
C04480,Customer_4480,37,Female,Meerut,2023-02-24
C04481,Customer_4481,44,Female,Mumbai,2025-05-12
C04482,Customer_4482,58,Male,Gurgaon,2023-03-18
C04483,Customer_4483,37,Female,Ghaziabad,2023-10-23
C04484,Customer_4484,61,Male,Delhi,2025-01-15
C04485,Customer_4485,36,Male,Gurgaon,2025-06-18
C04486,Customer_4486,37,Male,Hyderabad,2023-02-12
C04487,Customer_4487,52,Female,Chennai,2023-08-15
C04488,Customer_4488,64,Male,Meerut,2025-12-22
C04489,Customer_4489,19,Male,Pune,2023-06-20
C04490,Customer_4490,47,Male,Noida,2025-08-20
C04491,Customer_4491,51,Female,Gurgaon,2025-01-31
C04492,Customer_4492,39,Female,Mumbai,2025-04-29
C04493,Customer_4493,20,Male,Chennai,2023-11-03
C04494,Customer_4494,23,Male,Ghaziabad,2024-07-21
C04495,Customer_4495,32,Female,Hyderabad,2025-09-18
C04496,Customer_4496,44,Male,Mumbai,2023-02-03
C04497,Customer_4497,27,Female,Delhi,2025-04-06
C04498,Customer_4498,26,Female,Ghaziabad,2023-05-10
C04499,Customer_4499,50,Female,Chennai,2024-10-16
C04500,Customer_4500,49,Male,Bangalore,2024-09-21
C04501,Customer_4501,23,Female,Bangalore,2025-11-06
C04502,Customer_4502,58,Female,Chennai,2024-08-16
C04503,Customer_4503,53,Female,Bangalore,2025-11-03
C04504,Customer_4504,19,Male,Meerut,2023-03-22
C04505,Customer_4505,46,Male,Gurgaon,2023-07-23
C04506,Customer_4506,21,Male,Noida,2023-01-23
C04507,Customer_4507,18,Female,Gurgaon,2024-09-05
C04508,Customer_4508,36,Female,Hyderabad,2023-05-24
C04509,Customer_4509,43,Male,Gurgaon,2023-04-14
C04510,Customer_4510,42,Male,Gurgaon,2023-11-20
C04511,Customer_4511,27,Male,Delhi,2024-07-29
C04512,Customer_4512,32,Female,Noida,2023-10-01
C04513,Customer_4513,39,Female,Gurgaon,2024-03-27
C04514,Customer_4514,38,Male,Noida,2025-05-30
C04515,Customer_4515,39,Male,Pune,2023-05-05
C04516,Customer_4516,53,Male,Bangalore,2023-11-13
C04517,Customer_4517,51,Female,Mumbai,2023-04-17
C04518,Customer_4518,47,Female,Delhi,2025-06-25
C04519,Customer_4519,42,Female,Bangalore,2024-03-05
C04520,Customer_4520,62,Male,Noida,2024-12-04
C04521,Customer_4521,45,Female,Bangalore,2025-08-29
C04522,Customer_4522,18,Male,Gurgaon,2023-12-28
C04523,Customer_4523,62,Female,Mumbai,2025-03-06
C04524,Customer_4524,21,Male,Gurgaon,2024-03-07
C04525,Customer_4525,24,Female,Hyderabad,2024-11-05
C04526,Customer_4526,26,Female,Gurgaon,2025-05-08
C04527,Customer_4527,53,Female,Mumbai,2025-10-10
C04528,Customer_4528,36,Female,Ghaziabad,2024-07-29
C04529,Customer_4529,18,Male,Pune,2025-12-24
C04530,Customer_4530,27,Male,Noida,2025-06-11
C04531,Customer_4531,53,Female,Pune,2023-09-27
C04532,Customer_4532,26,Male,Hyderabad,2024-03-13
C04533,Customer_4533,62,Male,Pune,2025-11-08
C04534,Customer_4534,63,Male,Bangalore,2023-08-13
C04535,Customer_4535,59,Female,Chennai,2025-09-16
C04536,Customer_4536,49,Male,Delhi,2024-04-04
C04537,Customer_4537,49,Male,Mumbai,2024-01-29
C04538,Customer_4538,23,Male,Delhi,2025-06-30
C04539,Customer_4539,55,Male,Mumbai,2023-01-15
C04540,Customer_4540,34,Female,Noida,2024-07-13
C04541,Customer_4541,27,Other,Pune,2025-09-30
C04542,Customer_4542,44,Female,Noida,2024-02-18
C04543,Customer_4543,52,Male,Gurgaon,2025-09-25
C04544,Customer_4544,38,Female,Gurgaon,2023-04-25
C04545,Customer_4545,42,Female,Delhi,2025-09-02
C04546,Customer_4546,45,Male,Meerut,2023-02-05
C04547,Customer_4547,64,Female,Meerut,2023-08-30
C04548,Customer_4548,32,Female,Chennai,2023-03-04
C04549,Customer_4549,21,Female,Meerut,2024-10-27
C04550,Customer_4550,46,Female,Hyderabad,2024-05-23
C04551,Customer_4551,26,Male,Bangalore,2023-07-07
C04552,Customer_4552,44,Male,Bangalore,2025-01-04
C04553,Customer_4553,43,Female,Gurgaon,2023-04-03
C04554,Customer_4554,36,Male,Meerut,2023-01-05
C04555,Customer_4555,45,Male,Chennai,2023-01-25
C04556,Customer_4556,34,Female,Mumbai,2024-05-22
C04557,Customer_4557,60,Female,Gurgaon,2023-04-08
C04558,Customer_4558,58,Male,Noida,2024-10-23
C04559,Customer_4559,59,Female,Meerut,2024-11-14
C04560,Customer_4560,37,Female,Gurgaon,2023-01-27
C04561,Customer_4561,62,Female,Meerut,2023-02-24
C04562,Customer_4562,57,Male,Hyderabad,2025-12-11
C04563,Customer_4563,56,Male,Chennai,2025-02-19
C04564,Customer_4564,40,Male,Delhi,2023-10-25
C04565,Customer_4565,64,Male,Ghaziabad,2025-11-07
C04566,Customer_4566,49,Male,Chennai,2025-03-28
C04567,Customer_4567,64,Male,Meerut,2025-05-04
C04568,Customer_4568,50,Male,Noida,2024-07-12
C04569,Customer_4569,63,Female,Noida,2024-05-17
C04570,Customer_4570,22,Male,Delhi,2023-07-22
C04571,Customer_4571,60,Female,Pune,2025-08-03
C04572,Customer_4572,51,Female,Noida,2023-08-28
C04573,Customer_4573,57,Male,Gurgaon,2024-05-04
C04574,Customer_4574,28,Female,Noida,2025-11-02
C04575,Customer_4575,20,Female,Ghaziabad,2024-10-10
C04576,Customer_4576,50,Male,Delhi,2024-11-15
C04577,Customer_4577,28,Female,Gurgaon,2023-08-31
C04578,Customer_4578,33,Male,Meerut,2024-05-21
C04579,Customer_4579,35,Female,Chennai,2025-12-02
C04580,Customer_4580,47,Male,Delhi,2024-09-04
C04581,Customer_4581,27,Female,Ghaziabad,2023-06-11
C04582,Customer_4582,35,Male,Bangalore,2024-10-17
C04583,Customer_4583,55,Female,Ghaziabad,2025-08-16
C04584,Customer_4584,36,Male,Mumbai,2024-09-12
C04585,Customer_4585,53,Female,Mumbai,2023-04-21
C04586,Customer_4586,30,Female,Bangalore,2025-07-22
C04587,Customer_4587,63,Male,Hyderabad,2025-01-19
C04588,Customer_4588,20,Female,Noida,2024-12-09
C04589,Customer_4589,27,Male,Chennai,2023-09-30
C04590,Customer_4590,55,Female,Pune,2025-03-17
C04591,Customer_4591,18,Female,Pune,2023-02-10
C04592,Customer_4592,44,Female,Chennai,2024-07-13
C04593,Customer_4593,63,Female,Ghaziabad,2024-04-10
C04594,Customer_4594,25,Male,Bangalore,2024-05-04
C04595,Customer_4595,63,Male,Bangalore,2023-04-27
C04596,Customer_4596,59,Male,Meerut,2024-03-09
C04597,Customer_4597,34,Female,Delhi,2025-11-08
C04598,Customer_4598,26,Male,Gurgaon,2025-09-20
C04599,Customer_4599,23,Female,Mumbai,2023-07-15
C04600,Customer_4600,60,Female,Pune,2024-09-10
C04601,Customer_4601,42,Male,Noida,2024-02-29
C04602,Customer_4602,56,Female,Gurgaon,2023-02-03
C04603,Customer_4603,45,Male,Ghaziabad,2023-10-22
C04604,Customer_4604,50,Male,Meerut,2025-10-03
C04605,Customer_4605,54,Female,Gurgaon,2023-12-05
C04606,Customer_4606,26,Male,Meerut,2024-09-09
C04607,Customer_4607,35,Male,Pune,2023-06-29
C04608,Customer_4608,38,Female,Pune,2024-09-13
C04609,Customer_4609,19,Male,Noida,2024-09-10
C04610,Customer_4610,60,Other,Bangalore,2024-10-04
C04611,Customer_4611,55,Other,Ghaziabad,2023-01-23
C04612,Customer_4612,57,Male,Hyderabad,2024-09-10
C04613,Customer_4613,53,Male,Chennai,2023-09-09
C04614,Customer_4614,60,Female,Noida,2023-10-29
C04615,Customer_4615,54,Male,Pune,2025-12-29
C04616,Customer_4616,32,Male,Unknown,2023-06-12
C04617,Customer_4617,45,Female,Bangalore,2025-12-22
C04618,Customer_4618,35,Male,Chennai,2024-09-03
C04619,Customer_4619,51,Female,Delhi,2025-12-07
C04620,Customer_4620,39,Male,Noida,2024-03-20
C04621,Customer_4621,28,Male,Gurgaon,2023-03-15
C04622,Customer_4622,30,Male,Hyderabad,2025-04-05
C04623,Customer_4623,21,Other,Meerut,2024-06-25
C04624,Customer_4624,39,Female,Chennai,2023-06-06
C04625,Customer_4625,24,Female,Chennai,2023-09-13
C04626,Customer_4626,60,Male,Noida,2025-11-28
C04627,Customer_4627,41,Male,Chennai,2025-12-14
C04628,Customer_4628,21,Male,Meerut,2025-11-17
C04629,Customer_4629,45,Female,Unknown,2025-07-25
C04630,Customer_4630,32,Female,Delhi,2023-04-28
C04631,Customer_4631,18,Female,Gurgaon,2024-01-05
C04632,Customer_4632,20,Male,Meerut,2023-07-28
C04633,Customer_4633,31,Female,Hyderabad,2024-08-09
C04634,Customer_4634,55,Male,Chennai,2025-04-28
C04635,Customer_4635,18,Other,Delhi,2023-11-12
C04636,Customer_4636,55,Male,Unknown,2024-03-19
C04637,Customer_4637,55,Female,Delhi,2024-09-19
C04638,Customer_4638,38,Male,Hyderabad,2024-03-20
C04639,Customer_4639,46,Male,Bangalore,2024-07-23
C04640,Customer_4640,22,Female,Delhi,2024-08-04
C04641,Customer_4641,27,Male,Pune,2024-08-27
C04642,Customer_4642,45,Male,Meerut,2025-01-10
C04643,Customer_4643,38,Female,Mumbai,2025-06-26
C04644,Customer_4644,24,Female,Mumbai,2024-10-10
C04645,Customer_4645,20,Female,Mumbai,2023-11-01
C04646,Customer_4646,62,Male,Bangalore,2023-12-05
C04647,Customer_4647,64,Female,Pune,2024-06-12
C04648,Customer_4648,37,Female,Hyderabad,2023-02-23
C04649,Customer_4649,36,Male,Noida,2024-11-14
C04650,Customer_4650,52,Female,Mumbai,2024-02-23
C04651,Customer_4651,21,Male,Noida,2023-11-01
C04652,Customer_4652,22,Male,Bangalore,2023-03-26
C04653,Customer_4653,18,Male,Noida,2023-09-09
C04654,Customer_4654,21,Male,Chennai,2023-05-06
C04655,Customer_4655,29,Female,Bangalore,2024-09-01
C04656,Customer_4656,44,Female,Noida,2023-10-31
C04657,Customer_4657,59,Female,Delhi,2025-11-17
C04658,Customer_4658,40,Female,Mumbai,2025-04-27
C04659,Customer_4659,42,Male,Gurgaon,2025-12-11
C04660,Customer_4660,38,Female,Ghaziabad,2024-10-16
C04661,Customer_4661,41,Female,Bangalore,2024-10-05
C04662,Customer_4662,42,Male,Meerut,2025-05-07
C04663,Customer_4663,62,Female,Ghaziabad,2024-05-25
C04664,Customer_4664,63,Other,Hyderabad,2023-07-26
C04665,Customer_4665,49,Female,Bangalore,2024-07-27
C04666,Customer_4666,49,Female,Bangalore,2025-05-24
C04667,Customer_4667,22,Male,Noida,2024-05-25
C04668,Customer_4668,53,Male,Bangalore,2023-07-20
C04669,Customer_4669,63,Male,Mumbai,2025-04-02
C04670,Customer_4670,59,Female,Pune,2025-12-06
C04671,Customer_4671,59,Female,Pune,2025-10-16
C04672,Customer_4672,56,Other,Hyderabad,2023-05-17
C04673,Customer_4673,33,Male,Chennai,2023-05-10
C04674,Customer_4674,50,Male,Gurgaon,2025-10-14
C04675,Customer_4675,38,Female,Chennai,2024-03-07
C04676,Customer_4676,26,Female,Mumbai,2025-12-28
C04677,Customer_4677,23,Male,Mumbai,2024-06-23
C04678,Customer_4678,62,Female,Delhi,2023-12-01
C04679,Customer_4679,52,Female,Pune,2024-06-09
C04680,Customer_4680,56,Female,Ghaziabad,2024-07-11
C04681,Customer_4681,39,Female,Meerut,2025-06-27
C04682,Customer_4682,58,Male,Bangalore,2025-11-05
C04683,Customer_4683,22,Other,Gurgaon,2024-05-24
C04684,Customer_4684,59,Female,Meerut,2023-07-28
C04685,Customer_4685,40,Male,Unknown,2023-02-27
C04686,Customer_4686,34,Male,Meerut,2025-03-26
C04687,Customer_4687,29,Female,Delhi,2025-11-03
C04688,Customer_4688,40,Male,Gurgaon,2024-01-12
C04689,Customer_4689,33,Male,Gurgaon,2023-08-31
C04690,Customer_4690,20,Female,Delhi,2025-09-19
C04691,Customer_4691,47,Male,Mumbai,2025-06-09
C04692,Customer_4692,39,Female,Delhi,2024-02-19
C04693,Customer_4693,26,Male,Mumbai,2024-01-29
C04694,Customer_4694,46,Female,Ghaziabad,2024-12-29
C04695,Customer_4695,64,Male,Hyderabad,2023-12-24
C04696,Customer_4696,54,Male,Mumbai,2024-11-04
C04697,Customer_4697,40,Male,Meerut,2023-01-18
C04698,Customer_4698,30,Female,Mumbai,2024-12-28
C04699,Customer_4699,49,Female,Hyderabad,2024-07-14
C04700,Customer_4700,63,Male,Chennai,2025-12-17
C04701,Customer_4701,64,Female,Bangalore,2023-06-04
C04702,Customer_4702,40,Female,Delhi,2024-05-01
C04703,Customer_4703,62,Other,Bangalore,2023-05-31
C04704,Customer_4704,34,Male,Delhi,2024-01-03
C04705,Customer_4705,57,Female,Ghaziabad,2025-12-06
C04706,Customer_4706,38,Male,Pune,2023-07-26
C04707,Customer_4707,19,Male,Meerut,2024-03-25
C04708,Customer_4708,54,Other,Meerut,2025-07-12
C04709,Customer_4709,23,Female,Chennai,2024-11-27
C04710,Customer_4710,61,Male,Pune,2024-07-23
C04711,Customer_4711,35,Male,Pune,2023-05-23
C04712,Customer_4712,47,Female,Delhi,2025-12-06
C04713,Customer_4713,39,Female,Meerut,2023-07-10
C04714,Customer_4714,50,Male,Meerut,2023-05-20
C04715,Customer_4715,47,Female,Pune,2024-09-06
C04716,Customer_4716,34,Male,Delhi,2025-07-13
C04717,Customer_4717,60,Male,Mumbai,2025-12-08
C04718,Customer_4718,49,Female,Mumbai,2024-09-15
C04719,Customer_4719,59,Male,Hyderabad,2023-03-28
C04720,Customer_4720,31,Male,Noida,2023-10-09
C04721,Customer_4721,27,Female,Gurgaon,2025-02-02
C04722,Customer_4722,64,Female,Ghaziabad,2024-03-28
C04723,Customer_4723,53,Male,Delhi,2023-02-16
C04724,Customer_4724,51,Female,Mumbai,2025-07-26
C04725,Customer_4725,26,Female,Unknown,2023-01-31
C04726,Customer_4726,59,Male,Gurgaon,2024-06-17
C04727,Customer_4727,45,Female,Gurgaon,2023-01-17
C04728,Customer_4728,28,Male,Gurgaon,2024-01-27
C04729,Customer_4729,31,Male,Pune,2025-10-03
C04730,Customer_4730,56,Female,Hyderabad,2023-12-20
C04731,Customer_4731,64,Other,Chennai,2023-11-01
C04732,Customer_4732,36,Male,Noida,2024-05-23
C04733,Customer_4733,32,Male,Chennai,2024-12-12
C04734,Customer_4734,45,Female,Chennai,2024-11-15
C04735,Customer_4735,41,Male,Delhi,2025-02-24
C04736,Customer_4736,25,Male,Hyderabad,2025-05-06
C04737,Customer_4737,60,Male,Bangalore,2023-06-26
C04738,Customer_4738,26,Female,Hyderabad,2023-10-28
C04739,Customer_4739,64,Male,Bangalore,2024-03-20
C04740,Customer_4740,50,Male,Noida,2023-01-21
C04741,Customer_4741,50,Female,Unknown,2025-10-12
C04742,Customer_4742,36,Female,Pune,2024-12-11
C04743,Customer_4743,20,Female,Gurgaon,2024-12-01
C04744,Customer_4744,27,Male,Delhi,2023-06-01
C04745,Customer_4745,57,Female,Pune,2025-05-08
C04746,Customer_4746,64,Male,Delhi,2023-04-06
C04747,Customer_4747,59,Male,Pune,2025-05-27
C04748,Customer_4748,18,Female,Delhi,2024-10-01
C04749,Customer_4749,46,Male,Hyderabad,2024-02-04
C04750,Customer_4750,51,Male,Hyderabad,2023-09-03
C04751,Customer_4751,30,Male,Hyderabad,2023-04-22
C04752,Customer_4752,18,Male,Gurgaon,2025-03-04
C04753,Customer_4753,51,Male,Ghaziabad,2025-10-23
C04754,Customer_4754,46,Other,Meerut,2023-04-26
C04755,Customer_4755,64,Male,Bangalore,2025-07-22
C04756,Customer_4756,30,Male,Hyderabad,2023-10-19
C04757,Customer_4757,46,Male,Ghaziabad,2023-12-08
C04758,Customer_4758,56,Female,Bangalore,2025-10-11
C04759,Customer_4759,41,Female,Delhi,2024-08-07
C04760,Customer_4760,43,Male,Noida,2023-01-27
C04761,Customer_4761,34,Female,Pune,2024-03-30
C04762,Customer_4762,24,Male,Ghaziabad,2025-07-06
C04763,Customer_4763,30,Male,Chennai,2024-08-02
C04764,Customer_4764,22,Male,Mumbai,2023-01-14
C04765,Customer_4765,43,Male,Ghaziabad,2023-04-08
C04766,Customer_4766,20,Male,Hyderabad,2023-10-06
C04767,Customer_4767,24,Female,Hyderabad,2024-05-04
C04768,Customer_4768,56,Male,Unknown,2025-09-11
C04769,Customer_4769,18,Female,Pune,2025-08-18
C04770,Customer_4770,34,Male,Bangalore,2024-09-15
C04771,Customer_4771,60,Male,Delhi,2023-07-26
C04772,Customer_4772,42,Male,Mumbai,2024-08-19
C04773,Customer_4773,20,Female,Delhi,2024-11-25
C04774,Customer_4774,32,Male,Gurgaon,2023-09-07
C04775,Customer_4775,46,Female,Pune,2025-01-09
C04776,Customer_4776,60,Male,Hyderabad,2023-11-02
C04777,Customer_4777,49,Male,Gurgaon,2025-11-28
C04778,Customer_4778,43,Male,Delhi,2025-09-24
C04779,Customer_4779,33,Male,Delhi,2024-12-18
C04780,Customer_4780,42,Male,Mumbai,2023-07-02
C04781,Customer_4781,45,Male,Meerut,2024-10-06
C04782,Customer_4782,26,Female,Delhi,2023-01-30
C04783,Customer_4783,18,Male,Bangalore,2025-02-05
C04784,Customer_4784,46,Female,Bangalore,2024-09-06
C04785,Customer_4785,39,Male,Ghaziabad,2025-10-01
C04786,Customer_4786,33,Female,Mumbai,2023-03-15
C04787,Customer_4787,58,Female,Mumbai,2025-12-14
C04788,Customer_4788,61,Male,Hyderabad,2025-08-19
C04789,Customer_4789,58,Male,Delhi,2023-01-24
C04790,Customer_4790,24,Female,Meerut,2025-11-11
C04791,Customer_4791,31,Female,Chennai,2024-03-03
C04792,Customer_4792,46,Male,Gurgaon,2025-11-21
C04793,Customer_4793,36,Male,Mumbai,2025-05-12
C04794,Customer_4794,36,Female,Ghaziabad,2023-12-05
C04795,Customer_4795,19,Male,Ghaziabad,2024-05-26
C04796,Customer_4796,58,Female,Delhi,2025-12-29
C04797,Customer_4797,62,Male,Delhi,2024-11-02
C04798,Customer_4798,32,Male,Unknown,2025-05-26
C04799,Customer_4799,20,Female,Noida,2024-07-24
C04800,Customer_4800,28,Female,Noida,2025-02-02
C04801,Customer_4801,63,Male,Delhi,2024-12-13
C04802,Customer_4802,47,Male,Pune,2024-08-11
C04803,Customer_4803,57,Female,Bangalore,2025-02-05
C04804,Customer_4804,35,Female,Bangalore,2025-03-29
C04805,Customer_4805,19,Male,Chennai,2023-03-19
C04806,Customer_4806,49,Female,Chennai,2023-01-10
C04807,Customer_4807,25,Female,Hyderabad,2024-09-27
C04808,Customer_4808,39,Female,Meerut,2024-08-14
C04809,Customer_4809,23,Female,Ghaziabad,2024-12-18
C04810,Customer_4810,29,Male,Bangalore,2024-07-18
C04811,Customer_4811,64,Female,Pune,2024-02-14
C04812,Customer_4812,57,Female,Delhi,2023-12-24
C04813,Customer_4813,53,Male,Mumbai,2023-04-08
C04814,Customer_4814,32,Male,Pune,2025-10-03
C04815,Customer_4815,45,Male,Hyderabad,2023-08-29
C04816,Customer_4816,62,Female,Pune,2024-07-10
C04817,Customer_4817,35,Male,Mumbai,2024-12-11
C04818,Customer_4818,19,Female,Gurgaon,2023-06-05
C04819,Customer_4819,30,Female,Noida,2023-12-18
C04820,Customer_4820,62,Female,Gurgaon,2023-02-13
C04821,Customer_4821,32,Female,Ghaziabad,2024-08-14
C04822,Customer_4822,37,Other,Ghaziabad,2023-05-18
C04823,Customer_4823,46,Male,Bangalore,2024-03-11
C04824,Customer_4824,59,Female,Mumbai,2025-01-23
C04825,Customer_4825,46,Male,Ghaziabad,2023-05-23
C04826,Customer_4826,20,Female,Chennai,2025-10-20
C04827,Customer_4827,36,Male,Bangalore,2023-09-19
C04828,Customer_4828,20,Other,Hyderabad,2024-05-26
C04829,Customer_4829,31,Female,Bangalore,2024-11-03
C04830,Customer_4830,57,Female,Gurgaon,2023-03-03
C04831,Customer_4831,21,Male,Delhi,2023-01-31
C04832,Customer_4832,28,Male,Chennai,2025-08-06
C04833,Customer_4833,48,Female,Chennai,2025-03-12
C04834,Customer_4834,60,Male,Meerut,2023-09-23
C04835,Customer_4835,49,Female,Chennai,2023-11-04
C04836,Customer_4836,44,Male,Chennai,2024-04-03
C04837,Customer_4837,47,Female,Gurgaon,2023-11-30
C04838,Customer_4838,60,Male,Pune,2024-05-29
C04839,Customer_4839,19,Female,Chennai,2024-03-16
C04840,Customer_4840,26,Female,Delhi,2024-11-03
C04841,Customer_4841,45,Male,Noida,2024-01-26
C04842,Customer_4842,48,Male,Gurgaon,2025-07-23
C04843,Customer_4843,51,Male,Unknown,2024-07-13
C04844,Customer_4844,32,Female,Pune,2023-09-11
C04845,Customer_4845,42,Female,Meerut,2025-10-24
C04846,Customer_4846,53,Female,Pune,2023-04-29
C04847,Customer_4847,25,Female,Bangalore,2025-09-22
C04848,Customer_4848,26,Male,Noida,2024-04-14
C04849,Customer_4849,54,Male,Ghaziabad,2025-02-23
C04850,Customer_4850,62,Male,Hyderabad,2025-12-29
C04851,Customer_4851,56,Male,Ghaziabad,2024-11-24
C04852,Customer_4852,49,Other,Meerut,2025-05-14
C04853,Customer_4853,34,Female,Meerut,2025-02-14
C04854,Customer_4854,52,Male,Chennai,2023-06-30
C04855,Customer_4855,54,Female,Pune,2025-10-25
C04856,Customer_4856,36,Female,Bangalore,2023-02-16
C04857,Customer_4857,61,Male,Chennai,2024-09-25
C04858,Customer_4858,46,Male,Mumbai,2024-08-11
C04859,Customer_4859,24,Male,Bangalore,2023-11-06
C04860,Customer_4860,45,Female,Meerut,2023-10-01
C04861,Customer_4861,26,Other,Meerut,2025-04-19
C04862,Customer_4862,45,Female,Gurgaon,2024-04-03
C04863,Customer_4863,23,Male,Mumbai,2025-01-02
C04864,Customer_4864,46,Male,Chennai,2023-12-27
C04865,Customer_4865,34,Female,Meerut,2025-10-14
C04866,Customer_4866,33,Female,Mumbai,2025-12-28
C04867,Customer_4867,40,Female,Unknown,2024-10-23
C04868,Customer_4868,48,Female,Hyderabad,2024-11-29
C04869,Customer_4869,20,Male,Pune,2025-06-03
C04870,Customer_4870,38,Female,Meerut,2025-01-27
C04871,Customer_4871,43,Female,Noida,2025-11-21
C04872,Customer_4872,53,Male,Bangalore,2024-09-12
C04873,Customer_4873,59,Female,Pune,2023-07-01
C04874,Customer_4874,54,Male,Mumbai,2024-11-16
C04875,Customer_4875,39,Male,Pune,2024-11-11
C04876,Customer_4876,59,Male,Ghaziabad,2023-09-05
C04877,Customer_4877,29,Male,Gurgaon,2024-09-11
C04878,Customer_4878,59,Male,Mumbai,2023-01-30
C04879,Customer_4879,30,Male,Noida,2025-05-22
C04880,Customer_4880,28,Female,Meerut,2025-08-05
C04881,Customer_4881,33,Male,Mumbai,2025-09-11
C04882,Customer_4882,25,Male,Delhi,2023-11-13
C04883,Customer_4883,57,Male,Ghaziabad,2025-01-06
C04884,Customer_4884,57,Female,Noida,2023-06-17
C04885,Customer_4885,62,Male,Bangalore,2025-01-12
C04886,Customer_4886,19,Male,Delhi,2023-05-06
C04887,Customer_4887,47,Female,Mumbai,2024-07-26
C04888,Customer_4888,47,Female,Gurgaon,2023-04-30
C04889,Customer_4889,29,Female,Delhi,2025-10-05
C04890,Customer_4890,27,Female,Pune,2024-07-13
C04891,Customer_4891,61,Male,Mumbai,2025-12-18
C04892,Customer_4892,28,Female,Noida,2024-11-27
C04893,Customer_4893,32,Male,Mumbai,2023-08-11
C04894,Customer_4894,33,Male,Gurgaon,2025-10-31
C04895,Customer_4895,34,Male,Hyderabad,2025-03-03
C04896,Customer_4896,43,Female,Pune,2025-03-24
C04897,Customer_4897,19,Male,Meerut,2023-11-06
C04898,Customer_4898,29,Female,Mumbai,2025-10-08
C04899,Customer_4899,43,Female,Gurgaon,2025-01-18
C04900,Customer_4900,40,Male,Delhi,2025-11-23
C04901,Customer_4901,35,Female,Delhi,2025-10-15
C04902,Customer_4902,49,Female,Noida,2024-04-25
C04903,Customer_4903,55,Female,Pune,2024-07-27
C04904,Customer_4904,64,Male,Delhi,2025-04-04
C04905,Customer_4905,20,Female,Meerut,2024-09-19
C04906,Customer_4906,55,Male,Hyderabad,2025-04-23
C04907,Customer_4907,20,Female,Hyderabad,2025-09-15
C04908,Customer_4908,47,Female,Noida,2024-02-23
C04909,Customer_4909,18,Male,Mumbai,2023-01-30
C04910,Customer_4910,47,Female,Delhi,2023-10-25
C04911,Customer_4911,62,Female,Gurgaon,2025-12-20
C04912,Customer_4912,49,Female,Bangalore,2024-04-02
C04913,Customer_4913,45,Male,Hyderabad,2023-10-31
C04914,Customer_4914,38,Male,Chennai,2025-08-15
C04915,Customer_4915,63,Other,Noida,2023-12-06
C04916,Customer_4916,30,Female,Mumbai,2024-03-23
C04917,Customer_4917,44,Female,Ghaziabad,2025-05-30
C04918,Customer_4918,53,Male,Noida,2024-06-23
C04919,Customer_4919,24,Male,Gurgaon,2024-04-29
C04920,Customer_4920,39,Female,Bangalore,2023-03-18
C04921,Customer_4921,27,Female,Chennai,2024-05-29
C04922,Customer_4922,56,Male,Hyderabad,2025-08-01
C04923,Customer_4923,32,Female,Pune,2024-10-20
C04924,Customer_4924,32,Female,Chennai,2023-04-02
C04925,Customer_4925,21,Male,Hyderabad,2024-04-10
C04926,Customer_4926,49,Male,Ghaziabad,2024-04-10
C04927,Customer_4927,40,Male,Ghaziabad,2025-11-29
C04928,Customer_4928,23,Female,Hyderabad,2024-11-20
C04929,Customer_4929,41,Male,Pune,2025-08-04
C04930,Customer_4930,37,Male,Noida,2024-07-07
C04931,Customer_4931,54,Female,Pune,2025-12-25
C04932,Customer_4932,37,Male,Delhi,2023-04-19
C04933,Customer_4933,29,Male,Hyderabad,2023-04-02
C04934,Customer_4934,50,Male,Hyderabad,2025-09-29
C04935,Customer_4935,45,Female,Pune,2024-01-03
C04936,Customer_4936,25,Female,Meerut,2025-03-30
C04937,Customer_4937,18,Male,Meerut,2024-02-27
C04938,Customer_4938,54,Female,Gurgaon,2024-07-25
C04939,Customer_4939,39,Female,Meerut,2025-05-11
C04940,Customer_4940,23,Male,Ghaziabad,2024-03-10
C04941,Customer_4941,38,Male,Delhi,2023-07-31
C04942,Customer_4942,49,Male,Hyderabad,2024-06-09
C04943,Customer_4943,52,Male,Chennai,2024-04-12
C04944,Customer_4944,32,Female,Ghaziabad,2025-03-02
C04945,Customer_4945,22,Female,Gurgaon,2025-05-24
C04946,Customer_4946,63,Male,Bangalore,2023-07-29
C04947,Customer_4947,23,Male,Delhi,2023-09-13
C04948,Customer_4948,42,Male,Meerut,2023-03-14
C04949,Customer_4949,63,Female,Mumbai,2023-05-27
C04950,Customer_4950,57,Male,Noida,2023-11-13
C04951,Customer_4951,46,Female,Chennai,2024-08-28
C04952,Customer_4952,24,Male,Hyderabad,2024-07-28
C04953,Customer_4953,57,Female,Bangalore,2024-06-30
C04954,Customer_4954,30,Female,Noida,2025-04-14
C04955,Customer_4955,55,Male,Pune,2023-11-08
C04956,Customer_4956,35,Female,Pune,2025-03-18
C04957,Customer_4957,19,Other,Delhi,2025-02-03
C04958,Customer_4958,25,Male,Delhi,2023-05-14
C04959,Customer_4959,28,Female,Delhi,2025-08-05
C04960,Customer_4960,50,Male,Ghaziabad,2024-03-11
C04961,Customer_4961,55,Female,Ghaziabad,2023-12-24
C04962,Customer_4962,44,Male,Pune,2025-07-18
C04963,Customer_4963,37,Female,Delhi,2025-06-01
C04964,Customer_4964,29,Female,Chennai,2023-09-09
C04965,Customer_4965,60,Female,Gurgaon,2023-05-15
C04966,Customer_4966,48,Female,Delhi,2024-06-06
C04967,Customer_4967,44,Female,Unknown,2025-03-14
C04968,Customer_4968,49,Male,Chennai,2024-10-21
C04969,Customer_4969,27,Female,Hyderabad,2023-11-15
C04970,Customer_4970,20,Female,Mumbai,2023-03-21
C04971,Customer_4971,62,Female,Pune,2025-11-19
C04972,Customer_4972,44,Female,Delhi,2024-02-18
C04973,Customer_4973,52,Female,Meerut,2024-01-03
C04974,Customer_4974,48,Female,Noida,2025-10-03
C04975,Customer_4975,32,Male,Delhi,2025-09-19
C04976,Customer_4976,33,Male,Gurgaon,2024-08-18
C04977,Customer_4977,30,Male,Mumbai,2025-10-14
C04978,Customer_4978,52,Male,Delhi,2024-12-01
C04979,Customer_4979,28,Female,Noida,2025-11-10
C04980,Customer_4980,38,Male,Noida,2024-07-02
C04981,Customer_4981,28,Male,Ghaziabad,2023-09-03
C04982,Customer_4982,47,Other,Gurgaon,2023-10-10
C04983,Customer_4983,52,Male,Gurgaon,2024-09-05
C04984,Customer_4984,39,Male,Chennai,2025-07-19
C04985,Customer_4985,55,Male,Meerut,2025-03-16
C04986,Customer_4986,48,Male,Gurgaon,2023-08-20
C04987,Customer_4987,31,Female,Mumbai,2023-11-12
C04988,Customer_4988,41,Female,Meerut,2025-04-17
C04989,Customer_4989,49,Female,Ghaziabad,2024-02-15
C04990,Customer_4990,53,Male,Gurgaon,2023-09-02
C04991,Customer_4991,49,Female,Ghaziabad,2024-01-22
C04992,Customer_4992,32,Male,Noida,2024-11-19
C04993,Customer_4993,60,Male,Delhi,2023-12-24
C04994,Customer_4994,52,Male,Gurgaon,2025-10-18
C04995,Customer_4995,20,Male,Noida,2024-09-05
C04996,Customer_4996,33,Male,Delhi,2025-03-08
C04997,Customer_4997,22,Male,Delhi,2023-01-22
C04998,Customer_4998,38,Other,Noida,2023-01-19
C04999,Customer_4999,27,Male,Hyderabad,2023-10-03
C05000,Customer_5000,36,Male,Meerut,2024-10-20
