payment_id,order_id,payment_method,payment_status,transaction_amount
P000001,O000001,Wallet,Successful,329.24
P000002,O000002,UPI,Successful,775.54
P000003,O000003,Cash,Successful,399.19
P000004,O000004,UPI,Successful,787.6899999999999
P000005,O000005,Debit Card,Successful,506.80999999999995
P000006,O000006,Wallet,Successful,178.85000000000002
P000007,O000007,Debit Card,Successful,987.91
P000008,O000008,Debit Card,Successful,432.13
P000009,O000009,Credit Card,Successful,289.13
P000010,O000010,Cash,Successful,749.42
P000011,O000011,UPI,Failed,628.4
P000012,O000012,Wallet,Successful,1364.42
P000013,O000013,Cash,Successful,1103.26
P000014,O000014,Credit Card,Successful,1364.91
P000015,O000015,Credit Card,Successful,377.93
P000016,O000016,Credit Card,Successful,681.17
P000017,O000017,Wallet,Successful,1033.7
P000018,O000018,Cash,Successful,281.53999999999996
P000019,O000019,Cash,Successful,241.76
P000020,O000020,Debit Card,Successful,1239.47
P000021,O000021,Debit Card,Failed,1096.6399999999999
P000022,O000022,Debit Card,Successful,423.08
P000023,O000023,Cash,Successful,501.05999999999995
P000024,O000024,UPI,Successful,1204.01
P000025,O000025,Credit Card,Successful,297.35999999999996
P000026,O000026,Wallet,Successful,1760.27
P000027,O000027,Cash,Successful,1409.98
P000028,O000028,Credit Card,Successful,1490.3500000000001
P000029,O000029,UPI,Successful,455.72
P000030,O000030,UPI,Successful,115.89999999999999
P000031,O000031,Debit Card,Failed,1646.72
P000032,O000032,Cash,Refunded,579.4699999999999
P000033,O000033,Cash,Successful,506.28
P000034,O000034,UPI,Successful,511.97
P000035,O000035,UPI,Successful,509.93
P000036,O000036,Wallet,Successful,1169.3300000000002
P000037,O000037,UPI,Successful,1329.34
P000038,O000038,Debit Card,Successful,1538.97
P000039,O000039,Credit Card,Successful,1050.74
P000040,O000040,UPI,Successful,538.64
P000041,O000041,Cash,Successful,842.71
P000042,O000042,Credit Card,Successful,465.38
P000043,O000043,Credit Card,Successful,231.16000000000003
P000044,O000044,Wallet,Successful,273.91
P000045,O000045,Debit Card,Successful,1192.95
P000046,O000046,Debit Card,Successful,172.85000000000002
P000047,O000047,Cash,Failed,1586.6200000000001
P000048,O000048,Wallet,Successful,1637.65
P000049,O000049,UPI,Successful,359.70000000000005
P000050,O000050,Wallet,Successful,679.1700000000001
P000051,O000051,Cash,Failed,1153.3999999999999
P000052,O000052,Wallet,Successful,1452.72
P000053,O000053,Wallet,Successful,1289.58
P000054,O000054,Credit Card,Successful,495.26
P000055,O000055,Wallet,Successful,206.7
P000056,O000056,Debit Card,Successful,472.6
P000057,O000057,Debit Card,Successful,803.35
P000058,O000058,Cash,Successful,638.45
P000059,O000059,Wallet,Successful,1328.77
P000060,O000060,Cash,Successful,415.81999999999994
P000061,O000061,Debit Card,Successful,1504.1000000000001
P000062,O000062,Debit Card,Successful,478.42
P000063,O000063,Wallet,Successful,638.0
P000064,O000064,UPI,Successful,870.77
P000065,O000065,Credit Card,Successful,485.2299999999999
P000066,O000066,UPI,Successful,1139.58
P000067,O000067,Credit Card,Successful,787.23
P000068,O000068,Debit Card,Successful,1593.4099999999999
P000069,O000069,UPI,Successful,1880.6399999999999
P000070,O000070,Wallet,Successful,1600.5400000000002
P000071,O000071,UPI,Successful,1070.73
P000072,O000072,Debit Card,Successful,825.8800000000001
P000073,O000073,Cash,Successful,482.56
P000074,O000074,Wallet,Successful,1196.31
P000075,O000075,UPI,Successful,1816.01
P000076,O000076,Cash,Successful,224.49
P000077,O000077,UPI,Successful,1335.79
P000078,O000078,Credit Card,Successful,1279.8000000000002
P000079,O000079,Credit Card,Successful,1809.09
P000080,O000080,Wallet,Successful,577.56
P000081,O000081,Credit Card,Successful,567.36
P000082,O000082,Cash,Successful,398.6700000000001
P000083,O000083,UPI,Failed,1503.76
P000084,O000084,Debit Card,Successful,335.36
P000085,O000085,Cash,Successful,598.8199999999999
P000086,O000086,Cash,Successful,565.16
P000087,O000087,Debit Card,Successful,713.6
P000088,O000088,Debit Card,Successful,753.74
P000089,O000089,Debit Card,Successful,1002.5100000000001
P000090,O000090,UPI,Successful,1482.0800000000002
P000091,O000091,Debit Card,Successful,455.32000000000005
P000092,O000092,Debit Card,Successful,1377.3
P000093,O000093,Debit Card,Successful,1369.41
P000094,O000094,Cash,Successful,287.44
P000095,O000095,UPI,Successful,1480.25
P000096,O000096,Credit Card,Successful,264.86
P000097,O000097,UPI,Successful,1366.69
P000098,O000098,Wallet,Successful,1027.53
P000099,O000099,Wallet,Successful,1062.5099999999998
P000100,O000100,Cash,Successful,475.24
P000101,O000101,Wallet,Successful,888.49
P000102,O000102,Wallet,Successful,1145.53
P000103,O000103,Debit Card,Successful,1183.42
P000104,O000104,Debit Card,Successful,1470.77
P000105,O000105,UPI,Successful,1264.97
P000106,O000106,Wallet,Successful,468.84000000000003
P000107,O000107,Credit Card,Successful,297.33
P000108,O000108,Cash,Successful,1294.16
P000109,O000109,UPI,Successful,1104.01
P000110,O000110,Debit Card,Successful,338.68
P000111,O000111,Debit Card,Successful,350.98
P000112,O000112,UPI,Successful,99.33000000000001
P000113,O000113,UPI,Successful,1072.55
P000114,O000114,Wallet,Successful,894.4199999999998
P000115,O000115,Wallet,Successful,882.0400000000001
P000116,O000116,Cash,Successful,572.05
P000117,O000117,Credit Card,Successful,790.45
P000118,O000118,UPI,Successful,1180.4099999999999
P000119,O000119,UPI,Successful,360.54
P000120,O000120,UPI,Successful,454.99
P000121,O000121,Credit Card,Successful,1058.51
P000122,O000122,Debit Card,Successful,1483.6999999999998
P000123,O000123,UPI,Successful,738.4
P000124,O000124,Credit Card,Successful,1650.44
P000125,O000125,Wallet,Successful,184.32000000000002
P000126,O000126,Wallet,Successful,247.0
P000127,O000127,Wallet,Successful,905.56
P000128,O000128,Wallet,Successful,1274.4199999999998
P000129,O000129,Cash,Successful,791.46
P000130,O000130,Cash,Successful,848.8599999999999
P000131,O000131,Credit Card,Successful,133.74
P000132,O000132,Credit Card,Successful,726.3
P000133,O000133,Cash,Successful,446.93
P000134,O000134,Wallet,Failed,977.3599999999999
P000135,O000135,Wallet,Successful,864.0799999999999
P000136,O000136,Cash,Successful,1315.66
P000137,O000137,Debit Card,Successful,1010.46
P000138,O000138,Wallet,Successful,1013.2099999999999
P000139,O000139,Wallet,Successful,849.3299999999999
P000140,O000140,Debit Card,Successful,1572.33
P000141,O000141,Credit Card,Successful,1381.34
P000142,O000142,Debit Card,Successful,1416.26
P000143,O000143,Credit Card,Successful,977.73
P000144,O000144,Wallet,Refunded,989.1000000000001
P000145,O000145,Debit Card,Successful,616.1999999999999
P000146,O000146,UPI,Successful,1534.53
P000147,O000147,Cash,Refunded,358.03999999999996
P000148,O000148,Wallet,Successful,121.0
P000149,O000149,Cash,Successful,1234.25
P000150,O000150,UPI,Successful,313.49
P000151,O000151,UPI,Successful,1326.8899999999999
P000152,O000152,UPI,Successful,1191.07
P000153,O000153,Cash,Successful,885.06
P000154,O000154,Credit Card,Successful,640.87
P000155,O000155,Credit Card,Successful,1127.09
P000156,O000156,Cash,Successful,868.51
P000157,O000157,Cash,Successful,560.4699999999999
P000158,O000158,Debit Card,Successful,1376.3600000000001
P000159,O000159,Credit Card,Successful,382.46
P000160,O000160,Cash,Successful,1120.29
P000161,O000161,Cash,Successful,1342.49
P000162,O000162,Cash,Successful,1601.06
P000163,O000163,Cash,Failed,1000.96
P000164,O000164,Cash,Successful,935.55
P000165,O000165,Wallet,Failed,1403.07
P000166,O000166,Wallet,Successful,1382.55
P000167,O000167,Credit Card,Successful,1189.8500000000001
P000168,O000168,Wallet,Successful,1399.4499999999998
P000169,O000169,UPI,Successful,980.14
P000170,O000170,Cash,Successful,156.47
P000171,O000171,Cash,Successful,373.25
P000172,O000172,Wallet,Successful,983.96
P000173,O000173,Credit Card,Successful,655.33
P000174,O000174,Credit Card,Successful,1112.12
P000175,O000175,UPI,Successful,948.7
P000176,O000176,Wallet,Successful,832.51
P000177,O000177,Wallet,Successful,430.59000000000003
P000178,O000178,Cash,Successful,1274.07
P000179,O000179,Wallet,Successful,1407.94
P000180,O000180,Credit Card,Successful,1556.93
P000181,O000181,Credit Card,Successful,294.59
P000182,O000182,Credit Card,Successful,826.4599999999999
P000183,O000183,UPI,Successful,1523.43
P000184,O000184,Wallet,Successful,1078.05
P000185,O000185,Wallet,Successful,713.3399999999999
P000186,O000186,Credit Card,Successful,622.46
P000187,O000187,UPI,Successful,659.65
P000188,O000188,Wallet,Refunded,429.97
P000189,O000189,Credit Card,Successful,336.4
P000190,O000190,Cash,Successful,932.5899999999999
P000191,O000191,Credit Card,Successful,1012.5999999999999
P000192,O000192,Debit Card,Successful,1121.38
P000193,O000193,Cash,Successful,587.2900000000001
P000194,O000194,Wallet,Successful,746.4100000000001
P000195,O000195,UPI,Successful,1292.7
P000196,O000196,Credit Card,Successful,1732.6100000000001
P000197,O000197,Cash,Failed,556.51
P000198,O000198,Credit Card,Successful,484.46000000000004
P000199,O000199,Cash,Successful,872.06
P000200,O000200,UPI,Successful,1438.3799999999999
P000201,O000201,UPI,Successful,1389.9
P000202,O000202,Debit Card,Failed,1018.5400000000001
P000203,O000203,Cash,Successful,1584.41
P000204,O000204,Cash,Successful,879.77
P000205,O000205,Debit Card,Successful,160.85999999999999
P000206,O000206,Credit Card,Successful,1755.52
P000207,O000207,UPI,Successful,458.71
P000208,O000208,Credit Card,Failed,331.42999999999995
P000209,O000209,Cash,Successful,1829.88
P000210,O000210,Wallet,Successful,664.31
P000211,O000211,Debit Card,Successful,314.69
P000212,O000212,Cash,Successful,601.88
P000213,O000213,UPI,Successful,783.55
P000214,O000214,Debit Card,Successful,262.29
P000215,O000215,UPI,Successful,552.47
P000216,O000216,Credit Card,Successful,1096.9699999999998
P000217,O000217,UPI,Successful,1455.19
P000218,O000218,Credit Card,Successful,814.63
P000219,O000219,Cash,Successful,1056.88
P000220,O000220,Debit Card,Successful,1288.02
P000221,O000221,Credit Card,Successful,188.5
P000222,O000222,Cash,Successful,673.74
P000223,O000223,Cash,Successful,1168.54
P000224,O000224,UPI,Successful,1159.54
P000225,O000225,UPI,Successful,647.4
P000226,O000226,Cash,Successful,110.38
P000227,O000227,UPI,Refunded,110.95
P000228,O000228,Cash,Successful,830.4300000000001
P000229,O000229,Credit Card,Successful,1057.55
P000230,O000230,Credit Card,Successful,1030.27
P000231,O000231,Debit Card,Successful,1374.9299999999998
P000232,O000232,Credit Card,Successful,1462.45
P000233,O000233,Credit Card,Successful,1751.82
P000234,O000234,Wallet,Successful,1235.99
P000235,O000235,UPI,Successful,858.7599999999999
P000236,O000236,UPI,Successful,299.12
P000237,O000237,Cash,Successful,637.1299999999999
P000238,O000238,Cash,Failed,920.8600000000001
P000239,O000239,Credit Card,Successful,1735.75
P000240,O000240,Wallet,Successful,321.63
P000241,O000241,Wallet,Successful,1499.25
P000242,O000242,Credit Card,Successful,1574.37
P000243,O000243,Credit Card,Successful,1502.28
P000244,O000244,Cash,Successful,1351.76
P000245,O000245,Debit Card,Successful,572.34
P000246,O000246,UPI,Successful,102.49
P000247,O000247,UPI,Successful,489.68
P000248,O000248,Debit Card,Successful,1559.8799999999999
P000249,O000249,Cash,Successful,278.79999999999995
P000250,O000250,Wallet,Successful,549.67
P000251,O000251,Credit Card,Successful,907.62
P000252,O000252,UPI,Successful,1189.8500000000001
P000253,O000253,Cash,Refunded,927.7700000000001
P000254,O000254,Wallet,Successful,1749.73
P000255,O000255,Cash,Successful,114.95
P000256,O000256,UPI,Refunded,1016.6300000000001
P000257,O000257,Cash,Successful,954.9100000000001
P000258,O000258,Debit Card,Successful,501.5899999999999
P000259,O000259,Cash,Refunded,923.1100000000001
P000260,O000260,Debit Card,Successful,1058.29
P000261,O000261,UPI,Successful,1207.74
P000262,O000262,Wallet,Successful,199.4
P000263,O000263,Wallet,Successful,1551.39
P000264,O000264,Debit Card,Successful,1408.7199999999998
P000265,O000265,UPI,Successful,287.04
P000266,O000266,Cash,Successful,692.0699999999999
P000267,O000267,Credit Card,Successful,994.9899999999999
P000268,O000268,Credit Card,Successful,304.22
P000269,O000269,Wallet,Successful,824.19
P000270,O000270,Debit Card,Successful,421.47999999999996
P000271,O000271,UPI,Successful,1619.21
P000272,O000272,UPI,Successful,720.54
P000273,O000273,Cash,Successful,1893.37
P000274,O000274,Cash,Successful,161.52
P000275,O000275,Debit Card,Successful,257.92999999999995
P000276,O000276,UPI,Successful,703.21
P000277,O000277,Cash,Successful,1698.79
P000278,O000278,UPI,Successful,860.3700000000001
P000279,O000279,Wallet,Successful,1486.01
P000280,O000280,Cash,Successful,672.54
P000281,O000281,Credit Card,Successful,162.91
P000282,O000282,Credit Card,Successful,1100.01
P000283,O000283,Wallet,Successful,1300.83
P000284,O000284,Credit Card,Successful,183.98000000000002
P000285,O000285,Wallet,Successful,369.69
P000286,O000286,Debit Card,Successful,749.77
P000287,O000287,UPI,Successful,790.52
P000288,O000288,Credit Card,Successful,1146.59
P000289,O000289,Wallet,Successful,682.6600000000001
P000290,O000290,Debit Card,Successful,1055.8899999999999
P000291,O000291,Credit Card,Successful,1115.63
P000292,O000292,Debit Card,Successful,1227.43
P000293,O000293,Debit Card,Successful,1019.1800000000001
P000294,O000294,Debit Card,Successful,1203.27
P000295,O000295,UPI,Successful,992.95
P000296,O000296,UPI,Successful,1490.49
P000297,O000297,Credit Card,Successful,1182.05
P000298,O000298,Wallet,Successful,323.17
P000299,O000299,Wallet,Successful,527.2800000000001
P000300,O000300,Cash,Successful,719.9399999999999
P000301,O000301,UPI,Successful,270.64
P000302,O000302,Cash,Successful,1084.72
P000303,O000303,UPI,Successful,1069.44
P000304,O000304,UPI,Successful,976.06
P000305,O000305,Debit Card,Successful,760.81
P000306,O000306,Cash,Successful,874.94
P000307,O000307,Cash,Successful,87.34
P000308,O000308,UPI,Successful,239.26
P000309,O000309,Debit Card,Successful,1332.1799999999998
P000310,O000310,Cash,Successful,512.01
P000311,O000311,Credit Card,Successful,216.87999999999997
P000312,O000312,UPI,Successful,658.0600000000001
P000313,O000313,Wallet,Successful,510.12
P000314,O000314,Cash,Successful,120.03
P000315,O000315,UPI,Successful,860.0
P000316,O000316,Debit Card,Successful,116.98000000000002
P000317,O000317,Debit Card,Successful,92.44999999999999
P000318,O000318,UPI,Successful,1476.93
P000319,O000319,Debit Card,Successful,576.4100000000001
P000320,O000320,Credit Card,Successful,1088.16
P000321,O000321,Debit Card,Successful,537.6800000000001
P000322,O000322,Debit Card,Successful,1357.99
P000323,O000323,Credit Card,Successful,1305.1200000000001
P000324,O000324,Credit Card,Successful,574.5699999999999
P000325,O000325,UPI,Successful,358.8
P000326,O000326,UPI,Successful,339.29999999999995
P000327,O000327,Credit Card,Successful,1348.0
P000328,O000328,UPI,Successful,675.39
P000329,O000329,UPI,Failed,519.89
P000330,O000330,Credit Card,Successful,1583.86
P000331,O000331,Cash,Successful,732.1899999999999
P000332,O000332,Wallet,Successful,857.4100000000001
P000333,O000333,Debit Card,Successful,1645.71
P000334,O000334,Credit Card,Successful,1571.54
P000335,O000335,Credit Card,Successful,1243.01
P000336,O000336,Cash,Successful,1698.99
P000337,O000337,Wallet,Successful,1761.3600000000001
P000338,O000338,UPI,Successful,1579.3200000000002
P000339,O000339,Credit Card,Successful,601.28
P000340,O000340,Debit Card,Successful,757.12
P000341,O000341,UPI,Successful,482.40000000000003
P000342,O000342,Cash,Failed,1288.24
P000343,O000343,Wallet,Successful,279.24
P000344,O000344,Debit Card,Successful,637.5999999999999
P000345,O000345,UPI,Successful,100.08
P000346,O000346,Cash,Successful,938.4599999999999
P000347,O000347,Debit Card,Successful,1276.5700000000002
P000348,O000348,Wallet,Successful,404.38000000000005
P000349,O000349,Cash,Successful,1104.1
P000350,O000350,Wallet,Successful,725.87
P000351,O000351,Wallet,Failed,606.05
P000352,O000352,Debit Card,Successful,1428.53
P000353,O000353,Debit Card,Successful,1055.6399999999999
P000354,O000354,UPI,Successful,491.08
P000355,O000355,UPI,Successful,1527.7
P000356,O000356,Cash,Successful,738.99
P000357,O000357,Cash,Successful,1149.6100000000001
P000358,O000358,UPI,Successful,1458.8899999999999
P000359,O000359,Cash,Successful,866.3100000000001
P000360,O000360,UPI,Failed,964.37
P000361,O000361,Debit Card,Successful,547.98
P000362,O000362,UPI,Successful,894.3299999999999
P000363,O000363,Credit Card,Successful,599.9399999999999
P000364,O000364,Debit Card,Successful,1105.41
P000365,O000365,UPI,Failed,1345.8899999999999
P000366,O000366,UPI,Successful,1260.4199999999998
P000367,O000367,Wallet,Successful,1346.33
P000368,O000368,Wallet,Successful,171.03
P000369,O000369,Cash,Successful,197.82000000000002
P000370,O000370,Wallet,Successful,417.62
P000371,O000371,Debit Card,Successful,1961.81
P000372,O000372,Debit Card,Successful,1591.81
P000373,O000373,UPI,Successful,1344.85
P000374,O000374,Cash,Successful,593.96
P000375,O000375,UPI,Successful,919.8899999999999
P000376,O000376,UPI,Successful,1069.0
P000377,O000377,Credit Card,Successful,1068.05
P000378,O000378,Cash,Successful,1452.5
P000379,O000379,Wallet,Failed,706.9799999999999
P000380,O000380,Wallet,Successful,1192.4
P000381,O000381,UPI,Failed,1240.8899999999999
P000382,O000382,Cash,Failed,472.84000000000003
P000383,O000383,Cash,Refunded,1585.22
P000384,O000384,Credit Card,Successful,774.53
P000385,O000385,Credit Card,Failed,1425.93
P000386,O000386,Cash,Successful,1331.42
P000387,O000387,Wallet,Successful,881.7
P000388,O000388,Debit Card,Successful,594.73
P000389,O000389,Wallet,Successful,1142.8400000000001
P000390,O000390,Cash,Successful,229.11999999999998
P000391,O000391,Credit Card,Successful,1953.73
P000392,O000392,UPI,Successful,438.75
P000393,O000393,Wallet,Successful,606.5699999999999
P000394,O000394,UPI,Successful,1804.68
P000395,O000395,Wallet,Successful,441.58
P000396,O000396,Debit Card,Successful,409.65000000000003
P000397,O000397,UPI,Successful,1317.4399999999998
P000398,O000398,Cash,Failed,556.95
P000399,O000399,Debit Card,Successful,240.92000000000002
P000400,O000400,Debit Card,Successful,520.57
P000401,O000401,Wallet,Successful,1643.41
P000402,O000402,UPI,Successful,457.18
P000403,O000403,Cash,Failed,1407.3999999999999
P000404,O000404,Cash,Successful,626.93
P000405,O000405,Wallet,Successful,461.75
P000406,O000406,Wallet,Successful,270.45
P000407,O000407,Credit Card,Successful,1487.5100000000002
P000408,O000408,Cash,Successful,819.9299999999998
P000409,O000409,Debit Card,Successful,307.75
P000410,O000410,UPI,Successful,358.0
P000411,O000411,UPI,Successful,748.78
P000412,O000412,Cash,Successful,1014.32
P000413,O000413,Debit Card,Successful,424.85
P000414,O000414,Debit Card,Successful,627.55
P000415,O000415,Credit Card,Successful,1282.69
P000416,O000416,Cash,Successful,698.6700000000001
P000417,O000417,Credit Card,Successful,90.71
P000418,O000418,Wallet,Failed,192.51000000000002
P000419,O000419,UPI,Failed,894.1800000000001
P000420,O000420,Wallet,Successful,203.41
P000421,O000421,UPI,Successful,423.16
P000422,O000422,Wallet,Successful,1322.97
P000423,O000423,UPI,Successful,825.53
P000424,O000424,UPI,Successful,880.31
P000425,O000425,Wallet,Successful,1190.06
P000426,O000426,Wallet,Successful,1206.88
P000427,O000427,Wallet,Successful,366.75
P000428,O000428,UPI,Failed,351.26
P000429,O000429,Cash,Successful,306.3
P000430,O000430,Cash,Successful,1544.41
P000431,O000431,Debit Card,Successful,1150.3
P000432,O000432,Wallet,Successful,221.73999999999998
P000433,O000433,Debit Card,Successful,429.95000000000005
P000434,O000434,Cash,Successful,1248.27
P000435,O000435,UPI,Successful,144.98000000000002
P000436,O000436,Cash,Successful,1244.0
P000437,O000437,UPI,Successful,1338.79
P000438,O000438,UPI,Successful,199.35
P000439,O000439,Wallet,Successful,358.31
P000440,O000440,Debit Card,Successful,100.95
P000441,O000441,Cash,Successful,276.0
P000442,O000442,Debit Card,Successful,1011.27
P000443,O000443,Debit Card,Successful,154.03
P000444,O000444,UPI,Successful,724.11
P000445,O000445,Credit Card,Successful,751.1400000000001
P000446,O000446,UPI,Successful,1292.44
P000447,O000447,UPI,Successful,726.37
P000448,O000448,Wallet,Successful,315.78999999999996
P000449,O000449,Debit Card,Successful,583.1899999999999
P000450,O000450,Wallet,Successful,1261.66
P000451,O000451,Credit Card,Successful,258.96
P000452,O000452,Wallet,Failed,466.78999999999996
P000453,O000453,Cash,Failed,1397.6599999999999
P000454,O000454,Debit Card,Successful,92.75999999999999
P000455,O000455,Wallet,Successful,350.74
P000456,O000456,Credit Card,Successful,1378.09
P000457,O000457,Cash,Successful,288.79
P000458,O000458,Debit Card,Successful,158.47
P000459,O000459,Cash,Successful,264.69
P000460,O000460,Wallet,Successful,1365.37
P000461,O000461,Wallet,Successful,1536.63
P000462,O000462,Wallet,Successful,1199.51
P000463,O000463,Cash,Successful,276.3
P000464,O000464,Cash,Successful,357.75
P000465,O000465,UPI,Successful,859.28
P000466,O000466,Wallet,Refunded,1071.88
P000467,O000467,Credit Card,Successful,1232.18
P000468,O000468,Cash,Successful,934.81
P000469,O000469,Debit Card,Failed,1926.1000000000001
P000470,O000470,UPI,Successful,357.7
P000471,O000471,Cash,Successful,314.08
P000472,O000472,UPI,Successful,1343.17
P000473,O000473,Debit Card,Successful,597.4799999999999
P000474,O000474,UPI,Successful,718.1099999999999
P000475,O000475,Wallet,Successful,997.97
P000476,O000476,Cash,Successful,757.48
P000477,O000477,Credit Card,Successful,543.6899999999999
P000478,O000478,Cash,Successful,1624.91
P000479,O000479,UPI,Successful,331.52
P000480,O000480,Cash,Successful,650.24
P000481,O000481,Wallet,Successful,78.24000000000001
P000482,O000482,UPI,Failed,1235.52
P000483,O000483,Wallet,Failed,393.5
P000484,O000484,Cash,Successful,1367.03
P000485,O000485,Wallet,Successful,362.68
P000486,O000486,Wallet,Successful,713.8299999999999
P000487,O000487,Debit Card,Successful,1125.28
P000488,O000488,Wallet,Successful,507.33
P000489,O000489,Wallet,Successful,582.34
P000490,O000490,Debit Card,Successful,1074.5
P000491,O000491,Debit Card,Refunded,441.07
P000492,O000492,UPI,Successful,1766.6000000000001
P000493,O000493,Credit Card,Successful,415.53
P000494,O000494,Debit Card,Failed,1281.37
P000495,O000495,Credit Card,Successful,1149.14
P000496,O000496,UPI,Successful,601.25
P000497,O000497,Credit Card,Successful,367.44
P000498,O000498,Cash,Failed,386.20000000000005
P000499,O000499,Debit Card,Successful,1714.58
P000500,O000500,UPI,Successful,1046.04
P000501,O000501,Credit Card,Successful,911.4100000000001
P000502,O000502,Credit Card,Successful,419.88
P000503,O000503,Credit Card,Successful,128.16
P000504,O000504,Debit Card,Successful,1008.5200000000001
P000505,O000505,Wallet,Successful,1440.3600000000001
P000506,O000506,Wallet,Successful,222.8
P000507,O000507,Debit Card,Successful,1123.27
P000508,O000508,Debit Card,Successful,365.54999999999995
P000509,O000509,Cash,Successful,1230.06
P000510,O000510,UPI,Successful,639.5600000000001
P000511,O000511,UPI,Successful,1069.8200000000002
P000512,O000512,Cash,Successful,1586.3500000000001
P000513,O000513,Wallet,Successful,1119.71
P000514,O000514,Debit Card,Successful,1446.4199999999998
P000515,O000515,UPI,Successful,502.30999999999995
P000516,O000516,UPI,Successful,1476.64
P000517,O000517,UPI,Refunded,1607.5500000000002
P000518,O000518,Debit Card,Successful,300.44
P000519,O000519,Wallet,Successful,739.19
P000520,O000520,UPI,Successful,1394.55
P000521,O000521,Wallet,Successful,196.95999999999998
P000522,O000522,Wallet,Successful,676.5999999999999
P000523,O000523,Credit Card,Failed,1412.56
P000524,O000524,Wallet,Successful,146.64000000000001
P000525,O000525,Wallet,Successful,1355.94
P000526,O000526,Cash,Successful,772.56
P000527,O000527,UPI,Successful,566.41
P000528,O000528,Cash,Failed,1183.8
P000529,O000529,Wallet,Successful,995.1
P000530,O000530,Debit Card,Successful,1314.32
P000531,O000531,Wallet,Successful,1089.68
P000532,O000532,Debit Card,Successful,780.7099999999999
P000533,O000533,Wallet,Successful,1229.5
P000534,O000534,UPI,Successful,1518.16
P000535,O000535,Cash,Successful,1781.96
P000536,O000536,Debit Card,Successful,1271.06
P000537,O000537,Wallet,Successful,1007.3999999999999
P000538,O000538,Debit Card,Successful,745.74
P000539,O000539,Wallet,Successful,1257.2199999999998
P000540,O000540,Wallet,Failed,1390.27
P000541,O000541,Debit Card,Successful,226.82
P000542,O000542,UPI,Successful,1254.6100000000001
P000543,O000543,Debit Card,Successful,1029.4299999999998
P000544,O000544,Credit Card,Failed,265.56
P000545,O000545,Debit Card,Refunded,1129.1200000000001
P000546,O000546,Cash,Successful,465.64
P000547,O000547,Debit Card,Successful,1232.29
P000548,O000548,Credit Card,Successful,536.77
P000549,O000549,Credit Card,Successful,367.48999999999995
P000550,O000550,Cash,Successful,191.86
P000551,O000551,UPI,Successful,973.11
P000552,O000552,Cash,Successful,368.56
P000553,O000553,Debit Card,Successful,1626.29
P000554,O000554,Debit Card,Successful,96.78
P000555,O000555,Wallet,Successful,1565.0300000000002
P000556,O000556,Credit Card,Successful,1014.9999999999999
P000557,O000557,Wallet,Successful,1322.81
P000558,O000558,Cash,Successful,450.13
P000559,O000559,Cash,Failed,251.5
P000560,O000560,Credit Card,Successful,1003.48
P000561,O000561,Debit Card,Successful,1304.65
P000562,O000562,Wallet,Successful,805.0699999999999
P000563,O000563,Cash,Successful,97.19999999999999
P000564,O000564,Debit Card,Successful,798.82
P000565,O000565,Wallet,Successful,401.64000000000004
P000566,O000566,Cash,Successful,648.1800000000001
P000567,O000567,UPI,Successful,863.7399999999999
P000568,O000568,Cash,Successful,1025.22
P000569,O000569,Credit Card,Successful,1426.39
P000570,O000570,Wallet,Successful,284.76
P000571,O000571,Wallet,Successful,1170.21
P000572,O000572,Debit Card,Successful,515.52
P000573,O000573,Wallet,Successful,388.30000000000007
P000574,O000574,Debit Card,Successful,1267.0
P000575,O000575,Cash,Successful,1155.24
P000576,O000576,Wallet,Successful,1507.75
P000577,O000577,Debit Card,Successful,1184.58
P000578,O000578,Credit Card,Successful,353.76
P000579,O000579,Credit Card,Successful,514.81
P000580,O000580,Wallet,Failed,1209.3400000000001
P000581,O000581,Cash,Successful,778.14
P000582,O000582,UPI,Successful,490.99
P000583,O000583,Wallet,Successful,744.88
P000584,O000584,UPI,Successful,1489.58
P000585,O000585,Debit Card,Successful,1482.0800000000002
P000586,O000586,UPI,Successful,708.6600000000001
P000587,O000587,Cash,Failed,1832.29
P000588,O000588,Wallet,Failed,1482.49
P000589,O000589,Credit Card,Failed,85.95
P000590,O000590,Debit Card,Successful,246.07
P000591,O000591,Cash,Successful,1127.45
P000592,O000592,Wallet,Successful,707.0899999999999
P000593,O000593,Wallet,Successful,1240.61
P000594,O000594,UPI,Successful,1288.52
P000595,O000595,Cash,Refunded,512.72
P000596,O000596,Credit Card,Successful,1196.48
P000597,O000597,Debit Card,Successful,947.77
P000598,O000598,Wallet,Successful,748.4200000000001
P000599,O000599,Credit Card,Successful,1165.16
P000600,O000600,UPI,Successful,980.3899999999999
P000601,O000601,Credit Card,Successful,1035.79
P000602,O000602,UPI,Successful,179.48000000000002
P000603,O000603,Debit Card,Successful,978.94
P000604,O000604,UPI,Successful,567.1700000000001
P000605,O000605,UPI,Successful,871.26
P000606,O000606,UPI,Refunded,388.4200000000001
P000607,O000607,Wallet,Successful,1152.41
P000608,O000608,Cash,Successful,296.2
P000609,O000609,Debit Card,Successful,306.65
P000610,O000610,UPI,Successful,448.26
P000611,O000611,Credit Card,Successful,1205.22
P000612,O000612,Wallet,Successful,143.54000000000002
P000613,O000613,Cash,Failed,1181.5900000000001
P000614,O000614,Debit Card,Successful,160.21
P000615,O000615,Wallet,Successful,931.74
P000616,O000616,Wallet,Successful,1463.18
P000617,O000617,Debit Card,Successful,433.01
P000618,O000618,Debit Card,Successful,364.58000000000004
P000619,O000619,UPI,Successful,626.1
P000620,O000620,Debit Card,Successful,1368.68
P000621,O000621,Cash,Failed,520.4
P000622,O000622,Cash,Successful,958.0299999999999
P000623,O000623,Debit Card,Successful,270.47
P000624,O000624,Cash,Successful,788.04
P000625,O000625,Credit Card,Successful,1094.72
P000626,O000626,Cash,Successful,228.91
P000627,O000627,Debit Card,Successful,1593.6
P000628,O000628,Credit Card,Successful,1589.3600000000001
P000629,O000629,Cash,Successful,343.85
P000630,O000630,Wallet,Successful,1184.16
P000631,O000631,Wallet,Successful,511.63
P000632,O000632,Wallet,Successful,1150.83
P000633,O000633,Wallet,Successful,637.35
P000634,O000634,UPI,Successful,1721.8600000000001
P000635,O000635,Credit Card,Successful,545.27
P000636,O000636,Wallet,Successful,1468.59
P000637,O000637,Wallet,Successful,1154.77
P000638,O000638,Cash,Successful,369.01
P000639,O000639,Debit Card,Successful,298.79999999999995
P000640,O000640,Credit Card,Failed,1481.4099999999999
P000641,O000641,Debit Card,Refunded,670.0400000000001
P000642,O000642,Cash,Successful,1491.08
P000643,O000643,Cash,Successful,1578.0
P000644,O000644,Cash,Successful,1062.3999999999999
P000645,O000645,Debit Card,Successful,739.4899999999999
P000646,O000646,Debit Card,Successful,468.95
P000647,O000647,Credit Card,Successful,1534.05
P000648,O000648,Wallet,Successful,197.95000000000002
P000649,O000649,Credit Card,Successful,628.7099999999999
P000650,O000650,Wallet,Successful,607.36
P000651,O000651,Cash,Successful,1435.67
P000652,O000652,Cash,Successful,258.72
P000653,O000653,UPI,Successful,1496.6
P000654,O000654,Cash,Successful,888.05
P000655,O000655,Credit Card,Successful,169.28
P000656,O000656,UPI,Successful,1044.27
P000657,O000657,Credit Card,Successful,212.38
P000658,O000658,Wallet,Successful,435.4599999999999
P000659,O000659,Credit Card,Successful,1202.19
P000660,O000660,UPI,Successful,377.92
P000661,O000661,Debit Card,Successful,660.72
P000662,O000662,Credit Card,Successful,577.21
P000663,O000663,Cash,Successful,1046.57
P000664,O000664,Wallet,Successful,1317.06
P000665,O000665,Credit Card,Successful,395.77
P000666,O000666,UPI,Successful,431.48
P000667,O000667,Cash,Successful,446.21000000000004
P000668,O000668,UPI,Successful,797.29
P000669,O000669,Wallet,Successful,784.57
P000670,O000670,Cash,Successful,88.89
P000671,O000671,Debit Card,Successful,1441.78
P000672,O000672,Wallet,Successful,1384.88
P000673,O000673,Credit Card,Successful,1326.19
P000674,O000674,Debit Card,Successful,163.15
P000675,O000675,UPI,Successful,1088.7
P000676,O000676,Debit Card,Successful,1639.7
P000677,O000677,Debit Card,Successful,738.96
P000678,O000678,UPI,Successful,1464.7599999999998
P000679,O000679,Wallet,Successful,1521.5
P000680,O000680,Wallet,Successful,258.83000000000004
P000681,O000681,UPI,Successful,948.6800000000001
P000682,O000682,Debit Card,Successful,116.38000000000001
P000683,O000683,Debit Card,Failed,561.73
P000684,O000684,Wallet,Successful,1594.11
P000685,O000685,Debit Card,Successful,1438.9099999999999
P000686,O000686,Wallet,Successful,1615.07
P000687,O000687,Wallet,Successful,131.14000000000001
P000688,O000688,Cash,Successful,1337.76
P000689,O000689,UPI,Failed,1253.85
P000690,O000690,Credit Card,Successful,1734.1100000000001
P000691,O000691,Debit Card,Successful,1305.45
P000692,O000692,Debit Card,Successful,989.26
P000693,O000693,Cash,Successful,361.25
P000694,O000694,Credit Card,Failed,114.47999999999999
P000695,O000695,Debit Card,Successful,128.35000000000002
P000696,O000696,Credit Card,Successful,1034.96
P000697,O000697,Credit Card,Successful,628.1800000000001
P000698,O000698,Cash,Successful,793.8000000000001
P000699,O000699,UPI,Successful,295.66
P000700,O000700,Wallet,Successful,1737.28
P000701,O000701,Cash,Successful,309.34
P000702,O000702,Cash,Successful,844.73
P000703,O000703,Credit Card,Successful,808.6800000000001
P000704,O000704,Wallet,Successful,112.56
P000705,O000705,Cash,Successful,1097.09
P000706,O000706,UPI,Successful,1007.6299999999999
P000707,O000707,Debit Card,Successful,869.16
P000708,O000708,Debit Card,Failed,1393.05
P000709,O000709,Debit Card,Successful,414.64
P000710,O000710,Debit Card,Successful,1287.29
P000711,O000711,Cash,Successful,1225.81
P000712,O000712,UPI,Successful,1549.93
P000713,O000713,UPI,Successful,740.92
P000714,O000714,Credit Card,Failed,356.74
P000715,O000715,UPI,Successful,733.09
P000716,O000716,UPI,Successful,486.7900000000001
P000717,O000717,Debit Card,Successful,176.82
P000718,O000718,Debit Card,Successful,484.83000000000004
P000719,O000719,UPI,Successful,779.49
P000720,O000720,UPI,Successful,246.94
P000721,O000721,Debit Card,Successful,1601.81
P000722,O000722,Credit Card,Successful,1132.29
P000723,O000723,Debit Card,Successful,299.18
P000724,O000724,UPI,Successful,1370.54
P000725,O000725,Credit Card,Successful,1748.04
P000726,O000726,UPI,Successful,555.0999999999999
P000727,O000727,UPI,Successful,330.42
P000728,O000728,Credit Card,Successful,529.7900000000001
P000729,O000729,Credit Card,Successful,1448.05
P000730,O000730,Credit Card,Successful,312.44
P000731,O000731,UPI,Successful,1204.51
P000732,O000732,UPI,Successful,1083.3300000000002
P000733,O000733,Credit Card,Successful,1283.77
P000734,O000734,Debit Card,Failed,882.0899999999999
P000735,O000735,UPI,Successful,740.29
P000736,O000736,Wallet,Successful,209.91000000000003
P000737,O000737,Cash,Successful,667.6700000000001
P000738,O000738,UPI,Refunded,1180.15
P000739,O000739,Wallet,Successful,1402.3999999999999
P000740,O000740,UPI,Successful,1421.68
P000741,O000741,Cash,Successful,125.86000000000001
P000742,O000742,Cash,Successful,264.57
P000743,O000743,Debit Card,Successful,1242.2800000000002
P000744,O000744,UPI,Successful,1714.45
P000745,O000745,Credit Card,Successful,196.23999999999998
P000746,O000746,Debit Card,Refunded,1245.96
P000747,O000747,Cash,Successful,774.89
P000748,O000748,UPI,Successful,781.6999999999999
P000749,O000749,Cash,Successful,933.42
P000750,O000750,Cash,Successful,1161.44
P000751,O000751,Credit Card,Successful,556.5300000000001
P000752,O000752,Debit Card,Successful,1085.66
P000753,O000753,Cash,Successful,1220.48
P000754,O000754,Debit Card,Failed,947.3400000000001
P000755,O000755,Cash,Successful,973.3699999999999
P000756,O000756,Credit Card,Successful,112.12
P000757,O000757,Credit Card,Successful,81.19
P000758,O000758,Debit Card,Successful,808.9399999999999
P000759,O000759,UPI,Refunded,1092.85
P000760,O000760,Cash,Successful,170.20999999999998
P000761,O000761,Cash,Successful,906.4899999999999
P000762,O000762,UPI,Successful,1350.9099999999999
P000763,O000763,Wallet,Successful,1128.06
P000764,O000764,Cash,Successful,812.27
P000765,O000765,Wallet,Successful,1130.6799999999998
P000766,O000766,Wallet,Successful,312.11
P000767,O000767,Cash,Successful,920.5500000000001
P000768,O000768,Debit Card,Successful,356.68
P000769,O000769,UPI,Successful,995.56
P000770,O000770,Wallet,Successful,1029.89
P000771,O000771,Debit Card,Successful,296.89
P000772,O000772,Wallet,Failed,221.58999999999997
P000773,O000773,Debit Card,Successful,393.95000000000005
P000774,O000774,UPI,Successful,1156.06
P000775,O000775,Wallet,Successful,394.96999999999997
P000776,O000776,Cash,Failed,539.63
P000777,O000777,Debit Card,Successful,1096.8799999999999
P000778,O000778,UPI,Successful,430.53
P000779,O000779,Wallet,Refunded,675.53
P000780,O000780,Credit Card,Failed,1399.8
P000781,O000781,Credit Card,Successful,1613.04
P000782,O000782,Credit Card,Successful,505.01
P000783,O000783,Debit Card,Successful,1129.23
P000784,O000784,Credit Card,Successful,1261.92
P000785,O000785,Debit Card,Successful,1423.3700000000001
P000786,O000786,UPI,Successful,855.8600000000001
P000787,O000787,Cash,Successful,1126.3
P000788,O000788,Debit Card,Successful,1721.48
P000789,O000789,Credit Card,Refunded,164.33
P000790,O000790,Debit Card,Successful,1237.48
P000791,O000791,Credit Card,Failed,686.1
P000792,O000792,Credit Card,Successful,1373.96
P000793,O000793,UPI,Successful,1623.08
P000794,O000794,Cash,Successful,308.07000000000005
P000795,O000795,Debit Card,Successful,630.91
P000796,O000796,Credit Card,Successful,577.49
P000797,O000797,Credit Card,Successful,223.67000000000002
P000798,O000798,UPI,Successful,725.35
P000799,O000799,Debit Card,Successful,765.1099999999999
P000800,O000800,Debit Card,Successful,1188.52
P000801,O000801,Credit Card,Successful,1101.8899999999999
P000802,O000802,Debit Card,Successful,217.73999999999998
P000803,O000803,Credit Card,Successful,1013.22
P000804,O000804,Credit Card,Successful,1413.15
P000805,O000805,Cash,Successful,716.32
P000806,O000806,UPI,Successful,254.66
P000807,O000807,Cash,Successful,196.14000000000001
P000808,O000808,Cash,Successful,459.25
P000809,O000809,UPI,Successful,1285.08
P000810,O000810,UPI,Successful,502.2
P000811,O000811,Cash,Successful,1397.25
P000812,O000812,Credit Card,Failed,1406.4399999999998
P000813,O000813,Debit Card,Successful,743.47
P000814,O000814,Debit Card,Successful,657.94
P000815,O000815,UPI,Successful,1067.84
P000816,O000816,Wallet,Successful,1382.21
P000817,O000817,Debit Card,Successful,208.35
P000818,O000818,Wallet,Successful,1601.1100000000001
P000819,O000819,Debit Card,Successful,1145.78
P000820,O000820,UPI,Successful,666.96
P000821,O000821,UPI,Successful,948.94
P000822,O000822,Debit Card,Successful,595.39
P000823,O000823,UPI,Refunded,774.24
P000824,O000824,Credit Card,Successful,998.5500000000001
P000825,O000825,Credit Card,Successful,200.20000000000002
P000826,O000826,Cash,Successful,343.72
P000827,O000827,Credit Card,Successful,449.46
P000828,O000828,Cash,Successful,784.52
P000829,O000829,UPI,Successful,720.99
P000830,O000830,Wallet,Refunded,1306.3700000000001
P000831,O000831,Debit Card,Successful,514.69
P000832,O000832,Cash,Successful,192.95
P000833,O000833,Cash,Successful,188.25
P000834,O000834,Debit Card,Successful,86.56
P000835,O000835,Debit Card,Successful,156.68
P000836,O000836,UPI,Successful,1405.8200000000002
P000837,O000837,Debit Card,Successful,1277.15
P000838,O000838,Cash,Successful,1507.65
P000839,O000839,Credit Card,Successful,109.65
P000840,O000840,UPI,Successful,1544.4099999999999
P000841,O000841,Wallet,Successful,1116.69
P000842,O000842,UPI,Successful,1017.74
P000843,O000843,Cash,Successful,745.16
P000844,O000844,UPI,Successful,674.29
P000845,O000845,UPI,Successful,1293.02
P000846,O000846,Debit Card,Successful,1433.6299999999999
P000847,O000847,Credit Card,Successful,1164.32
P000848,O000848,Credit Card,Successful,118.35999999999999
P000849,O000849,Wallet,Successful,321.53
P000850,O000850,Wallet,Failed,1549.37
P000851,O000851,Cash,Successful,868.5799999999999
P000852,O000852,Wallet,Successful,1297.1100000000001
P000853,O000853,Debit Card,Successful,832.83
P000854,O000854,Wallet,Successful,1339.93
P000855,O000855,Debit Card,Successful,255.26
P000856,O000856,Wallet,Refunded,178.07999999999998
P000857,O000857,Debit Card,Successful,807.35
P000858,O000858,UPI,Successful,1008.0800000000002
P000859,O000859,Cash,Failed,674.3399999999999
P000860,O000860,Wallet,Successful,1211.02
P000861,O000861,Wallet,Successful,914.06
P000862,O000862,Credit Card,Successful,1596.07
P000863,O000863,UPI,Successful,235.95000000000002
P000864,O000864,Cash,Successful,171.42
P000865,O000865,Credit Card,Successful,1620.1100000000001
P000866,O000866,Wallet,Successful,1045.97
P000867,O000867,Wallet,Successful,1343.53
P000868,O000868,UPI,Successful,139.62
P000869,O000869,Debit Card,Successful,1654.28
P000870,O000870,UPI,Successful,1376.3400000000001
P000871,O000871,Debit Card,Successful,1346.71
P000872,O000872,Debit Card,Successful,1473.99
P000873,O000873,Credit Card,Successful,992.09
P000874,O000874,Cash,Successful,717.02
P000875,O000875,Credit Card,Successful,758.65
P000876,O000876,Credit Card,Successful,1483.97
P000877,O000877,Cash,Successful,1157.85
P000878,O000878,Debit Card,Successful,951.9300000000001
P000879,O000879,Wallet,Successful,484.15000000000003
P000880,O000880,Credit Card,Failed,1345.8700000000001
P000881,O000881,Debit Card,Successful,1240.69
P000882,O000882,Debit Card,Successful,373.21
P000883,O000883,Debit Card,Successful,863.38
P000884,O000884,UPI,Successful,1872.78
P000885,O000885,Credit Card,Successful,585.77
P000886,O000886,Debit Card,Successful,253.27000000000004
P000887,O000887,Cash,Successful,115.54999999999998
P000888,O000888,Cash,Successful,418.11
P000889,O000889,Wallet,Failed,354.83000000000004
P000890,O000890,UPI,Successful,1247.79
P000891,O000891,Wallet,Successful,283.38
P000892,O000892,Credit Card,Successful,1384.55
P000893,O000893,Cash,Successful,198.01999999999998
P000894,O000894,Credit Card,Successful,1287.52
P000895,O000895,UPI,Successful,579.4300000000001
P000896,O000896,Debit Card,Successful,1081.28
P000897,O000897,Cash,Successful,368.21000000000004
P000898,O000898,UPI,Successful,721.3100000000001
P000899,O000899,Wallet,Successful,190.63
P000900,O000900,Debit Card,Successful,846.76
P000901,O000901,Debit Card,Successful,551.6199999999999
P000902,O000902,Cash,Successful,1617.4299999999998
P000903,O000903,Credit Card,Successful,338.15999999999997
P000904,O000904,UPI,Failed,476.96000000000004
P000905,O000905,Cash,Successful,360.85999999999996
P000906,O000906,UPI,Successful,920.06
P000907,O000907,Cash,Successful,227.49
P000908,O000908,Debit Card,Successful,322.65
P000909,O000909,Wallet,Successful,1372.43
P000910,O000910,Credit Card,Successful,222.76999999999998
P000911,O000911,Wallet,Successful,1088.08
P000912,O000912,UPI,Successful,268.78000000000003
P000913,O000913,Wallet,Successful,1173.7
P000914,O000914,Cash,Successful,1808.27
P000915,O000915,Wallet,Successful,363.45
P000916,O000916,Debit Card,Successful,527.02
P000917,O000917,Credit Card,Failed,1379.67
P000918,O000918,Wallet,Successful,1053.48
P000919,O000919,Cash,Successful,900.67
P000920,O000920,Cash,Successful,819.3600000000001
P000921,O000921,Wallet,Successful,485.64000000000004
P000922,O000922,Debit Card,Successful,1278.86
P000923,O000923,Debit Card,Refunded,1258.02
P000924,O000924,Cash,Successful,1011.6800000000001
P000925,O000925,Cash,Successful,1681.85
P000926,O000926,Wallet,Successful,1079.8200000000002
P000927,O000927,UPI,Successful,785.53
P000928,O000928,Cash,Failed,1603.99
P000929,O000929,Wallet,Successful,440.78000000000003
P000930,O000930,Credit Card,Successful,275.98
P000931,O000931,UPI,Successful,354.13
P000932,O000932,Debit Card,Successful,1742.3600000000001
P000933,O000933,Wallet,Successful,1328.76
P000934,O000934,Wallet,Successful,542.48
P000935,O000935,Wallet,Refunded,481.48999999999995
P000936,O000936,Cash,Successful,188.19
P000937,O000937,Cash,Successful,336.03999999999996
P000938,O000938,UPI,Successful,1725.6299999999999
P000939,O000939,Wallet,Successful,1417.42
P000940,O000940,Credit Card,Refunded,1398.66
P000941,O000941,Credit Card,Successful,774.58
P000942,O000942,Debit Card,Successful,983.1299999999999
P000943,O000943,Wallet,Successful,877.96
P000944,O000944,Credit Card,Successful,1522.42
P000945,O000945,Debit Card,Successful,1494.38
P000946,O000946,UPI,Refunded,1439.13
P000947,O000947,Wallet,Successful,1150.21
P000948,O000948,Wallet,Successful,176.60999999999999
P000949,O000949,Cash,Successful,1013.47
P000950,O000950,UPI,Successful,249.85
P000951,O000951,Wallet,Successful,356.3
P000952,O000952,UPI,Successful,411.90000000000003
P000953,O000953,Credit Card,Successful,705.65
P000954,O000954,Credit Card,Failed,970.71
P000955,O000955,Credit Card,Successful,555.55
P000956,O000956,Debit Card,Successful,845.3399999999999
P000957,O000957,Debit Card,Successful,153.07
P000958,O000958,Credit Card,Successful,1031.17
P000959,O000959,Cash,Failed,1086.1799999999998
P000960,O000960,Credit Card,Successful,240.80999999999997
P000961,O000961,Cash,Successful,1291.26
P000962,O000962,Credit Card,Successful,983.9200000000001
P000963,O000963,Credit Card,Successful,745.51
P000964,O000964,Debit Card,Successful,1118.75
P000965,O000965,Credit Card,Successful,1052.07
P000966,O000966,UPI,Failed,170.73000000000002
P000967,O000967,Credit Card,Successful,1311.4099999999999
P000968,O000968,Credit Card,Successful,927.2800000000001
P000969,O000969,UPI,Successful,369.45
P000970,O000970,Debit Card,Successful,1019.19
P000971,O000971,Cash,Successful,1149.3
P000972,O000972,Credit Card,Successful,438.53999999999996
P000973,O000973,Debit Card,Successful,1393.2199999999998
P000974,O000974,Credit Card,Successful,722.28
P000975,O000975,Cash,Successful,414.3
P000976,O000976,Cash,Successful,1343.51
P000977,O000977,Credit Card,Successful,1056.79
P000978,O000978,Wallet,Successful,301.65999999999997
P000979,O000979,Cash,Successful,1328.0900000000001
P000980,O000980,Debit Card,Refunded,1512.4399999999998
P000981,O000981,Cash,Successful,1600.1399999999999
P000982,O000982,Credit Card,Successful,711.6899999999999
P000983,O000983,Debit Card,Successful,1226.9
P000984,O000984,Credit Card,Successful,1338.1999999999998
P000985,O000985,Credit Card,Successful,1670.3700000000001
P000986,O000986,Cash,Successful,1496.28
P000987,O000987,Credit Card,Successful,587.96
P000988,O000988,UPI,Successful,397.57
P000989,O000989,Wallet,Successful,546.4399999999999
P000990,O000990,Debit Card,Successful,890.7399999999999
P000991,O000991,Wallet,Successful,1353.23
P000992,O000992,Credit Card,Failed,1192.8600000000001
P000993,O000993,Debit Card,Successful,1498.8000000000002
P000994,O000994,Cash,Successful,681.81
P000995,O000995,Credit Card,Successful,566.82
P000996,O000996,Wallet,Successful,104.81
P000997,O000997,UPI,Successful,1275.11
P000998,O000998,Debit Card,Successful,1147.62
P000999,O000999,Cash,Successful,1269.1999999999998
P001000,O001000,Wallet,Successful,846.05
P001001,O001001,UPI,Successful,1676.79
P001002,O001002,Wallet,Successful,457.69
P001003,O001003,Wallet,Successful,1024.9099999999999
P001004,O001004,Credit Card,Failed,470.03000000000003
P001005,O001005,UPI,Successful,392.0
P001006,O001006,Wallet,Successful,1485.44
P001007,O001007,Credit Card,Successful,1455.9
P001008,O001008,Wallet,Refunded,93.74000000000001
P001009,O001009,Wallet,Successful,506.81999999999994
P001010,O001010,UPI,Successful,486.93
P001011,O001011,Wallet,Successful,364.54
P001012,O001012,Wallet,Successful,1180.4299999999998
P001013,O001013,Credit Card,Successful,1120.08
P001014,O001014,Wallet,Successful,786.83
P001015,O001015,Cash,Successful,398.59000000000003
P001016,O001016,Debit Card,Successful,497.57000000000005
P001017,O001017,Cash,Successful,708.69
P001018,O001018,Credit Card,Successful,1199.91
P001019,O001019,UPI,Successful,1748.53
P001020,O001020,Credit Card,Successful,342.12
P001021,O001021,Credit Card,Successful,744.54
P001022,O001022,UPI,Successful,557.81
P001023,O001023,UPI,Successful,171.58999999999997
P001024,O001024,UPI,Successful,447.77
P001025,O001025,Credit Card,Successful,1298.08
P001026,O001026,UPI,Successful,1620.29
P001027,O001027,Cash,Successful,407.38
P001028,O001028,Credit Card,Successful,781.75
P001029,O001029,UPI,Successful,664.97
P001030,O001030,Cash,Successful,373.63
P001031,O001031,UPI,Successful,1018.8100000000001
P001032,O001032,Wallet,Successful,1118.05
P001033,O001033,Debit Card,Successful,857.3
P001034,O001034,Debit Card,Successful,1391.3000000000002
P001035,O001035,UPI,Successful,1106.47
P001036,O001036,Wallet,Successful,582.9
P001037,O001037,Cash,Successful,574.15
P001038,O001038,Credit Card,Refunded,315.95000000000005
P001039,O001039,Wallet,Successful,998.3
P001040,O001040,UPI,Successful,903.9399999999998
P001041,O001041,Debit Card,Successful,1275.1599999999999
P001042,O001042,Debit Card,Successful,1696.49
P001043,O001043,Wallet,Successful,1655.53
P001044,O001044,Credit Card,Successful,876.73
P001045,O001045,Debit Card,Successful,1059.36
P001046,O001046,Wallet,Successful,1471.18
P001047,O001047,UPI,Failed,247.77999999999997
P001048,O001048,Cash,Successful,548.11
P001049,O001049,UPI,Successful,321.56
P001050,O001050,Cash,Successful,877.8499999999999
P001051,O001051,Wallet,Successful,1289.67
P001052,O001052,Debit Card,Successful,501.43
P001053,O001053,UPI,Successful,1340.8400000000001
P001054,O001054,Cash,Successful,844.5100000000001
P001055,O001055,Wallet,Successful,1279.36
P001056,O001056,UPI,Successful,977.6000000000001
P001057,O001057,UPI,Successful,1535.54
P001058,O001058,UPI,Successful,533.65
P001059,O001059,Wallet,Successful,1466.59
P001060,O001060,Cash,Successful,577.02
P001061,O001061,Wallet,Successful,970.14
P001062,O001062,Cash,Successful,333.86
P001063,O001063,Cash,Failed,1364.31
P001064,O001064,Wallet,Successful,1508.01
P001065,O001065,UPI,Successful,1364.08
P001066,O001066,Wallet,Successful,1115.88
P001067,O001067,Credit Card,Successful,676.1800000000001
P001068,O001068,Wallet,Successful,722.69
P001069,O001069,UPI,Successful,663.65
P001070,O001070,Debit Card,Successful,653.81
P001071,O001071,UPI,Failed,1421.54
P001072,O001072,Wallet,Successful,1601.26
P001073,O001073,Debit Card,Successful,1616.87
P001074,O001074,UPI,Successful,675.18
P001075,O001075,Debit Card,Successful,1075.35
P001076,O001076,Wallet,Successful,925.26
P001077,O001077,UPI,Failed,1158.21
P001078,O001078,Credit Card,Successful,75.31
P001079,O001079,Credit Card,Successful,1421.96
P001080,O001080,Cash,Successful,601.9
P001081,O001081,Cash,Successful,724.84
P001082,O001082,Wallet,Successful,1227.77
P001083,O001083,Debit Card,Successful,1886.4
P001084,O001084,Cash,Successful,1140.4
P001085,O001085,UPI,Successful,127.5
P001086,O001086,UPI,Successful,581.0
P001087,O001087,Credit Card,Successful,507.48
P001088,O001088,Debit Card,Successful,1918.6999999999998
P001089,O001089,UPI,Successful,458.43999999999994
P001090,O001090,UPI,Successful,1389.4899999999998
P001091,O001091,Credit Card,Successful,1789.3899999999999
P001092,O001092,Debit Card,Successful,1413.2
P001093,O001093,UPI,Refunded,214.90999999999997
P001094,O001094,Credit Card,Successful,89.42
P001095,O001095,Cash,Successful,1227.98
P001096,O001096,Credit Card,Successful,1376.4099999999999
P001097,O001097,Credit Card,Successful,1511.25
P001098,O001098,Cash,Failed,372.98999999999995
P001099,O001099,UPI,Successful,1306.29
P001100,O001100,Debit Card,Successful,834.99
P001101,O001101,Debit Card,Successful,569.3
P001102,O001102,Cash,Successful,1087.0700000000002
P001103,O001103,Credit Card,Successful,1011.04
P001104,O001104,Debit Card,Successful,482.08000000000004
P001105,O001105,Cash,Successful,572.61
P001106,O001106,Cash,Successful,926.61
P001107,O001107,Cash,Successful,708.1299999999999
P001108,O001108,Cash,Successful,617.8199999999999
P001109,O001109,Credit Card,Successful,443.76
P001110,O001110,Credit Card,Successful,1700.0
P001111,O001111,Wallet,Successful,1451.02
P001112,O001112,Cash,Successful,1454.48
P001113,O001113,UPI,Successful,473.46999999999997
P001114,O001114,Cash,Successful,364.34999999999997
P001115,O001115,Credit Card,Successful,1162.82
P001116,O001116,Debit Card,Successful,330.11
P001117,O001117,UPI,Successful,744.37
P001118,O001118,Debit Card,Successful,412.74000000000007
P001119,O001119,Wallet,Successful,809.87
P001120,O001120,Debit Card,Successful,1435.3999999999999
P001121,O001121,Debit Card,Successful,1458.71
P001122,O001122,Credit Card,Successful,1921.8300000000002
P001123,O001123,Cash,Successful,1422.8500000000001
P001124,O001124,Debit Card,Successful,1074.14
P001125,O001125,Credit Card,Successful,796.48
P001126,O001126,Credit Card,Failed,191.26
P001127,O001127,UPI,Successful,1171.98
P001128,O001128,UPI,Refunded,355.54
P001129,O001129,UPI,Successful,1302.53
P001130,O001130,Debit Card,Successful,905.1700000000001
P001131,O001131,Wallet,Successful,1068.69
P001132,O001132,Credit Card,Successful,1295.41
P001133,O001133,Cash,Successful,564.41
P001134,O001134,UPI,Successful,1272.31
P001135,O001135,Wallet,Successful,1225.88
P001136,O001136,Wallet,Successful,1213.83
P001137,O001137,Cash,Successful,1225.3500000000001
P001138,O001138,Cash,Successful,731.75
P001139,O001139,UPI,Successful,1697.09
P001140,O001140,UPI,Successful,824.46
P001141,O001141,Wallet,Successful,1428.64
P001142,O001142,Credit Card,Successful,1516.46
P001143,O001143,Wallet,Successful,249.48000000000002
P001144,O001144,Debit Card,Successful,1812.45
P001145,O001145,Cash,Successful,1517.31
P001146,O001146,Cash,Successful,946.3000000000001
P001147,O001147,Debit Card,Successful,1288.81
P001148,O001148,Cash,Successful,1790.63
P001149,O001149,Wallet,Successful,124.52000000000001
P001150,O001150,Debit Card,Successful,1644.21
P001151,O001151,Credit Card,Successful,1111.59
P001152,O001152,Credit Card,Successful,1304.05
P001153,O001153,Cash,Successful,1012.9299999999998
P001154,O001154,Debit Card,Successful,1101.98
P001155,O001155,Debit Card,Failed,1336.23
P001156,O001156,Credit Card,Successful,926.1800000000001
P001157,O001157,Debit Card,Successful,911.8399999999999
P001158,O001158,Wallet,Successful,947.0
P001159,O001159,Credit Card,Successful,799.14
P001160,O001160,UPI,Successful,740.0500000000001
P001161,O001161,Cash,Failed,395.90999999999997
P001162,O001162,UPI,Successful,795.78
P001163,O001163,Cash,Successful,499.90999999999997
P001164,O001164,Wallet,Successful,846.04
P001165,O001165,UPI,Successful,1083.05
P001166,O001166,Credit Card,Successful,970.7199999999999
P001167,O001167,Wallet,Successful,456.32000000000005
P001168,O001168,Credit Card,Successful,203.16
P001169,O001169,Debit Card,Failed,1254.14
P001170,O001170,Credit Card,Failed,1024.8799999999999
P001171,O001171,Cash,Successful,803.72
P001172,O001172,UPI,Successful,265.93
P001173,O001173,UPI,Successful,826.49
P001174,O001174,Wallet,Failed,1176.53
P001175,O001175,UPI,Successful,1131.41
P001176,O001176,Wallet,Successful,271.69
P001177,O001177,Cash,Successful,560.61
P001178,O001178,Debit Card,Successful,1415.27
P001179,O001179,Wallet,Successful,1050.61
P001180,O001180,Debit Card,Successful,614.1899999999999
P001181,O001181,Cash,Refunded,1712.24
P001182,O001182,Cash,Successful,599.3199999999999
P001183,O001183,UPI,Successful,1228.55
P001184,O001184,Cash,Successful,308.94000000000005
P001185,O001185,UPI,Successful,396.41999999999996
P001186,O001186,Cash,Successful,1111.56
P001187,O001187,Debit Card,Successful,515.11
P001188,O001188,Debit Card,Successful,153.22
P001189,O001189,Credit Card,Successful,1520.55
P001190,O001190,Wallet,Successful,167.75
P001191,O001191,Credit Card,Successful,1212.6200000000001
P001192,O001192,Wallet,Successful,569.03
P001193,O001193,Credit Card,Successful,1344.3400000000001
P001194,O001194,UPI,Successful,1574.72
P001195,O001195,Debit Card,Successful,572.5400000000001
P001196,O001196,Debit Card,Successful,999.9399999999999
P001197,O001197,Credit Card,Successful,1193.3000000000002
P001198,O001198,Cash,Successful,239.86
P001199,O001199,Credit Card,Successful,1185.13
P001200,O001200,Wallet,Successful,1722.85
P001201,O001201,Debit Card,Failed,337.66999999999996
P001202,O001202,Debit Card,Successful,1362.8799999999999
P001203,O001203,Debit Card,Successful,230.11999999999998
P001204,O001204,Credit Card,Successful,1083.45
P001205,O001205,Cash,Successful,528.05
P001206,O001206,UPI,Successful,831.3299999999999
P001207,O001207,UPI,Successful,477.09000000000003
P001208,O001208,Wallet,Successful,455.05999999999995
P001209,O001209,UPI,Successful,1119.17
P001210,O001210,Cash,Successful,473.02
P001211,O001211,Cash,Successful,818.3100000000001
P001212,O001212,Debit Card,Failed,505.27
P001213,O001213,Cash,Failed,491.26
P001214,O001214,Wallet,Successful,909.5
P001215,O001215,UPI,Successful,158.62
P001216,O001216,Credit Card,Refunded,1545.92
P001217,O001217,UPI,Successful,967.5699999999999
P001218,O001218,UPI,Successful,1405.31
P001219,O001219,Wallet,Successful,504.01
P001220,O001220,Cash,Successful,1341.2399999999998
P001221,O001221,Wallet,Failed,898.75
P001222,O001222,Credit Card,Successful,204.54000000000002
P001223,O001223,Credit Card,Successful,1395.65
P001224,O001224,Credit Card,Successful,1467.71
P001225,O001225,Debit Card,Successful,460.09000000000003
P001226,O001226,UPI,Refunded,1823.92
P001227,O001227,UPI,Successful,1229.58
P001228,O001228,Wallet,Successful,565.46
P001229,O001229,Debit Card,Successful,426.00999999999993
P001230,O001230,Cash,Successful,899.02
P001231,O001231,UPI,Successful,484.68999999999994
P001232,O001232,UPI,Failed,462.90000000000003
P001233,O001233,Debit Card,Successful,856.0899999999999
P001234,O001234,Credit Card,Successful,119.52000000000001
P001235,O001235,Credit Card,Refunded,640.28
P001236,O001236,UPI,Successful,465.85999999999996
P001237,O001237,UPI,Successful,506.91
P001238,O001238,Debit Card,Successful,225.08
P001239,O001239,Credit Card,Successful,1203.44
P001240,O001240,Debit Card,Successful,771.6
P001241,O001241,Credit Card,Successful,1095.13
P001242,O001242,Credit Card,Successful,1726.53
P001243,O001243,UPI,Successful,312.94
P001244,O001244,Credit Card,Successful,524.03
P001245,O001245,UPI,Successful,1017.5700000000002
P001246,O001246,Debit Card,Successful,450.77
P001247,O001247,Debit Card,Successful,147.26
P001248,O001248,Debit Card,Successful,257.40999999999997
P001249,O001249,Wallet,Failed,833.29
P001250,O001250,Cash,Successful,912.0
P001251,O001251,Cash,Successful,1413.6200000000001
P001252,O001252,Debit Card,Successful,750.4699999999999
P001253,O001253,Debit Card,Successful,1003.4499999999999
P001254,O001254,Wallet,Successful,823.1300000000001
P001255,O001255,UPI,Successful,530.1600000000001
P001256,O001256,Credit Card,Successful,255.92000000000002
P001257,O001257,UPI,Successful,1625.9
P001258,O001258,Wallet,Failed,344.86
P001259,O001259,Debit Card,Successful,270.13
P001260,O001260,Debit Card,Successful,434.36
P001261,O001261,Credit Card,Successful,84.44
P001262,O001262,Credit Card,Successful,218.51
P001263,O001263,Debit Card,Successful,936.8599999999999
P001264,O001264,Debit Card,Successful,453.54
P001265,O001265,Cash,Successful,694.14
P001266,O001266,UPI,Successful,1602.55
P001267,O001267,Cash,Failed,1488.53
P001268,O001268,UPI,Successful,732.81
P001269,O001269,Wallet,Successful,1174.89
P001270,O001270,Debit Card,Successful,249.75000000000003
P001271,O001271,Wallet,Successful,1470.92
P001272,O001272,Wallet,Successful,969.13
P001273,O001273,Debit Card,Successful,966.0899999999999
P001274,O001274,UPI,Successful,1332.13
P001275,O001275,Credit Card,Successful,1000.0899999999999
P001276,O001276,Credit Card,Successful,771.56
P001277,O001277,Debit Card,Successful,854.8299999999999
P001278,O001278,Wallet,Successful,1000.2
P001279,O001279,Wallet,Successful,1273.66
P001280,O001280,UPI,Failed,845.8000000000001
P001281,O001281,Debit Card,Successful,74.69
P001282,O001282,Cash,Successful,1115.6100000000001
P001283,O001283,Cash,Successful,1828.48
P001284,O001284,Cash,Successful,480.05
P001285,O001285,Credit Card,Successful,1582.77
P001286,O001286,Cash,Successful,815.3799999999999
P001287,O001287,Debit Card,Failed,983.76
P001288,O001288,Wallet,Successful,1606.73
P001289,O001289,Credit Card,Successful,1340.76
P001290,O001290,Wallet,Successful,1722.8200000000002
P001291,O001291,UPI,Successful,95.19
P001292,O001292,UPI,Successful,440.57
P001293,O001293,Wallet,Successful,815.9
P001294,O001294,Debit Card,Successful,1279.15
P001295,O001295,UPI,Successful,1616.8
P001296,O001296,Credit Card,Successful,337.9
P001297,O001297,Debit Card,Successful,300.21999999999997
P001298,O001298,UPI,Successful,1614.5900000000001
P001299,O001299,Credit Card,Successful,1071.68
P001300,O001300,UPI,Refunded,1034.03
P001301,O001301,UPI,Successful,1279.29
P001302,O001302,UPI,Successful,403.5
P001303,O001303,Cash,Successful,282.35
P001304,O001304,UPI,Successful,1544.28
P001305,O001305,Credit Card,Successful,312.24
P001306,O001306,Debit Card,Successful,225.09000000000003
P001307,O001307,UPI,Successful,514.71
P001308,O001308,Wallet,Failed,557.19
P001309,O001309,Debit Card,Successful,519.43
P001310,O001310,Credit Card,Successful,1432.01
P001311,O001311,Debit Card,Successful,1463.8
P001312,O001312,Credit Card,Successful,358.27000000000004
P001313,O001313,Cash,Successful,1115.76
P001314,O001314,UPI,Successful,165.3
P001315,O001315,Debit Card,Successful,320.15000000000003
P001316,O001316,Credit Card,Successful,924.72
P001317,O001317,Debit Card,Successful,1711.52
P001318,O001318,Wallet,Successful,1882.93
P001319,O001319,Debit Card,Successful,258.75
P001320,O001320,Wallet,Successful,511.95
P001321,O001321,UPI,Successful,1829.21
P001322,O001322,Credit Card,Successful,316.26
P001323,O001323,Wallet,Successful,1383.29
P001324,O001324,UPI,Successful,84.91
P001325,O001325,UPI,Successful,1294.32
P001326,O001326,Debit Card,Successful,925.51
P001327,O001327,Credit Card,Successful,736.6300000000001
P001328,O001328,Credit Card,Successful,1348.69
P001329,O001329,Credit Card,Successful,187.45
P001330,O001330,UPI,Successful,635.4599999999999
P001331,O001331,Credit Card,Successful,742.9000000000001
P001332,O001332,UPI,Successful,247.89999999999998
P001333,O001333,Credit Card,Successful,261.22999999999996
P001334,O001334,UPI,Successful,385.66999999999996
P001335,O001335,Credit Card,Successful,397.22
P001336,O001336,Credit Card,Successful,1832.65
P001337,O001337,Cash,Successful,806.8299999999999
P001338,O001338,Credit Card,Refunded,816.0
P001339,O001339,Cash,Successful,1039.06
P001340,O001340,Debit Card,Successful,1033.9299999999998
P001341,O001341,Debit Card,Successful,841.0899999999999
P001342,O001342,Wallet,Successful,586.6
P001343,O001343,Credit Card,Successful,653.98
P001344,O001344,Credit Card,Successful,195.57
P001345,O001345,Debit Card,Failed,1288.9699999999998
P001346,O001346,Credit Card,Successful,1104.7399999999998
P001347,O001347,UPI,Successful,1120.75
P001348,O001348,Credit Card,Successful,747.4799999999999
P001349,O001349,Debit Card,Successful,1043.16
P001350,O001350,Debit Card,Successful,880.25
P001351,O001351,Debit Card,Successful,463.72
P001352,O001352,UPI,Successful,581.0699999999999
P001353,O001353,UPI,Successful,1295.23
P001354,O001354,Wallet,Successful,1033.8899999999999
P001355,O001355,Wallet,Successful,72.96000000000001
P001356,O001356,Debit Card,Successful,575.14
P001357,O001357,UPI,Successful,653.67
P001358,O001358,UPI,Successful,1044.9099999999999
P001359,O001359,Debit Card,Successful,1332.2199999999998
P001360,O001360,Cash,Successful,697.65
P001361,O001361,Wallet,Successful,1882.02
P001362,O001362,Cash,Successful,1419.35
P001363,O001363,UPI,Successful,1736.24
P001364,O001364,Wallet,Successful,715.09
P001365,O001365,Wallet,Successful,791.0
P001366,O001366,Debit Card,Successful,853.48
P001367,O001367,Credit Card,Successful,658.7
P001368,O001368,UPI,Successful,1374.51
P001369,O001369,UPI,Successful,426.98
P001370,O001370,Cash,Successful,1147.1200000000001
P001371,O001371,Credit Card,Successful,858.73
P001372,O001372,Cash,Successful,527.41
P001373,O001373,UPI,Successful,851.6399999999999
P001374,O001374,Debit Card,Successful,388.71999999999997
P001375,O001375,UPI,Successful,281.02000000000004
P001376,O001376,Cash,Successful,1506.05
P001377,O001377,Wallet,Successful,1168.17
P001378,O001378,Wallet,Successful,431.39
P001379,O001379,Cash,Successful,1757.01
P001380,O001380,UPI,Successful,127.48000000000002
P001381,O001381,Wallet,Successful,681.85
P001382,O001382,UPI,Successful,104.08999999999999
P001383,O001383,Cash,Failed,293.25
P001384,O001384,Credit Card,Successful,392.2
P001385,O001385,Cash,Successful,1174.5900000000001
P001386,O001386,UPI,Successful,1754.95
P001387,O001387,Debit Card,Failed,1446.67
P001388,O001388,Debit Card,Successful,1106.08
P001389,O001389,Wallet,Successful,1419.6499999999999
P001390,O001390,Wallet,Successful,954.3499999999999
P001391,O001391,Wallet,Successful,881.83
P001392,O001392,Wallet,Successful,1342.7099999999998
P001393,O001393,UPI,Successful,1488.47
P001394,O001394,UPI,Successful,140.84
P001395,O001395,Credit Card,Successful,678.17
P001396,O001396,Cash,Successful,570.28
P001397,O001397,Cash,Successful,673.5400000000001
P001398,O001398,Cash,Successful,1067.1899999999998
P001399,O001399,Debit Card,Successful,780.5300000000001
P001400,O001400,Credit Card,Successful,101.04
P001401,O001401,UPI,Successful,735.8
P001402,O001402,Credit Card,Successful,994.6100000000001
P001403,O001403,Debit Card,Successful,954.5500000000001
P001404,O001404,Cash,Successful,1421.5500000000002
P001405,O001405,Wallet,Successful,606.07
P001406,O001406,UPI,Successful,94.14
P001407,O001407,Wallet,Refunded,569.25
P001408,O001408,Debit Card,Successful,257.71
P001409,O001409,UPI,Successful,433.00000000000006
P001410,O001410,Credit Card,Successful,779.1700000000001
P001411,O001411,Wallet,Successful,1075.54
P001412,O001412,Debit Card,Successful,506.2099999999999
P001413,O001413,Credit Card,Successful,1610.17
P001414,O001414,UPI,Successful,613.91
P001415,O001415,UPI,Successful,291.01
P001416,O001416,Credit Card,Failed,406.94
P001417,O001417,Cash,Successful,1495.88
P001418,O001418,Wallet,Successful,898.61
P001419,O001419,UPI,Successful,748.6400000000001
P001420,O001420,UPI,Successful,169.12
P001421,O001421,Wallet,Successful,1136.35
P001422,O001422,Debit Card,Successful,1373.84
P001423,O001423,Cash,Successful,628.0
P001424,O001424,Wallet,Successful,1239.6599999999999
P001425,O001425,Wallet,Successful,560.04
P001426,O001426,Wallet,Successful,217.51
P001427,O001427,Wallet,Successful,1290.2800000000002
P001428,O001428,Wallet,Refunded,1735.94
P001429,O001429,UPI,Successful,1097.55
P001430,O001430,Wallet,Successful,575.41
P001431,O001431,UPI,Successful,445.06000000000006
P001432,O001432,Credit Card,Successful,1519.84
P001433,O001433,Wallet,Successful,485.0
P001434,O001434,Cash,Successful,1241.1799999999998
P001435,O001435,Wallet,Successful,1247.86
P001436,O001436,Wallet,Successful,1220.27
P001437,O001437,Cash,Successful,389.75
P001438,O001438,Credit Card,Refunded,116.09
P001439,O001439,Wallet,Successful,757.9200000000001
P001440,O001440,UPI,Successful,1475.1399999999999
P001441,O001441,Cash,Successful,391.42
P001442,O001442,Cash,Successful,1088.19
P001443,O001443,Wallet,Successful,1368.6
P001444,O001444,Cash,Successful,762.63
P001445,O001445,Wallet,Successful,1006.59
P001446,O001446,UPI,Successful,1325.12
P001447,O001447,Debit Card,Successful,1297.35
P001448,O001448,Credit Card,Successful,732.99
P001449,O001449,Credit Card,Successful,1406.6599999999999
P001450,O001450,UPI,Successful,962.38
P001451,O001451,Cash,Successful,1226.6799999999998
P001452,O001452,UPI,Successful,286.8
P001453,O001453,UPI,Successful,794.24
P001454,O001454,Debit Card,Successful,111.61
P001455,O001455,Cash,Successful,801.01
P001456,O001456,Cash,Successful,201.17000000000002
P001457,O001457,UPI,Successful,1270.1799999999998
P001458,O001458,Debit Card,Successful,1082.94
P001459,O001459,Wallet,Successful,1277.26
P001460,O001460,Credit Card,Refunded,839.47
P001461,O001461,Debit Card,Successful,1494.34
P001462,O001462,Wallet,Successful,1338.8
P001463,O001463,Credit Card,Successful,585.0300000000001
P001464,O001464,Cash,Successful,801.06
P001465,O001465,Debit Card,Successful,790.9100000000001
P001466,O001466,Debit Card,Failed,139.07999999999998
P001467,O001467,Credit Card,Successful,1701.41
P001468,O001468,Cash,Successful,670.6300000000001
P001469,O001469,Cash,Successful,745.51
P001470,O001470,Wallet,Successful,1168.83
P001471,O001471,Credit Card,Successful,637.5799999999999
P001472,O001472,Wallet,Failed,403.51
P001473,O001473,Debit Card,Successful,242.66000000000003
P001474,O001474,Cash,Successful,859.8100000000001
P001475,O001475,Cash,Successful,78.21000000000001
P001476,O001476,Cash,Successful,1110.98
P001477,O001477,UPI,Successful,822.92
P001478,O001478,Credit Card,Successful,908.94
P001479,O001479,Wallet,Failed,472.38000000000005
P001480,O001480,Wallet,Successful,342.76
P001481,O001481,Cash,Successful,1109.28
P001482,O001482,Cash,Successful,360.12
P001483,O001483,UPI,Failed,1435.42
P001484,O001484,Debit Card,Successful,365.8
P001485,O001485,Cash,Successful,1048.06
P001486,O001486,Debit Card,Successful,971.8799999999999
P001487,O001487,Wallet,Successful,859.9
P001488,O001488,Cash,Successful,1434.52
P001489,O001489,Cash,Successful,710.54
P001490,O001490,UPI,Successful,1725.34
P001491,O001491,Debit Card,Refunded,339.97999999999996
P001492,O001492,Wallet,Successful,568.58
P001493,O001493,Cash,Successful,298.15999999999997
P001494,O001494,Credit Card,Successful,975.7
P001495,O001495,Credit Card,Successful,1301.3200000000002
P001496,O001496,Cash,Successful,683.28
P001497,O001497,Cash,Successful,1351.94
P001498,O001498,Wallet,Successful,1531.44
P001499,O001499,Credit Card,Successful,1377.7
P001500,O001500,Cash,Successful,407.04999999999995
P001501,O001501,Credit Card,Successful,550.61
P001502,O001502,Wallet,Successful,669.49
P001503,O001503,Credit Card,Successful,469.63
P001504,O001504,Credit Card,Successful,710.0500000000001
P001505,O001505,Debit Card,Successful,470.80999999999995
P001506,O001506,Wallet,Successful,1923.22
P001507,O001507,Cash,Successful,1315.98
P001508,O001508,Cash,Successful,1622.53
P001509,O001509,Wallet,Successful,1393.9699999999998
P001510,O001510,Debit Card,Successful,1024.42
P001511,O001511,UPI,Successful,356.31
P001512,O001512,Wallet,Successful,1374.98
P001513,O001513,Cash,Successful,127.92999999999999
P001514,O001514,Debit Card,Successful,255.67
P001515,O001515,UPI,Successful,119.44
P001516,O001516,UPI,Successful,272.62
P001517,O001517,Wallet,Successful,1306.61
P001518,O001518,UPI,Successful,1707.3200000000002
P001519,O001519,Wallet,Successful,617.55
P001520,O001520,UPI,Successful,320.88
P001521,O001521,UPI,Successful,572.32
P001522,O001522,Wallet,Successful,1273.09
P001523,O001523,UPI,Successful,726.62
P001524,O001524,Credit Card,Successful,1522.26
P001525,O001525,Wallet,Successful,330.07
P001526,O001526,Credit Card,Failed,1570.0600000000002
P001527,O001527,Debit Card,Failed,110.62
P001528,O001528,Wallet,Successful,735.5
P001529,O001529,Wallet,Successful,550.84
P001530,O001530,Wallet,Successful,1167.7
P001531,O001531,Debit Card,Successful,275.86
P001532,O001532,UPI,Successful,1252.76
P001533,O001533,Debit Card,Successful,301.4
P001534,O001534,Cash,Successful,994.5899999999999
P001535,O001535,Debit Card,Successful,115.97000000000001
P001536,O001536,UPI,Failed,530.04
P001537,O001537,Cash,Successful,371.48
P001538,O001538,Debit Card,Successful,1710.17
P001539,O001539,Wallet,Successful,92.57000000000001
P001540,O001540,Credit Card,Successful,616.03
P001541,O001541,Cash,Successful,631.56
P001542,O001542,UPI,Successful,1022.94
P001543,O001543,Wallet,Successful,172.4
P001544,O001544,Wallet,Successful,1252.2800000000002
P001545,O001545,Debit Card,Successful,801.02
P001546,O001546,Debit Card,Refunded,826.92
P001547,O001547,Cash,Successful,414.87
P001548,O001548,Credit Card,Successful,763.3199999999999
P001549,O001549,Credit Card,Successful,680.87
P001550,O001550,Wallet,Successful,560.7
P001551,O001551,Debit Card,Successful,345.64000000000004
P001552,O001552,Debit Card,Successful,1443.6299999999999
P001553,O001553,Credit Card,Successful,333.87
P001554,O001554,Wallet,Successful,350.03000000000003
P001555,O001555,Wallet,Successful,1072.51
P001556,O001556,UPI,Successful,484.91999999999996
P001557,O001557,Wallet,Successful,966.95
P001558,O001558,Wallet,Successful,1057.6
P001559,O001559,Wallet,Successful,549.68
P001560,O001560,Wallet,Successful,687.2
P001561,O001561,Cash,Successful,405.24
P001562,O001562,Wallet,Successful,780.0999999999999
P001563,O001563,Wallet,Successful,1521.0
P001564,O001564,Debit Card,Successful,745.14
P001565,O001565,UPI,Successful,1092.27
P001566,O001566,Debit Card,Successful,1139.42
P001567,O001567,UPI,Refunded,1439.8899999999999
P001568,O001568,UPI,Successful,1242.2600000000002
P001569,O001569,Credit Card,Successful,104.71
P001570,O001570,Debit Card,Successful,555.64
P001571,O001571,Credit Card,Successful,1459.27
P001572,O001572,Debit Card,Successful,912.07
P001573,O001573,Cash,Successful,210.35999999999996
P001574,O001574,Debit Card,Successful,472.78
P001575,O001575,Credit Card,Successful,582.49
P001576,O001576,Debit Card,Successful,1477.51
P001577,O001577,Cash,Successful,1072.23
P001578,O001578,Wallet,Successful,1060.32
P001579,O001579,Wallet,Successful,627.0699999999999
P001580,O001580,UPI,Successful,210.36
P001581,O001581,Wallet,Successful,232.95
P001582,O001582,Credit Card,Successful,896.76
P001583,O001583,Cash,Successful,387.57
P001584,O001584,Wallet,Successful,229.48000000000002
P001585,O001585,Debit Card,Successful,517.5799999999999
P001586,O001586,Credit Card,Successful,1251.3400000000001
P001587,O001587,Cash,Successful,196.48
P001588,O001588,Wallet,Successful,926.07
P001589,O001589,UPI,Failed,1582.19
P001590,O001590,Cash,Refunded,441.8299999999999
P001591,O001591,Cash,Failed,580.8699999999999
P001592,O001592,Cash,Successful,1556.45
P001593,O001593,Wallet,Failed,1034.24
P001594,O001594,UPI,Successful,1593.75
P001595,O001595,UPI,Successful,485.67
P001596,O001596,UPI,Successful,1592.8500000000001
P001597,O001597,Cash,Successful,351.71
P001598,O001598,Credit Card,Successful,1890.13
P001599,O001599,Wallet,Successful,1812.42
P001600,O001600,UPI,Refunded,1047.24
P001601,O001601,Wallet,Successful,1093.96
P001602,O001602,Cash,Successful,1489.1799999999998
P001603,O001603,Debit Card,Successful,624.0699999999999
P001604,O001604,Debit Card,Successful,916.35
P001605,O001605,UPI,Failed,1753.07
P001606,O001606,UPI,Successful,215.81
P001607,O001607,Wallet,Successful,1513.57
P001608,O001608,Debit Card,Successful,1170.9
P001609,O001609,UPI,Failed,1126.1200000000001
P001610,O001610,Credit Card,Successful,188.81
P001611,O001611,Cash,Successful,441.23
P001612,O001612,Cash,Successful,1528.28
P001613,O001613,Wallet,Successful,235.45999999999998
P001614,O001614,Cash,Successful,955.05
P001615,O001615,UPI,Successful,1215.6599999999999
P001616,O001616,Debit Card,Successful,420.56000000000006
P001617,O001617,Credit Card,Successful,1104.0900000000001
P001618,O001618,Debit Card,Successful,218.48999999999998
P001619,O001619,Cash,Failed,884.1700000000001
P001620,O001620,UPI,Successful,583.28
P001621,O001621,Debit Card,Successful,1297.96
P001622,O001622,Credit Card,Successful,1298.1299999999999
P001623,O001623,UPI,Successful,325.47
P001624,O001624,Wallet,Successful,930.3000000000001
P001625,O001625,Cash,Successful,870.59
P001626,O001626,UPI,Successful,624.4000000000001
P001627,O001627,Credit Card,Successful,847.36
P001628,O001628,Debit Card,Successful,1722.98
P001629,O001629,Debit Card,Successful,1490.17
P001630,O001630,Wallet,Successful,99.07000000000001
P001631,O001631,Credit Card,Successful,1251.25
P001632,O001632,Debit Card,Successful,1081.73
P001633,O001633,UPI,Successful,1449.02
P001634,O001634,Cash,Successful,198.28
P001635,O001635,Debit Card,Successful,1524.1499999999999
P001636,O001636,Wallet,Successful,1571.68
P001637,O001637,Wallet,Successful,1291.1399999999999
P001638,O001638,UPI,Successful,1049.1
P001639,O001639,Credit Card,Successful,706.4
P001640,O001640,UPI,Successful,1032.3799999999999
P001641,O001641,Credit Card,Successful,578.66
P001642,O001642,Debit Card,Successful,634.31
P001643,O001643,UPI,Failed,783.49
P001644,O001644,Debit Card,Successful,570.33
P001645,O001645,Credit Card,Successful,543.77
P001646,O001646,Debit Card,Refunded,100.89
P001647,O001647,Debit Card,Successful,545.36
P001648,O001648,Wallet,Successful,744.3299999999999
P001649,O001649,Cash,Successful,351.84999999999997
P001650,O001650,Cash,Successful,1484.9299999999998
P001651,O001651,Credit Card,Successful,933.66
P001652,O001652,Cash,Successful,1399.9099999999999
P001653,O001653,Credit Card,Successful,241.95
P001654,O001654,Cash,Successful,1633.6200000000001
P001655,O001655,Debit Card,Successful,1478.19
P001656,O001656,UPI,Successful,764.11
P001657,O001657,Debit Card,Successful,523.65
P001658,O001658,Debit Card,Successful,1157.17
P001659,O001659,Credit Card,Successful,950.9200000000001
P001660,O001660,UPI,Successful,262.93
P001661,O001661,Credit Card,Successful,1398.98
P001662,O001662,Credit Card,Successful,806.51
P001663,O001663,Debit Card,Successful,1344.19
P001664,O001664,Cash,Failed,703.4000000000001
P001665,O001665,Cash,Refunded,575.9599999999999
P001666,O001666,UPI,Successful,310.16
P001667,O001667,Wallet,Successful,621.33
P001668,O001668,Wallet,Successful,1852.82
P001669,O001669,Debit Card,Successful,1122.9299999999998
P001670,O001670,Debit Card,Successful,1149.65
P001671,O001671,UPI,Successful,1514.71
P001672,O001672,Wallet,Refunded,244.78
P001673,O001673,UPI,Successful,332.99
P001674,O001674,Credit Card,Successful,1591.77
P001675,O001675,Credit Card,Refunded,948.8400000000001
P001676,O001676,Credit Card,Successful,1062.0
P001677,O001677,Cash,Successful,873.1
P001678,O001678,UPI,Successful,1192.99
P001679,O001679,UPI,Successful,902.63
P001680,O001680,Credit Card,Successful,1318.64
P001681,O001681,UPI,Successful,1754.63
P001682,O001682,Wallet,Successful,1280.03
P001683,O001683,Debit Card,Successful,875.76
P001684,O001684,Debit Card,Successful,569.3599999999999
P001685,O001685,UPI,Successful,387.99
P001686,O001686,Cash,Successful,1267.3400000000001
P001687,O001687,Wallet,Successful,178.06
P001688,O001688,Wallet,Successful,1670.28
P001689,O001689,Cash,Successful,1171.09
P001690,O001690,UPI,Successful,1395.85
P001691,O001691,UPI,Successful,480.82000000000005
P001692,O001692,Debit Card,Successful,1608.63
P001693,O001693,Wallet,Successful,1104.84
P001694,O001694,Debit Card,Successful,1520.02
P001695,O001695,Wallet,Successful,394.62
P001696,O001696,Wallet,Successful,879.88
P001697,O001697,Credit Card,Successful,1163.8899999999999
P001698,O001698,UPI,Successful,755.64
P001699,O001699,Cash,Successful,495.0
P001700,O001700,Cash,Successful,1487.11
P001701,O001701,Wallet,Failed,203.29000000000002
P001702,O001702,Cash,Successful,390.95
P001703,O001703,Debit Card,Failed,646.27
P001704,O001704,Wallet,Failed,1702.92
P001705,O001705,Credit Card,Failed,988.72
P001706,O001706,Cash,Successful,695.92
P001707,O001707,UPI,Successful,844.35
P001708,O001708,Wallet,Successful,1305.37
P001709,O001709,Cash,Failed,119.77
P001710,O001710,Wallet,Successful,91.60000000000001
P001711,O001711,UPI,Refunded,181.31
P001712,O001712,Cash,Successful,840.91
P001713,O001713,Credit Card,Successful,986.2399999999999
P001714,O001714,Credit Card,Successful,1267.6
P001715,O001715,Cash,Successful,1060.54
P001716,O001716,UPI,Failed,350.73
P001717,O001717,Cash,Successful,554.6
P001718,O001718,Credit Card,Successful,456.53
P001719,O001719,Cash,Successful,366.94
P001720,O001720,Wallet,Successful,416.51
P001721,O001721,Debit Card,Successful,1228.5900000000001
P001722,O001722,UPI,Successful,580.23
P001723,O001723,Wallet,Successful,1171.83
P001724,O001724,UPI,Failed,958.6300000000001
P001725,O001725,Cash,Successful,404.42
P001726,O001726,UPI,Successful,915.17
P001727,O001727,Debit Card,Successful,1085.8700000000001
P001728,O001728,Credit Card,Successful,1631.8899999999999
P001729,O001729,Wallet,Successful,1417.5
P001730,O001730,Debit Card,Successful,823.28
P001731,O001731,Debit Card,Successful,1190.25
P001732,O001732,UPI,Successful,577.3900000000001
P001733,O001733,Cash,Successful,961.69
P001734,O001734,Credit Card,Failed,1532.4099999999999
P001735,O001735,UPI,Successful,975.2900000000002
P001736,O001736,UPI,Successful,504.78999999999996
P001737,O001737,Wallet,Successful,1226.12
P001738,O001738,Cash,Successful,1391.72
P001739,O001739,UPI,Successful,290.26
P001740,O001740,Debit Card,Successful,861.89
P001741,O001741,Debit Card,Successful,691.11
P001742,O001742,Credit Card,Successful,462.84
P001743,O001743,Credit Card,Successful,813.05
P001744,O001744,Credit Card,Successful,640.75
P001745,O001745,UPI,Successful,359.68
P001746,O001746,Wallet,Failed,742.55
P001747,O001747,Credit Card,Successful,1131.74
P001748,O001748,UPI,Successful,127.05999999999999
P001749,O001749,Wallet,Successful,1939.6299999999999
P001750,O001750,Debit Card,Successful,615.1999999999999
P001751,O001751,Cash,Successful,922.3400000000001
P001752,O001752,Wallet,Successful,572.62
P001753,O001753,UPI,Successful,697.33
P001754,O001754,UPI,Failed,920.8499999999999
P001755,O001755,Wallet,Failed,930.29
P001756,O001756,Credit Card,Successful,1452.1299999999999
P001757,O001757,UPI,Successful,1175.8200000000002
P001758,O001758,Credit Card,Successful,957.99
P001759,O001759,UPI,Successful,176.44
P001760,O001760,Credit Card,Successful,1016.68
P001761,O001761,Cash,Successful,975.98
P001762,O001762,Credit Card,Successful,501.27000000000004
P001763,O001763,UPI,Successful,84.69
P001764,O001764,Cash,Successful,674.85
P001765,O001765,Credit Card,Successful,496.75
P001766,O001766,Cash,Successful,856.66
P001767,O001767,Wallet,Successful,1360.77
P001768,O001768,Wallet,Successful,817.03
P001769,O001769,Debit Card,Successful,1635.68
P001770,O001770,Debit Card,Successful,504.96
P001771,O001771,Cash,Refunded,396.4699999999999
P001772,O001772,Wallet,Successful,1107.23
P001773,O001773,UPI,Failed,1670.64
P001774,O001774,Debit Card,Successful,1245.1
P001775,O001775,Wallet,Successful,1126.68
P001776,O001776,UPI,Successful,1252.46
P001777,O001777,UPI,Successful,1307.41
P001778,O001778,Cash,Successful,1268.5
P001779,O001779,Credit Card,Successful,1524.43
P001780,O001780,Credit Card,Failed,85.28
P001781,O001781,UPI,Successful,1274.99
P001782,O001782,UPI,Successful,405.39
P001783,O001783,Cash,Successful,1508.67
P001784,O001784,Debit Card,Successful,463.94
P001785,O001785,Credit Card,Successful,821.4200000000001
P001786,O001786,Wallet,Successful,1843.24
P001787,O001787,Credit Card,Successful,243.63
P001788,O001788,Credit Card,Refunded,1252.07
P001789,O001789,Wallet,Refunded,807.23
P001790,O001790,Cash,Successful,136.48
P001791,O001791,Debit Card,Successful,1753.9499999999998
P001792,O001792,Wallet,Successful,252.71
P001793,O001793,UPI,Failed,1326.58
P001794,O001794,Wallet,Successful,818.1800000000001
P001795,O001795,Wallet,Successful,1227.8
P001796,O001796,Cash,Successful,1230.37
P001797,O001797,UPI,Successful,1016.5099999999999
P001798,O001798,Cash,Successful,1354.53
P001799,O001799,Debit Card,Successful,265.48
P001800,O001800,Cash,Successful,1331.23
P001801,O001801,Cash,Successful,1061.05
P001802,O001802,UPI,Successful,590.6
P001803,O001803,Cash,Successful,971.4999999999999
P001804,O001804,Debit Card,Successful,955.68
P001805,O001805,Credit Card,Successful,1389.38
P001806,O001806,Wallet,Successful,366.21000000000004
P001807,O001807,Credit Card,Successful,208.42999999999998
P001808,O001808,Wallet,Successful,274.51000000000005
P001809,O001809,UPI,Successful,567.02
P001810,O001810,Credit Card,Successful,277.95
P001811,O001811,Debit Card,Successful,1105.7
P001812,O001812,Wallet,Successful,754.5799999999999
P001813,O001813,Cash,Successful,1578.76
P001814,O001814,Debit Card,Successful,1124.61
P001815,O001815,Debit Card,Successful,443.42
P001816,O001816,Credit Card,Successful,165.97
P001817,O001817,Wallet,Successful,1223.5
P001818,O001818,Credit Card,Successful,1529.94
P001819,O001819,UPI,Successful,1320.39
P001820,O001820,Wallet,Successful,1182.16
P001821,O001821,Cash,Successful,417.43000000000006
P001822,O001822,Cash,Successful,932.86
P001823,O001823,Cash,Successful,1078.7800000000002
P001824,O001824,UPI,Successful,438.66
P001825,O001825,Cash,Successful,802.68
P001826,O001826,UPI,Successful,250.31
P001827,O001827,UPI,Successful,1071.34
P001828,O001828,UPI,Successful,995.5600000000001
P001829,O001829,UPI,Successful,1112.84
P001830,O001830,Cash,Successful,715.75
P001831,O001831,Wallet,Successful,1024.88
P001832,O001832,Debit Card,Successful,1971.93
P001833,O001833,UPI,Failed,1019.8799999999999
P001834,O001834,UPI,Failed,1123.3700000000001
P001835,O001835,Credit Card,Successful,362.14
P001836,O001836,Debit Card,Successful,1062.62
P001837,O001837,Debit Card,Successful,95.75
P001838,O001838,Credit Card,Successful,124.63000000000001
P001839,O001839,UPI,Successful,541.5400000000001
P001840,O001840,UPI,Successful,981.8
P001841,O001841,Credit Card,Successful,1092.1000000000001
P001842,O001842,Credit Card,Successful,1312.9
P001843,O001843,Debit Card,Successful,1444.8999999999999
P001844,O001844,UPI,Successful,574.99
P001845,O001845,Credit Card,Successful,1196.48
P001846,O001846,Debit Card,Successful,805.6299999999999
P001847,O001847,Credit Card,Failed,1378.53
P001848,O001848,Debit Card,Successful,747.87
P001849,O001849,Credit Card,Successful,228.58
P001850,O001850,Cash,Successful,1185.5500000000002
P001851,O001851,Cash,Successful,1030.25
P001852,O001852,Debit Card,Successful,1662.6599999999999
P001853,O001853,Cash,Successful,405.68
P001854,O001854,Cash,Successful,1343.5700000000002
P001855,O001855,Cash,Successful,933.4
P001856,O001856,Wallet,Successful,693.95
P001857,O001857,Credit Card,Successful,1148.17
P001858,O001858,Wallet,Successful,1161.65
P001859,O001859,Cash,Successful,1174.71
P001860,O001860,Wallet,Successful,194.61999999999998
P001861,O001861,Cash,Successful,551.51
P001862,O001862,Cash,Successful,141.29000000000002
P001863,O001863,Debit Card,Successful,630.1700000000001
P001864,O001864,Debit Card,Successful,1049.86
P001865,O001865,Credit Card,Successful,1084.35
P001866,O001866,Cash,Successful,1156.4699999999998
P001867,O001867,Credit Card,Successful,1001.14
P001868,O001868,Credit Card,Successful,932.4499999999999
P001869,O001869,Wallet,Successful,847.7499999999999
P001870,O001870,Cash,Successful,768.95
P001871,O001871,Cash,Successful,699.63
P001872,O001872,Wallet,Successful,297.1
P001873,O001873,Wallet,Failed,1680.28
P001874,O001874,UPI,Successful,1558.81
P001875,O001875,UPI,Successful,1514.0600000000002
P001876,O001876,Credit Card,Successful,862.1299999999999
P001877,O001877,UPI,Successful,1080.8500000000001
P001878,O001878,UPI,Successful,926.96
P001879,O001879,Cash,Successful,497.15
P001880,O001880,Wallet,Successful,758.74
P001881,O001881,UPI,Successful,1943.6399999999999
P001882,O001882,Cash,Successful,315.95
P001883,O001883,Credit Card,Failed,1124.99
P001884,O001884,UPI,Successful,1355.15
P001885,O001885,Cash,Successful,739.4300000000001
P001886,O001886,Cash,Successful,1100.69
P001887,O001887,Cash,Successful,1185.61
P001888,O001888,Debit Card,Successful,872.9099999999999
P001889,O001889,Cash,Successful,1434.79
P001890,O001890,UPI,Failed,536.47
P001891,O001891,Wallet,Successful,1114.28
P001892,O001892,Wallet,Successful,140.36
P001893,O001893,Credit Card,Successful,313.96
P001894,O001894,UPI,Successful,1073.04
P001895,O001895,Debit Card,Successful,669.9
P001896,O001896,Cash,Successful,1433.58
P001897,O001897,Wallet,Successful,712.45
P001898,O001898,UPI,Successful,1420.1000000000001
P001899,O001899,Credit Card,Successful,323.3
P001900,O001900,Debit Card,Successful,1690.02
P001901,O001901,UPI,Successful,886.88
P001902,O001902,Cash,Successful,526.7900000000001
P001903,O001903,Debit Card,Successful,1597.0300000000002
P001904,O001904,UPI,Successful,1513.69
P001905,O001905,Debit Card,Successful,1476.6799999999998
P001906,O001906,Debit Card,Successful,540.8000000000001
P001907,O001907,Wallet,Successful,1246.6299999999999
P001908,O001908,Wallet,Successful,1042.32
P001909,O001909,Credit Card,Successful,1276.6100000000001
P001910,O001910,Debit Card,Successful,914.8500000000001
P001911,O001911,Credit Card,Refunded,748.23
P001912,O001912,Debit Card,Successful,1306.5500000000002
P001913,O001913,Debit Card,Failed,1646.89
P001914,O001914,Cash,Successful,1538.48
P001915,O001915,Wallet,Successful,1076.9
P001916,O001916,UPI,Successful,1179.94
P001917,O001917,UPI,Successful,186.63
P001918,O001918,UPI,Successful,1500.62
P001919,O001919,Wallet,Successful,1073.7600000000002
P001920,O001920,Wallet,Successful,632.5400000000001
P001921,O001921,Wallet,Successful,1639.44
P001922,O001922,Debit Card,Successful,1457.25
P001923,O001923,Credit Card,Successful,1535.96
P001924,O001924,UPI,Successful,848.87
P001925,O001925,Credit Card,Successful,923.1299999999999
P001926,O001926,Cash,Successful,1718.1
P001927,O001927,Wallet,Successful,697.55
P001928,O001928,Credit Card,Successful,1541.52
P001929,O001929,Debit Card,Successful,1635.23
P001930,O001930,Credit Card,Successful,1083.54
P001931,O001931,Credit Card,Successful,1458.2
P001932,O001932,UPI,Successful,1059.82
P001933,O001933,Wallet,Failed,279.08000000000004
P001934,O001934,Cash,Failed,365.73
P001935,O001935,UPI,Successful,1379.86
P001936,O001936,Debit Card,Successful,90.58
P001937,O001937,Credit Card,Successful,1334.9099999999999
P001938,O001938,Credit Card,Successful,374.62
P001939,O001939,Cash,Successful,1448.7199999999998
P001940,O001940,Cash,Successful,396.92
P001941,O001941,Wallet,Successful,1130.42
P001942,O001942,Cash,Successful,1125.71
P001943,O001943,Cash,Successful,1466.78
P001944,O001944,UPI,Successful,854.1600000000001
P001945,O001945,Wallet,Successful,1806.5900000000001
P001946,O001946,Cash,Successful,999.0500000000001
P001947,O001947,Debit Card,Successful,428.55999999999995
P001948,O001948,UPI,Successful,1083.4099999999999
P001949,O001949,Cash,Successful,1305.6100000000001
P001950,O001950,Cash,Successful,1000.12
P001951,O001951,Cash,Successful,1446.96
P001952,O001952,Wallet,Successful,770.31
P001953,O001953,Credit Card,Successful,82.14999999999999
P001954,O001954,Debit Card,Successful,531.48
P001955,O001955,Credit Card,Successful,1544.4
P001956,O001956,Debit Card,Successful,1236.0099999999998
P001957,O001957,Wallet,Successful,361.82
P001958,O001958,Debit Card,Successful,185.46999999999997
P001959,O001959,Cash,Successful,639.1
P001960,O001960,Credit Card,Successful,1446.58
P001961,O001961,Debit Card,Successful,258.54
P001962,O001962,Debit Card,Successful,1019.2699999999999
P001963,O001963,Debit Card,Successful,528.28
P001964,O001964,Wallet,Successful,1267.2
P001965,O001965,Credit Card,Successful,91.12
P001966,O001966,Credit Card,Successful,570.02
P001967,O001967,Wallet,Successful,1204.49
P001968,O001968,Cash,Successful,864.4699999999999
P001969,O001969,Debit Card,Successful,1462.4399999999998
P001970,O001970,Wallet,Successful,298.24
P001971,O001971,Credit Card,Successful,868.0199999999999
P001972,O001972,Cash,Successful,434.88
P001973,O001973,Credit Card,Successful,1309.07
P001974,O001974,Credit Card,Failed,341.49
P001975,O001975,Debit Card,Successful,281.21
P001976,O001976,Wallet,Successful,548.4200000000001
P001977,O001977,UPI,Successful,765.28
P001978,O001978,Credit Card,Successful,1027.87
P001979,O001979,Debit Card,Successful,910.52
P001980,O001980,Wallet,Successful,914.89
P001981,O001981,UPI,Successful,133.32
P001982,O001982,Cash,Successful,634.51
P001983,O001983,Cash,Successful,170.15
P001984,O001984,Credit Card,Successful,279.42
P001985,O001985,Credit Card,Successful,274.06
P001986,O001986,Debit Card,Successful,392.79
P001987,O001987,UPI,Successful,1163.03
P001988,O001988,Credit Card,Successful,1132.5600000000002
P001989,O001989,Credit Card,Successful,1004.4700000000001
P001990,O001990,Cash,Successful,1169.04
P001991,O001991,UPI,Successful,1416.51
P001992,O001992,Debit Card,Successful,822.01
P001993,O001993,UPI,Successful,661.34
P001994,O001994,Credit Card,Successful,1813.65
P001995,O001995,Credit Card,Successful,1179.21
P001996,O001996,Credit Card,Successful,1535.46
P001997,O001997,UPI,Successful,1101.3200000000002
P001998,O001998,Credit Card,Successful,942.1299999999999
P001999,O001999,Wallet,Successful,927.1199999999999
P002000,O002000,Wallet,Successful,1267.38
P002001,O002001,Credit Card,Failed,699.71
P002002,O002002,Cash,Successful,1323.6399999999999
P002003,O002003,UPI,Successful,1339.09
P002004,O002004,Debit Card,Successful,998.1500000000001
P002005,O002005,UPI,Successful,792.16
P002006,O002006,UPI,Successful,1378.3999999999999
P002007,O002007,Credit Card,Successful,322.43
P002008,O002008,Wallet,Failed,1370.04
P002009,O002009,Debit Card,Successful,1282.52
P002010,O002010,UPI,Successful,176.9
P002011,O002011,Debit Card,Successful,1023.3
P002012,O002012,Debit Card,Successful,1144.43
P002013,O002013,Cash,Failed,609.7099999999999
P002014,O002014,Wallet,Successful,171.06
P002015,O002015,Cash,Successful,845.33
P002016,O002016,Wallet,Successful,1253.23
P002017,O002017,Credit Card,Failed,429.38
P002018,O002018,Credit Card,Successful,1381.47
P002019,O002019,Credit Card,Successful,620.99
P002020,O002020,Debit Card,Successful,172.44
P002022,O002022,Wallet,Successful,510.67999999999995
P002023,O002023,UPI,Successful,1644.09
P002024,O002024,Wallet,Successful,1720.51
P002025,O002025,Cash,Successful,351.24
P002026,O002026,Cash,Successful,913.4200000000001
P002027,O002027,Cash,Successful,1446.96
P002028,O002028,Cash,Successful,652.9499999999999
P002029,O002029,Debit Card,Successful,703.3299999999999
P002030,O002030,Cash,Failed,232.65999999999997
P002031,O002031,Debit Card,Successful,1379.54
P002032,O002032,UPI,Successful,770.18
P002033,O002033,Debit Card,Successful,1137.3700000000001
P002034,O002034,Debit Card,Successful,1036.24
P002035,O002035,Debit Card,Successful,315.68
P002036,O002036,Wallet,Successful,363.93
P002037,O002037,Cash,Successful,1613.0
P002038,O002038,UPI,Successful,1317.78
P002039,O002039,Credit Card,Successful,1136.19
P002040,O002040,Wallet,Successful,84.85
P002041,O002041,UPI,Successful,678.89
P002042,O002042,Cash,Successful,993.8599999999999
P002043,O002043,Wallet,Successful,726.8399999999999
P002044,O002044,Credit Card,Successful,1571.59
P002045,O002045,Wallet,Successful,169.24
P002046,O002046,Cash,Successful,1327.99
P002047,O002047,Wallet,Successful,544.49
P002048,O002048,Credit Card,Failed,1071.6399999999999
P002049,O002049,Debit Card,Successful,1016.79
P002050,O002050,Wallet,Successful,884.42
P002051,O002051,Wallet,Successful,316.85
P002052,O002052,Wallet,Successful,1055.71
P002053,O002053,Credit Card,Successful,1459.28
P002054,O002054,Cash,Successful,861.3100000000001
P002055,O002055,Credit Card,Successful,241.85999999999996
P002056,O002056,UPI,Successful,1385.3600000000001
P002057,O002057,UPI,Successful,504.6700000000001
P002058,O002058,Cash,Successful,603.9
P002059,O002059,Cash,Failed,828.51
P002060,O002060,Debit Card,Failed,544.25
P002061,O002061,Cash,Successful,613.7
P002062,O002062,Cash,Failed,1547.3600000000001
P002063,O002063,Cash,Successful,511.33
P002064,O002064,Debit Card,Successful,726.1899999999999
P002065,O002065,UPI,Successful,100.80000000000001
P002066,O002066,Debit Card,Successful,877.67
P002067,O002067,Debit Card,Successful,229.02999999999997
P002068,O002068,UPI,Successful,458.64
P002069,O002069,UPI,Successful,597.75
P002070,O002070,UPI,Successful,203.65000000000003
P002071,O002071,UPI,Successful,640.57
P002072,O002072,UPI,Refunded,991.5
P002073,O002073,Debit Card,Refunded,798.8000000000001
P002074,O002074,Wallet,Successful,503.44999999999993
P002075,O002075,Credit Card,Failed,539.35
P002076,O002076,Debit Card,Failed,1219.6799999999998
P002077,O002077,Credit Card,Successful,1065.1200000000001
P002078,O002078,Wallet,Successful,914.23
P002079,O002079,Debit Card,Successful,1914.61
P002080,O002080,Credit Card,Successful,1699.62
P002081,O002081,Debit Card,Successful,201.34999999999997
P002082,O002082,Cash,Successful,526.84
P002083,O002083,Credit Card,Successful,1401.66
P002084,O002084,UPI,Successful,151.64000000000001
P002085,O002085,Cash,Successful,1110.89
P002086,O002086,Debit Card,Successful,1407.19
P002087,O002087,Wallet,Successful,1176.73
P002088,O002088,Cash,Successful,206.68
P002089,O002089,UPI,Successful,1517.36
P002090,O002090,UPI,Successful,652.3800000000001
P002091,O002091,UPI,Successful,1684.3700000000001
P002092,O002092,Credit Card,Successful,477.7
P002093,O002093,Credit Card,Successful,716.17
P002094,O002094,Credit Card,Successful,1205.29
P002095,O002095,Credit Card,Successful,563.5
P002096,O002096,Credit Card,Successful,382.84
P002097,O002097,Cash,Successful,90.5
P002098,O002098,Debit Card,Successful,771.2800000000001
P002099,O002099,Credit Card,Successful,1606.7399999999998
P002100,O002100,Wallet,Successful,571.48
P002101,O002101,UPI,Successful,148.95999999999998
P002102,O002102,Debit Card,Successful,1030.57
P002103,O002103,Cash,Successful,156.49
P002104,O002104,UPI,Successful,775.94
P002105,O002105,Credit Card,Successful,604.67
P002106,O002106,Wallet,Successful,814.67
P002107,O002107,Credit Card,Successful,344.69
P002108,O002108,Wallet,Successful,206.14999999999998
P002109,O002109,Debit Card,Successful,1382.8999999999999
P002110,O002110,Wallet,Failed,437.9
P002111,O002111,Credit Card,Successful,1374.72
P002112,O002112,UPI,Failed,1483.8799999999999
P002113,O002113,Cash,Successful,369.20000000000005
P002114,O002114,UPI,Successful,1470.57
P002115,O002115,Credit Card,Successful,396.38
P002116,O002116,Cash,Successful,1396.4299999999998
P002117,O002117,UPI,Successful,767.8
P002118,O002118,UPI,Successful,359.95000000000005
P002119,O002119,Debit Card,Successful,1499.25
P002120,O002120,Credit Card,Successful,1819.8600000000001
P002121,O002121,Debit Card,Successful,1060.78
P002122,O002122,Credit Card,Successful,755.25
P002123,O002123,Credit Card,Successful,1278.12
P002124,O002124,Credit Card,Successful,884.8000000000001
P002125,O002125,Wallet,Successful,514.5
P002126,O002126,UPI,Successful,763.81
P002127,O002127,Cash,Successful,1217.0300000000002
P002128,O002128,Credit Card,Successful,1450.24
P002129,O002129,Cash,Successful,1727.6
P002130,O002130,Wallet,Successful,516.0400000000001
P002131,O002131,UPI,Failed,1192.64
P002132,O002132,Credit Card,Successful,175.79
P002133,O002133,UPI,Successful,1131.62
P002134,O002134,Wallet,Successful,841.54
P002135,O002135,UPI,Successful,550.8
P002136,O002136,Wallet,Successful,1133.6299999999999
P002137,O002137,Wallet,Successful,272.72
P002138,O002138,Debit Card,Successful,638.45
P002139,O002139,Cash,Successful,699.6800000000001
P002140,O002140,Credit Card,Successful,1190.1299999999999
P002141,O002141,Cash,Refunded,589.1700000000001
P002142,O002142,Debit Card,Successful,169.51
P002143,O002143,Wallet,Successful,419.39000000000004
P002144,O002144,UPI,Successful,944.8400000000001
P002145,O002145,Debit Card,Successful,98.19
P002146,O002146,Debit Card,Successful,1247.3600000000001
P002147,O002147,Debit Card,Successful,1598.3100000000002
P002148,O002148,Debit Card,Successful,859.0799999999999
P002149,O002149,Wallet,Failed,1390.77
P002150,O002150,Cash,Successful,885.24
P002151,O002151,Wallet,Successful,596.93
P002152,O002152,Credit Card,Successful,407.85
P002153,O002153,Credit Card,Successful,1050.81
P002154,O002154,UPI,Successful,1402.11
P002155,O002155,Wallet,Successful,1269.14
P002156,O002156,Debit Card,Successful,1668.85
P002157,O002157,Credit Card,Successful,1874.18
P002158,O002158,UPI,Successful,297.95
P002159,O002159,Cash,Successful,274.60999999999996
P002160,O002160,Debit Card,Failed,733.49
P002161,O002161,Wallet,Successful,1266.5
P002162,O002162,Credit Card,Successful,903.8299999999999
P002163,O002163,Credit Card,Successful,1289.42
P002164,O002164,UPI,Successful,1059.08
P002165,O002165,Credit Card,Successful,1013.68
P002166,O002166,UPI,Successful,169.14
P002167,O002167,Credit Card,Successful,414.97999999999996
P002168,O002168,Cash,Successful,883.55
P002169,O002169,Debit Card,Successful,1842.4699999999998
P002170,O002170,Wallet,Successful,687.84
P002171,O002171,Debit Card,Successful,975.1100000000001
P002172,O002172,Debit Card,Successful,1431.71
P002173,O002173,Credit Card,Successful,562.74
P002174,O002174,Wallet,Successful,358.83000000000004
P002175,O002175,Wallet,Successful,982.86
P002176,O002176,Cash,Successful,1087.3
P002177,O002177,UPI,Successful,1377.57
P002178,O002178,Wallet,Successful,126.67
P002179,O002179,Debit Card,Successful,725.55
P002180,O002180,Cash,Successful,639.7
P002181,O002181,Credit Card,Successful,986.22
P002182,O002182,Debit Card,Successful,89.74000000000001
P002183,O002183,Cash,Successful,1318.28
P002184,O002184,Debit Card,Failed,986.76
P002185,O002185,Credit Card,Successful,1180.53
P002186,O002186,Wallet,Failed,769.46
P002187,O002187,Debit Card,Failed,940.2900000000001
P002188,O002188,Wallet,Successful,1667.34
P002189,O002189,Credit Card,Successful,477.71999999999997
P002190,O002190,Cash,Successful,371.37
P002191,O002191,Wallet,Successful,1088.69
P002192,O002192,Credit Card,Successful,1350.1100000000001
P002193,O002193,Debit Card,Successful,578.8499999999999
P002194,O002194,Credit Card,Successful,825.1199999999999
P002195,O002195,Debit Card,Successful,459.93999999999994
P002196,O002196,Wallet,Successful,272.56
P002197,O002197,Wallet,Successful,478.15000000000003
P002198,O002198,Debit Card,Successful,1717.1
P002199,O002199,UPI,Successful,1415.95
P002200,O002200,Debit Card,Successful,312.94000000000005
P002201,O002201,Wallet,Successful,187.95000000000002
P002202,O002202,Cash,Successful,267.63
P002203,O002203,Debit Card,Successful,484.96999999999997
P002204,O002204,Wallet,Successful,1448.32
P002205,O002205,Credit Card,Successful,639.95
P002206,O002206,UPI,Successful,332.09000000000003
P002207,O002207,Cash,Successful,812.59
P002208,O002208,Debit Card,Successful,313.84999999999997
P002209,O002209,Debit Card,Successful,746.66
P002210,O002210,Credit Card,Successful,1267.48
P002211,O002211,Credit Card,Successful,648.68
P002212,O002212,Wallet,Successful,334.49
P002213,O002213,Debit Card,Successful,896.86
P002214,O002214,Credit Card,Successful,1430.99
P002215,O002215,Credit Card,Successful,207.5
P002216,O002216,Wallet,Successful,178.98000000000002
P002217,O002217,Wallet,Successful,587.26
P002218,O002218,Cash,Successful,870.65
P002219,O002219,Credit Card,Successful,457.49
P002220,O002220,UPI,Successful,136.14
P002221,O002221,Credit Card,Successful,391.85999999999996
P002222,O002222,Debit Card,Successful,846.6300000000001
P002223,O002223,Cash,Successful,183.07
P002224,O002224,Wallet,Successful,1313.45
P002225,O002225,Wallet,Successful,1082.08
P002226,O002226,Cash,Successful,775.5400000000001
P002227,O002227,UPI,Successful,959.7199999999999
P002228,O002228,Wallet,Successful,1084.53
P002229,O002229,Wallet,Successful,1443.4099999999999
P002230,O002230,UPI,Successful,1128.85
P002231,O002231,Cash,Successful,1049.8400000000001
P002232,O002232,UPI,Successful,1487.87
P002233,O002233,Debit Card,Successful,720.1199999999999
P002234,O002234,Credit Card,Successful,522.38
P002235,O002235,Credit Card,Refunded,550.8100000000001
P002236,O002236,Cash,Successful,651.5699999999999
P002237,O002237,UPI,Successful,81.14
P002238,O002238,Credit Card,Successful,403.04
P002239,O002239,UPI,Successful,247.91000000000003
P002240,O002240,Cash,Successful,1738.8400000000001
P002241,O002241,Wallet,Successful,191.06
P002242,O002242,UPI,Successful,859.5899999999999
P002243,O002243,UPI,Successful,1741.45
P002244,O002244,Credit Card,Successful,1024.27
P002245,O002245,Wallet,Successful,820.44
P002246,O002246,Debit Card,Failed,1465.64
P002247,O002247,Wallet,Successful,683.62
P002248,O002248,Credit Card,Successful,382.12
P002249,O002249,Credit Card,Successful,1234.7399999999998
P002250,O002250,Debit Card,Successful,152.04
P002251,O002251,Wallet,Successful,1551.6
P002252,O002252,Credit Card,Successful,242.10999999999999
P002253,O002253,Wallet,Successful,1250.6899999999998
P002254,O002254,Debit Card,Successful,917.66
P002255,O002255,UPI,Successful,1639.3600000000001
P002256,O002256,Debit Card,Failed,816.62
P002257,O002257,Cash,Successful,1407.1599999999999
P002258,O002258,Wallet,Successful,651.52
P002259,O002259,Cash,Successful,1197.08
P002260,O002260,Credit Card,Successful,1127.79
P002261,O002261,Cash,Successful,194.39
P002262,O002262,Cash,Successful,1489.52
P002263,O002263,Cash,Successful,475.04
P002264,O002264,Wallet,Successful,760.5999999999999
P002265,O002265,Credit Card,Successful,1412.79
P002266,O002266,Wallet,Successful,1333.0700000000002
P002267,O002267,Cash,Successful,1112.15
P002268,O002268,Cash,Successful,987.9999999999999
P002269,O002269,Cash,Successful,796.2199999999999
P002270,O002270,Debit Card,Successful,1262.87
P002271,O002271,Wallet,Successful,1596.6000000000001
P002272,O002272,Cash,Successful,1175.31
P002273,O002273,Credit Card,Successful,790.43
P002274,O002274,UPI,Successful,363.37
P002275,O002275,Debit Card,Successful,441.71999999999997
P002276,O002276,UPI,Successful,1289.16
P002277,O002277,Cash,Successful,1452.37
P002278,O002278,Wallet,Successful,1237.54
P002279,O002279,Wallet,Successful,1427.0
P002280,O002280,Credit Card,Successful,700.95
P002281,O002281,Debit Card,Successful,947.3900000000001
P002282,O002282,Wallet,Successful,867.6400000000001
P002283,O002283,Wallet,Successful,956.6
P002284,O002284,Debit Card,Failed,994.4
P002285,O002285,UPI,Successful,500.6
P002286,O002286,Cash,Successful,1091.77
P002287,O002287,Wallet,Successful,1064.0
P002288,O002288,Debit Card,Successful,1285.9899999999998
P002289,O002289,Wallet,Successful,1136.43
P002290,O002290,Debit Card,Successful,611.11
P002291,O002291,Wallet,Successful,744.1899999999999
P002292,O002292,Wallet,Successful,274.63
P002293,O002293,Wallet,Successful,515.61
P002294,O002294,Credit Card,Successful,1035.59
P002295,O002295,Credit Card,Successful,211.96999999999997
P002296,O002296,Credit Card,Successful,1036.75
P002297,O002297,Credit Card,Successful,781.05
P002298,O002298,UPI,Successful,153.99
P002299,O002299,UPI,Successful,858.24
P002300,O002300,Wallet,Successful,633.6999999999999
P002301,O002301,Cash,Successful,197.38
P002302,O002302,UPI,Successful,481.74
P002303,O002303,Debit Card,Failed,653.81
P002304,O002304,Debit Card,Successful,552.3299999999999
P002305,O002305,Credit Card,Successful,753.51
P002306,O002306,Credit Card,Successful,718.9000000000001
P002307,O002307,Wallet,Successful,210.00000000000003
P002308,O002308,Cash,Successful,85.76
P002309,O002309,Debit Card,Successful,1345.94
P002310,O002310,Credit Card,Successful,584.51
P002311,O002311,Cash,Successful,1086.2399999999998
P002312,O002312,Credit Card,Successful,652.17
P002313,O002313,Wallet,Successful,1851.21
P002314,O002314,Credit Card,Successful,693.8499999999999
P002315,O002315,Debit Card,Successful,1125.1299999999999
P002316,O002316,UPI,Successful,404.83000000000004
P002317,O002317,Credit Card,Successful,768.74
P002318,O002318,Cash,Failed,1152.6200000000001
P002319,O002319,Cash,Successful,399.96000000000004
P002320,O002320,Debit Card,Successful,316.71
P002321,O002321,Wallet,Successful,1504.76
P002322,O002322,Cash,Refunded,1301.4
P002323,O002323,UPI,Successful,1307.8200000000002
P002324,O002324,Wallet,Failed,1265.41
P002325,O002325,Cash,Successful,258.63
P002326,O002326,Cash,Successful,1386.3799999999999
P002327,O002327,Credit Card,Refunded,631.73
P002328,O002328,Cash,Successful,1097.8799999999999
P002329,O002329,Cash,Successful,1520.9
P002330,O002330,UPI,Successful,141.70000000000002
P002331,O002331,UPI,Successful,1139.5700000000002
P002332,O002332,Credit Card,Successful,875.0
P002333,O002333,Debit Card,Successful,874.31
P002334,O002334,UPI,Successful,1729.23
P002335,O002335,Cash,Successful,1314.05
P002336,O002336,Wallet,Successful,200.7
P002337,O002337,Credit Card,Successful,1246.73
P002338,O002338,Debit Card,Successful,917.89
P002339,O002339,UPI,Successful,319.95000000000005
P002340,O002340,Cash,Successful,1435.41
P002341,O002341,Cash,Successful,229.22
P002342,O002342,Wallet,Successful,150.25
P002343,O002343,Cash,Successful,356.54999999999995
P002344,O002344,Debit Card,Successful,479.96999999999997
P002345,O002345,UPI,Successful,159.96999999999997
P002346,O002346,Cash,Successful,938.9200000000001
P002347,O002347,Credit Card,Failed,743.4200000000001
P002348,O002348,UPI,Successful,621.5999999999999
P002349,O002349,Credit Card,Failed,320.14
P002350,O002350,Wallet,Successful,709.65
P002351,O002351,Debit Card,Failed,596.08
P002352,O002352,Cash,Successful,652.54
P002353,O002353,UPI,Successful,367.39
P002354,O002354,Wallet,Successful,258.17
P002355,O002355,UPI,Successful,541.72
P002356,O002356,Cash,Successful,1204.81
P002357,O002357,Cash,Failed,205.3
P002358,O002358,UPI,Successful,603.93
P002359,O002359,Cash,Successful,790.3599999999999
P002360,O002360,Debit Card,Successful,1549.03
P002361,O002361,Credit Card,Successful,1584.57
P002362,O002362,UPI,Successful,1708.77
P002363,O002363,UPI,Successful,1343.77
P002364,O002364,Wallet,Successful,1035.1799999999998
P002365,O002365,Credit Card,Successful,1600.89
P002366,O002366,Credit Card,Successful,1114.72
P002367,O002367,Wallet,Successful,610.69
P002368,O002368,Credit Card,Successful,610.46
P002369,O002369,Credit Card,Successful,1082.3200000000002
P002370,O002370,Debit Card,Successful,1429.14
P002371,O002371,Debit Card,Successful,278.18
P002372,O002372,Credit Card,Successful,150.01999999999998
P002373,O002373,UPI,Successful,1138.72
P002374,O002374,Debit Card,Successful,1278.69
P002375,O002375,Wallet,Successful,1234.9
P002376,O002376,UPI,Successful,1776.1100000000001
P002377,O002377,UPI,Successful,458.59
P002378,O002378,Cash,Successful,433.44
P002379,O002379,UPI,Successful,531.02
P002380,O002380,UPI,Successful,1741.5400000000002
P002381,O002381,Cash,Failed,107.04
P002382,O002382,Credit Card,Successful,87.23
P002383,O002383,Credit Card,Successful,439.74
P002384,O002384,Wallet,Successful,608.97
P002385,O002385,Debit Card,Successful,482.27000000000004
P002386,O002386,Cash,Successful,1633.4099999999999
P002387,O002387,Credit Card,Successful,1203.64
P002388,O002388,Cash,Refunded,1343.48
P002389,O002389,Debit Card,Successful,622.14
P002390,O002390,UPI,Successful,1171.74
P002391,O002391,Cash,Successful,895.8399999999999
P002392,O002392,Credit Card,Successful,953.01
P002393,O002393,Debit Card,Successful,500.68999999999994
P002394,O002394,UPI,Successful,1323.91
P002395,O002395,Cash,Successful,1007.3000000000001
P002396,O002396,Cash,Successful,191.76
P002397,O002397,Debit Card,Successful,75.47999999999999
P002398,O002398,Debit Card,Successful,124.33000000000001
P002399,O002399,Wallet,Successful,207.58
P002400,O002400,UPI,Successful,637.3799999999999
P002401,O002401,Cash,Successful,528.5799999999999
P002402,O002402,Wallet,Successful,305.76
P002403,O002403,Wallet,Successful,952.9399999999999
P002404,O002404,Wallet,Successful,1630.6499999999999
P002405,O002405,Credit Card,Successful,392.0
P002406,O002406,Wallet,Successful,412.18
P002407,O002407,UPI,Successful,772.2
P002408,O002408,UPI,Successful,1169.1499999999999
P002409,O002409,Wallet,Successful,1095.48
P002410,O002410,Debit Card,Successful,1060.68
P002411,O002411,Wallet,Successful,1295.08
P002412,O002412,Credit Card,Successful,1362.58
P002413,O002413,Wallet,Successful,1427.07
P002414,O002414,Wallet,Successful,793.21
P002415,O002415,Debit Card,Successful,1601.8600000000001
P002416,O002416,Debit Card,Successful,1136.91
P002417,O002417,UPI,Successful,1142.64
P002418,O002418,UPI,Successful,1302.72
P002419,O002419,Wallet,Successful,1341.77
P002420,O002420,UPI,Successful,1671.54
P002421,O002421,UPI,Successful,309.41999999999996
P002422,O002422,Wallet,Successful,911.02
P002423,O002423,Cash,Successful,1510.05
P002424,O002424,UPI,Successful,712.05
P002425,O002425,UPI,Successful,504.29
P002426,O002426,Debit Card,Successful,212.66000000000003
P002427,O002427,Wallet,Successful,1002.3900000000001
P002428,O002428,Wallet,Successful,1237.18
P002429,O002429,Debit Card,Successful,451.15000000000003
P002430,O002430,UPI,Failed,966.3100000000001
P002431,O002431,Cash,Successful,1323.4099999999999
P002432,O002432,UPI,Successful,491.41999999999996
P002433,O002433,Wallet,Failed,314.73
P002434,O002434,Cash,Successful,1672.28
P002435,O002435,Debit Card,Successful,1757.38
P002436,O002436,Cash,Successful,426.75
P002437,O002437,Wallet,Successful,1110.6999999999998
P002438,O002438,Wallet,Successful,1089.4
P002439,O002439,Cash,Successful,482.28000000000003
P002440,O002440,Cash,Successful,1428.56
P002441,O002441,UPI,Successful,988.59
P002442,O002442,Credit Card,Successful,1354.65
P002443,O002443,Debit Card,Successful,571.61
P002444,O002444,Credit Card,Successful,1511.69
P002445,O002445,UPI,Successful,507.61
P002446,O002446,Cash,Successful,767.38
P002447,O002447,Wallet,Successful,640.5699999999999
P002448,O002448,Debit Card,Successful,376.47999999999996
P002449,O002449,Wallet,Successful,1407.35
P002450,O002450,Wallet,Successful,265.31
P002451,O002451,Debit Card,Successful,1033.1100000000001
P002452,O002452,UPI,Successful,1309.6100000000001
P002453,O002453,Wallet,Successful,921.3900000000001
P002454,O002454,Debit Card,Successful,546.1800000000001
P002455,O002455,UPI,Successful,1419.34
P002456,O002456,Debit Card,Successful,987.44
P002457,O002457,Credit Card,Successful,367.70000000000005
P002458,O002458,Cash,Successful,700.41
P002459,O002459,Credit Card,Failed,1069.19
P002460,O002460,Credit Card,Successful,1240.78
P002461,O002461,UPI,Successful,870.9100000000001
P002462,O002462,Credit Card,Successful,491.95000000000005
P002463,O002463,Credit Card,Successful,1218.5600000000002
P002464,O002464,UPI,Successful,699.99
P002465,O002465,Debit Card,Successful,441.57000000000005
P002466,O002466,Wallet,Successful,1544.83
P002467,O002467,Credit Card,Successful,537.2
P002468,O002468,Wallet,Successful,523.39
P002469,O002469,Credit Card,Successful,1424.0300000000002
P002470,O002470,Wallet,Successful,310.45
P002471,O002471,UPI,Successful,1060.2
P002472,O002472,Debit Card,Successful,1237.1399999999999
P002473,O002473,Wallet,Successful,446.11
P002474,O002474,Cash,Failed,1487.59
P002475,O002475,Debit Card,Failed,1288.31
P002476,O002476,Cash,Successful,960.01
P002477,O002477,Credit Card,Failed,241.81
P002478,O002478,UPI,Successful,1527.24
P002479,O002479,Credit Card,Successful,1149.19
P002480,O002480,Credit Card,Successful,798.6500000000001
P002481,O002481,Debit Card,Successful,1263.23
P002482,O002482,Cash,Successful,822.63
P002483,O002483,Debit Card,Failed,1105.3600000000001
P002484,O002484,UPI,Successful,1298.98
P002485,O002485,UPI,Successful,698.72
P002486,O002486,Cash,Successful,1151.6599999999999
P002487,O002487,Credit Card,Failed,525.5
P002488,O002488,Debit Card,Successful,1184.35
P002489,O002489,Cash,Successful,884.5699999999999
P002490,O002490,Wallet,Successful,389.98
P002491,O002491,Credit Card,Successful,251.75000000000003
P002492,O002492,Debit Card,Successful,776.45
P002493,O002493,Credit Card,Successful,1161.59
P002494,O002494,Credit Card,Refunded,1135.27
P002495,O002495,UPI,Successful,1387.6100000000001
P002496,O002496,UPI,Successful,630.36
P002497,O002497,Credit Card,Successful,1287.3200000000002
P002498,O002498,Cash,Successful,123.35
P002499,O002499,Wallet,Successful,759.5699999999999
P002500,O002500,Debit Card,Successful,225.57999999999998
P002501,O002501,Cash,Successful,1453.1499999999999
P002502,O002502,Cash,Successful,760.02
P002503,O002503,Debit Card,Successful,558.95
P002504,O002504,Debit Card,Successful,991.34
P002505,O002505,Cash,Successful,913.8600000000001
P002506,O002506,UPI,Successful,1324.4099999999999
P002507,O002507,Wallet,Successful,1084.1499999999999
P002508,O002508,Credit Card,Successful,904.22
P002509,O002509,Credit Card,Successful,1779.3
P002510,O002510,Cash,Successful,1887.44
P002511,O002511,UPI,Successful,165.28
P002512,O002512,Debit Card,Successful,1354.97
P002513,O002513,Wallet,Successful,677.96
P002514,O002514,Debit Card,Successful,1318.22
P002515,O002515,Credit Card,Successful,1072.48
P002516,O002516,Credit Card,Successful,663.7900000000001
P002517,O002517,Cash,Successful,1790.68
P002518,O002518,Credit Card,Successful,552.5699999999999
P002519,O002519,Debit Card,Successful,986.5699999999999
P002520,O002520,Wallet,Successful,1436.06
P002521,O002521,Credit Card,Successful,325.86
P002522,O002522,UPI,Successful,647.97
P002523,O002523,Credit Card,Successful,356.93
P002524,O002524,Cash,Failed,1583.56
P002525,O002525,Wallet,Successful,1551.98
P002526,O002526,Credit Card,Successful,492.35999999999996
P002527,O002527,Wallet,Successful,101.75
P002528,O002528,Debit Card,Successful,732.69
P002529,O002529,Debit Card,Successful,1404.02
P002530,O002530,Wallet,Successful,1244.88
P002531,O002531,Credit Card,Failed,729.62
P002532,O002532,Credit Card,Successful,557.1700000000001
P002533,O002533,Debit Card,Successful,995.49
P002534,O002534,Credit Card,Successful,120.74999999999999
P002535,O002535,Debit Card,Successful,223.12
P002536,O002536,Credit Card,Successful,304.89
P002537,O002537,Wallet,Successful,1063.13
P002538,O002538,UPI,Successful,431.95000000000005
P002539,O002539,Credit Card,Successful,880.9
P002540,O002540,Debit Card,Successful,1028.28
P002541,O002541,UPI,Successful,1599.62
P002542,O002542,Debit Card,Successful,965.2299999999999
P002543,O002543,Cash,Successful,358.93
P002544,O002544,Debit Card,Successful,1426.34
P002545,O002545,Debit Card,Successful,205.45999999999998
P002546,O002546,Wallet,Successful,752.05
P002547,O002547,Cash,Successful,1341.8899999999999
P002548,O002548,Credit Card,Successful,1243.4
P002549,O002549,Credit Card,Successful,1224.44
P002550,O002550,Credit Card,Successful,659.82
P002551,O002551,Wallet,Successful,195.32
P002552,O002552,Cash,Successful,675.6500000000001
P002553,O002553,Debit Card,Successful,818.75
P002554,O002554,UPI,Successful,597.85
P002555,O002555,Credit Card,Successful,474.87
P002556,O002556,Cash,Successful,561.27
P002557,O002557,Wallet,Refunded,1047.5800000000002
P002558,O002558,Credit Card,Successful,1764.8600000000001
P002559,O002559,UPI,Successful,1051.8400000000001
P002560,O002560,Wallet,Successful,1516.5
P002561,O002561,Credit Card,Successful,540.77
P002562,O002562,Wallet,Successful,260.82
P002563,O002563,UPI,Successful,601.25
P002564,O002564,Cash,Successful,796.97
P002565,O002565,Debit Card,Successful,1198.81
P002566,O002566,Debit Card,Successful,1358.08
P002567,O002567,Cash,Successful,1272.96
P002568,O002568,Cash,Successful,485.76
P002569,O002569,Debit Card,Successful,1222.94
P002570,O002570,Debit Card,Successful,731.35
P002571,O002571,UPI,Successful,408.38
P002572,O002572,UPI,Successful,690.15
P002573,O002573,UPI,Successful,982.4099999999999
P002574,O002574,Credit Card,Successful,1403.81
P002575,O002575,Credit Card,Successful,586.26
P002576,O002576,Debit Card,Successful,326.14
P002577,O002577,UPI,Successful,278.22999999999996
P002578,O002578,Cash,Successful,283.53999999999996
P002579,O002579,Cash,Successful,1643.75
P002580,O002580,UPI,Successful,1695.01
P002581,O002581,Credit Card,Successful,1619.42
P002582,O002582,Credit Card,Successful,637.61
P002583,O002583,Wallet,Successful,384.37
P002584,O002584,Debit Card,Successful,1382.56
P002585,O002585,Wallet,Successful,1530.46
P002586,O002586,UPI,Successful,197.76
P002587,O002587,Debit Card,Successful,1437.73
P002588,O002588,Cash,Successful,535.28
P002589,O002589,UPI,Successful,1378.24
P002590,O002590,Credit Card,Successful,250.06999999999996
P002591,O002591,Wallet,Successful,1741.74
P002592,O002592,Credit Card,Successful,84.14
P002593,O002593,Credit Card,Successful,871.14
P002594,O002594,Wallet,Successful,559.58
P002595,O002595,Credit Card,Successful,739.6899999999999
P002596,O002596,Debit Card,Successful,689.0600000000001
P002597,O002597,Debit Card,Successful,1234.73
P002598,O002598,Debit Card,Successful,142.35999999999999
P002599,O002599,Debit Card,Successful,1102.83
P002600,O002600,UPI,Refunded,125.72
P002601,O002601,Wallet,Successful,423.59
P002602,O002602,Wallet,Successful,1233.3999999999999
P002603,O002603,Debit Card,Successful,204.35000000000002
P002604,O002604,Credit Card,Refunded,1491.21
P002605,O002605,Wallet,Successful,1404.73
P002606,O002606,Cash,Successful,1058.21
P002607,O002607,Cash,Failed,532.72
P002608,O002608,Cash,Successful,137.38
P002609,O002609,UPI,Successful,1381.65
P002610,O002610,Credit Card,Successful,287.48
P002611,O002611,UPI,Successful,1549.09
P002612,O002612,Cash,Successful,423.04999999999995
P002613,O002613,Wallet,Successful,681.22
P002614,O002614,Cash,Successful,1278.02
P002615,O002615,UPI,Successful,1430.3400000000001
P002616,O002616,Cash,Successful,99.30000000000001
P002617,O002617,Debit Card,Successful,419.36
P002618,O002618,Debit Card,Successful,1396.71
P002619,O002619,UPI,Successful,394.63
P002620,O002620,Cash,Successful,296.7
P002621,O002621,Debit Card,Successful,185.08
P002622,O002622,Cash,Failed,998.72
P002623,O002623,Debit Card,Refunded,1425.65
P002624,O002624,Wallet,Successful,1701.19
P002625,O002625,Wallet,Successful,588.2
P002626,O002626,UPI,Successful,249.26000000000002
P002627,O002627,Credit Card,Successful,704.24
P002628,O002628,Debit Card,Successful,170.68
P002629,O002629,Debit Card,Successful,610.23
P002630,O002630,UPI,Successful,1206.87
P002631,O002631,Debit Card,Successful,301.52
P002632,O002632,Wallet,Successful,1210.1499999999999
P002633,O002633,UPI,Successful,1556.19
P002634,O002634,Credit Card,Successful,1609.71
P002635,O002635,UPI,Successful,547.02
P002636,O002636,Credit Card,Successful,654.46
P002637,O002637,Wallet,Successful,825.5400000000001
P002638,O002638,UPI,Failed,1220.1799999999998
P002639,O002639,Cash,Successful,1614.9
P002640,O002640,Cash,Successful,1304.3700000000001
P002641,O002641,Wallet,Successful,1061.93
P002642,O002642,Debit Card,Successful,266.53
P002643,O002643,UPI,Successful,1420.94
P002644,O002644,Cash,Successful,1590.9299999999998
P002645,O002645,Debit Card,Successful,1231.1000000000001
P002646,O002646,Wallet,Successful,751.57
P002647,O002647,Cash,Successful,947.02
P002648,O002648,Debit Card,Successful,269.20000000000005
P002649,O002649,UPI,Successful,1682.31
P002650,O002650,Debit Card,Successful,1338.14
P002651,O002651,Cash,Successful,515.75
P002652,O002652,UPI,Successful,1288.22
P002653,O002653,Cash,Successful,403.94
P002654,O002654,UPI,Successful,661.22
P002655,O002655,Credit Card,Failed,478.93999999999994
P002656,O002656,Cash,Failed,822.6700000000001
P002657,O002657,Credit Card,Successful,600.5799999999999
P002658,O002658,Wallet,Successful,605.52
P002659,O002659,UPI,Successful,1600.62
P002660,O002660,Cash,Successful,571.75
P002661,O002661,Wallet,Successful,1249.19
P002662,O002662,Wallet,Successful,1161.06
P002663,O002663,Debit Card,Successful,1421.1399999999999
P002664,O002664,Credit Card,Successful,1623.8700000000001
P002665,O002665,Cash,Successful,285.0
P002666,O002666,UPI,Successful,686.55
P002667,O002667,UPI,Successful,190.37
P002668,O002668,UPI,Successful,842.88
P002669,O002669,Debit Card,Successful,386.43000000000006
P002670,O002670,Wallet,Successful,1018.34
P002671,O002671,Debit Card,Successful,1565.47
P002672,O002672,Debit Card,Failed,1000.5899999999999
P002673,O002673,Wallet,Successful,705.71
P002674,O002674,Wallet,Successful,365.09000000000003
P002675,O002675,Debit Card,Successful,117.44
P002676,O002676,Cash,Successful,1155.35
P002677,O002677,Cash,Successful,121.22
P002678,O002678,Credit Card,Successful,1838.59
P002679,O002679,Credit Card,Successful,1131.29
P002680,O002680,Debit Card,Successful,677.43
P002681,O002681,Credit Card,Successful,156.51999999999998
P002682,O002682,Wallet,Successful,871.39
P002683,O002683,Credit Card,Successful,1479.6499999999999
P002684,O002684,Credit Card,Successful,1775.6200000000001
P002685,O002685,UPI,Successful,246.35000000000002
P002686,O002686,Wallet,Successful,1259.12
P002687,O002687,UPI,Successful,576.02
P002688,O002688,UPI,Successful,607.4
P002689,O002689,Credit Card,Successful,832.68
P002690,O002690,Debit Card,Successful,1795.64
P002691,O002691,Wallet,Successful,349.68
P002692,O002692,Wallet,Failed,306.06
P002693,O002693,UPI,Successful,875.23
P002694,O002694,Wallet,Successful,1211.33
P002695,O002695,Debit Card,Successful,1001.27
P002696,O002696,Credit Card,Successful,731.92
P002697,O002697,Debit Card,Successful,1613.29
P002698,O002698,UPI,Successful,1553.48
P002699,O002699,Wallet,Failed,1527.88
P002700,O002700,Debit Card,Successful,1189.05
P002701,O002701,Debit Card,Successful,1150.6399999999999
P002702,O002702,Cash,Successful,424.39
P002703,O002703,Cash,Successful,326.02
P002704,O002704,Debit Card,Successful,1041.07
P002705,O002705,Wallet,Successful,1622.3100000000002
P002706,O002706,Debit Card,Refunded,1381.74
P002707,O002707,Debit Card,Successful,265.18999999999994
P002708,O002708,Cash,Successful,186.3
P002709,O002709,UPI,Successful,1719.47
P002710,O002710,Credit Card,Successful,1095.04
P002711,O002711,Credit Card,Successful,598.27
P002712,O002712,UPI,Failed,935.0699999999999
P002713,O002713,Credit Card,Successful,452.56999999999994
P002714,O002714,UPI,Successful,1896.91
P002715,O002715,Wallet,Refunded,1428.77
P002716,O002716,Cash,Successful,1480.68
P002717,O002717,Wallet,Successful,326.26
P002718,O002718,Wallet,Successful,1604.39
P002719,O002719,Credit Card,Successful,1016.92
P002720,O002720,Credit Card,Successful,535.07
P002721,O002721,Credit Card,Successful,998.36
P002722,O002722,UPI,Successful,1695.48
P002723,O002723,UPI,Successful,1163.07
P002724,O002724,Wallet,Successful,703.3000000000001
P002725,O002725,Wallet,Refunded,1706.21
P002726,O002726,Debit Card,Successful,543.66
P002727,O002727,UPI,Successful,1634.25
P002728,O002728,Credit Card,Successful,1553.1499999999999
P002729,O002729,Cash,Successful,1386.49
P002730,O002730,UPI,Successful,1213.51
P002731,O002731,Wallet,Successful,263.17999999999995
P002732,O002732,Wallet,Successful,1968.52
P002733,O002733,Wallet,Successful,298.49
P002734,O002734,Credit Card,Refunded,952.1300000000001
P002735,O002735,Wallet,Successful,527.28
P002736,O002736,Debit Card,Successful,388.27
P002737,O002737,UPI,Successful,1154.05
P002738,O002738,Cash,Successful,1486.8
P002739,O002739,Debit Card,Successful,753.8900000000001
P002740,O002740,Credit Card,Successful,200.87
P002741,O002741,Wallet,Successful,1073.91
P002742,O002742,Credit Card,Successful,1109.37
P002743,O002743,Credit Card,Successful,504.48999999999995
P002744,O002744,UPI,Successful,1377.86
P002745,O002745,Credit Card,Successful,192.45
P002746,O002746,Wallet,Successful,761.4300000000001
P002747,O002747,UPI,Successful,903.84
P002748,O002748,UPI,Successful,1321.7
P002749,O002749,Wallet,Successful,632.0500000000001
P002750,O002750,Credit Card,Successful,761.93
P002751,O002751,UPI,Successful,979.4499999999998
P002752,O002752,Wallet,Successful,965.8399999999999
P002753,O002753,Wallet,Successful,1064.77
P002754,O002754,Debit Card,Successful,584.71
P002755,O002755,Debit Card,Successful,976.9099999999999
P002756,O002756,Credit Card,Successful,1307.6599999999999
P002757,O002757,Wallet,Successful,331.07
P002758,O002758,Cash,Successful,523.14
P002759,O002759,Cash,Successful,1352.54
P002760,O002760,Wallet,Successful,1495.3500000000001
P002761,O002761,Debit Card,Successful,1219.57
P002762,O002762,Credit Card,Successful,1120.02
P002763,O002763,Debit Card,Successful,971.0600000000001
P002764,O002764,Cash,Successful,1177.61
P002765,O002765,UPI,Successful,349.7
P002766,O002766,Debit Card,Failed,416.62
P002767,O002767,Wallet,Successful,1804.1699999999998
P002768,O002768,Debit Card,Successful,1848.29
P002769,O002769,Credit Card,Successful,1332.67
P002770,O002770,Cash,Successful,670.78
P002771,O002771,Credit Card,Successful,1188.02
P002772,O002772,UPI,Successful,1258.8899999999999
P002773,O002773,Cash,Successful,874.84
P002774,O002774,Debit Card,Successful,1211.66
P002775,O002775,Credit Card,Successful,150.43
P002776,O002776,Debit Card,Successful,500.7900000000001
P002777,O002777,Credit Card,Successful,1180.14
P002778,O002778,Debit Card,Successful,1799.67
P002779,O002779,Cash,Successful,1252.73
P002780,O002780,Credit Card,Successful,1452.86
P002781,O002781,Credit Card,Successful,402.04
P002782,O002782,UPI,Successful,757.9200000000001
P002783,O002783,UPI,Successful,167.86
P002784,O002784,Cash,Successful,1197.66
P002785,O002785,Cash,Successful,834.97
P002786,O002786,Wallet,Successful,853.21
P002787,O002787,Cash,Successful,1759.96
P002788,O002788,UPI,Successful,644.38
P002789,O002789,UPI,Successful,667.84
P002790,O002790,Debit Card,Successful,292.09
P002791,O002791,Debit Card,Successful,272.01
P002792,O002792,Credit Card,Refunded,992.5
P002793,O002793,UPI,Successful,1273.47
P002794,O002794,UPI,Successful,1106.65
P002795,O002795,Wallet,Successful,1711.31
P002796,O002796,Debit Card,Successful,538.3399999999999
P002797,O002797,Cash,Successful,998.0699999999999
P002798,O002798,Wallet,Successful,1050.27
P002799,O002799,Wallet,Successful,549.77
P002800,O002800,UPI,Successful,789.11
P002801,O002801,Credit Card,Successful,1066.21
P002802,O002802,Cash,Successful,137.05
P002803,O002803,Debit Card,Successful,1632.77
P002804,O002804,Wallet,Successful,283.26
P002805,O002805,UPI,Refunded,149.55
P002806,O002806,UPI,Successful,500.46
P002807,O002807,Cash,Successful,976.82
P002808,O002808,Cash,Failed,664.41
P002809,O002809,UPI,Successful,781.41
P002810,O002810,UPI,Successful,241.03
P002811,O002811,Wallet,Refunded,521.3299999999999
P002812,O002812,Cash,Successful,263.46
P002813,O002813,Wallet,Successful,468.55000000000007
P002814,O002814,Cash,Refunded,1209.87
P002815,O002815,UPI,Failed,1179.96
P002816,O002816,Credit Card,Successful,666.27
P002817,O002817,Wallet,Successful,459.62
P002818,O002818,Debit Card,Successful,1637.57
P002819,O002819,Wallet,Successful,1345.67
P002820,O002820,Wallet,Successful,1436.0400000000002
P002821,O002821,Credit Card,Successful,133.48000000000002
P002822,O002822,UPI,Successful,191.33
P002823,O002823,UPI,Successful,1279.22
P002824,O002824,Debit Card,Successful,343.36
P002825,O002825,UPI,Successful,780.9300000000001
P002826,O002826,Cash,Successful,359.58000000000004
P002827,O002827,Cash,Failed,330.67
P002828,O002828,Debit Card,Successful,267.43
P002829,O002829,Wallet,Successful,919.6699999999998
P002830,O002830,Credit Card,Successful,1056.5700000000002
P002831,O002831,Wallet,Successful,176.54
P002832,O002832,Debit Card,Successful,548.2099999999999
P002833,O002833,UPI,Successful,1024.3300000000002
P002834,O002834,Debit Card,Failed,680.76
P002835,O002835,Wallet,Successful,1174.1799999999998
P002836,O002836,Debit Card,Successful,1132.47
P002837,O002837,Debit Card,Successful,129.92000000000002
P002838,O002838,Wallet,Successful,665.1
P002839,O002839,UPI,Successful,1393.1599999999999
P002840,O002840,Credit Card,Failed,649.89
P002841,O002841,Debit Card,Successful,80.66
P002842,O002842,Debit Card,Successful,611.21
P002843,O002843,Credit Card,Successful,1281.59
P002844,O002844,Cash,Successful,1714.24
P002845,O002845,Credit Card,Successful,1150.1
P002846,O002846,Credit Card,Successful,591.0
P002847,O002847,Wallet,Refunded,984.35
P002848,O002848,Wallet,Successful,523.3
P002849,O002849,Cash,Successful,395.46
P002850,O002850,Debit Card,Successful,871.53
P002851,O002851,Debit Card,Successful,1072.3200000000002
P002852,O002852,UPI,Successful,519.5699999999999
P002853,O002853,Wallet,Successful,1698.31
P002854,O002854,UPI,Successful,297.59
P002855,O002855,Credit Card,Successful,853.9100000000001
P002856,O002856,Cash,Successful,1180.63
P002857,O002857,Credit Card,Successful,491.52
P002858,O002858,Wallet,Successful,535.08
P002859,O002859,Cash,Successful,185.76
P002860,O002860,Debit Card,Successful,1523.69
P002861,O002861,Credit Card,Failed,893.75
P002862,O002862,Wallet,Successful,179.81
P002863,O002863,Debit Card,Successful,1461.45
P002864,O002864,Credit Card,Refunded,859.95
P002865,O002865,UPI,Successful,203.48
P002866,O002866,Debit Card,Successful,901.72
P002867,O002867,Debit Card,Successful,694.12
P002868,O002868,Cash,Successful,294.11
P002869,O002869,Credit Card,Successful,848.48
P002870,O002870,Cash,Successful,614.11
P002871,O002871,Credit Card,Successful,1296.3700000000001
P002872,O002872,UPI,Successful,94.47
P002873,O002873,Wallet,Successful,297.86
P002874,O002874,Credit Card,Successful,1377.29
P002875,O002875,Cash,Successful,779.03
P002876,O002876,Debit Card,Successful,314.83
P002877,O002877,Debit Card,Successful,1450.0900000000001
P002878,O002878,Debit Card,Successful,1692.86
P002879,O002879,Credit Card,Successful,370.26
P002880,O002880,Wallet,Successful,1390.49
P002881,O002881,Credit Card,Successful,1141.01
P002882,O002882,Cash,Successful,1304.48
P002883,O002883,Debit Card,Successful,1361.32
P002884,O002884,Cash,Successful,1346.23
P002885,O002885,UPI,Successful,1613.9099999999999
P002886,O002886,Debit Card,Successful,1701.77
P002887,O002887,Cash,Successful,482.59
P002888,O002888,Wallet,Successful,1298.55
P002889,O002889,Credit Card,Successful,717.35
P002890,O002890,Debit Card,Successful,1119.41
P002891,O002891,Wallet,Successful,1449.24
P002892,O002892,Cash,Successful,872.6800000000001
P002893,O002893,UPI,Successful,155.02
P002894,O002894,Credit Card,Successful,1587.1999999999998
P002895,O002895,Credit Card,Successful,199.70000000000002
P002896,O002896,Credit Card,Successful,754.5799999999999
P002897,O002897,Wallet,Successful,1109.74
P002898,O002898,Debit Card,Successful,252.06
P002899,O002899,Credit Card,Successful,1288.36
P002900,O002900,Debit Card,Successful,367.58
P002901,O002901,Wallet,Successful,1951.27
P002902,O002902,Wallet,Successful,1751.3400000000001
P002903,O002903,Cash,Refunded,879.46
P002904,O002904,Debit Card,Successful,1290.8799999999999
P002905,O002905,Credit Card,Successful,1042.6699999999998
P002906,O002906,Credit Card,Successful,640.09
P002907,O002907,Credit Card,Successful,677.5699999999999
P002908,O002908,Wallet,Successful,1731.5300000000002
P002909,O002909,Credit Card,Successful,1150.71
P002910,O002910,Debit Card,Successful,1622.43
P002911,O002911,Cash,Successful,1018.37
P002912,O002912,Wallet,Successful,581.47
P002913,O002913,Credit Card,Successful,273.09999999999997
P002914,O002914,UPI,Successful,689.89
P002915,O002915,Credit Card,Successful,1289.93
P002916,O002916,UPI,Successful,1070.7
P002917,O002917,Cash,Successful,1194.9299999999998
P002918,O002918,Debit Card,Failed,1236.97
P002919,O002919,Wallet,Successful,262.87
P002920,O002920,Credit Card,Successful,368.63
P002921,O002921,Wallet,Successful,632.12
P002922,O002922,Cash,Successful,624.4200000000001
P002923,O002923,Cash,Successful,159.22000000000003
P002924,O002924,Wallet,Successful,317.08000000000004
P002925,O002925,Credit Card,Successful,1226.52
P002926,O002926,Credit Card,Successful,1119.78
P002927,O002927,Wallet,Successful,610.5
P002928,O002928,Debit Card,Successful,849.79
P002929,O002929,Wallet,Successful,579.55
P002930,O002930,Wallet,Successful,967.3299999999999
P002931,O002931,UPI,Successful,229.54000000000002
P002932,O002932,Debit Card,Successful,1636.4
P002933,O002933,Credit Card,Failed,437.21000000000004
P002934,O002934,Cash,Successful,1437.58
P002935,O002935,Debit Card,Successful,979.8199999999999
P002936,O002936,Wallet,Successful,1014.57
P002937,O002937,Wallet,Successful,1780.5
P002938,O002938,UPI,Successful,357.7
P002939,O002939,Credit Card,Successful,243.14999999999998
P002940,O002940,Debit Card,Successful,530.64
P002941,O002941,Cash,Successful,1491.5800000000002
P002942,O002942,UPI,Successful,126.34
P002943,O002943,Wallet,Successful,541.92
P002944,O002944,Wallet,Successful,904.8599999999999
P002945,O002945,Wallet,Successful,1077.21
P002946,O002946,Debit Card,Successful,493.35
P002947,O002947,UPI,Failed,910.48
P002948,O002948,Cash,Successful,673.93
P002949,O002949,UPI,Successful,204.76000000000002
P002950,O002950,UPI,Successful,1465.7
P002951,O002951,Debit Card,Successful,723.75
P002952,O002952,Debit Card,Failed,1360.38
P002953,O002953,Credit Card,Successful,1139.94
P002954,O002954,Debit Card,Successful,172.39999999999998
P002955,O002955,Cash,Successful,866.6200000000001
P002956,O002956,Credit Card,Failed,1872.5600000000002
P002957,O002957,Debit Card,Successful,636.44
P002958,O002958,Credit Card,Successful,856.2299999999999
P002959,O002959,Wallet,Successful,1177.6299999999999
P002960,O002960,Debit Card,Successful,405.66
P002961,O002961,Debit Card,Successful,1325.7
P002962,O002962,Debit Card,Successful,1165.23
P002963,O002963,Wallet,Successful,777.4699999999999
P002964,O002964,Credit Card,Refunded,633.05
P002965,O002965,Credit Card,Successful,1319.49
P002966,O002966,UPI,Successful,267.29999999999995
P002967,O002967,UPI,Successful,783.27
P002968,O002968,Wallet,Successful,1299.85
P002969,O002969,Wallet,Successful,322.96
P002970,O002970,Debit Card,Successful,1367.6399999999999
P002971,O002971,Cash,Successful,844.6100000000001
P002972,O002972,Wallet,Successful,955.8400000000001
P002973,O002973,Cash,Successful,846.8199999999999
P002974,O002974,Debit Card,Successful,1713.27
P002975,O002975,UPI,Successful,1817.71
P002976,O002976,Cash,Failed,701.26
P002977,O002977,UPI,Successful,1061.85
P002978,O002978,Credit Card,Successful,633.76
P002979,O002979,Credit Card,Successful,767.26
P002980,O002980,Cash,Successful,111.24000000000001
P002981,O002981,Debit Card,Successful,1577.16
P002982,O002982,Debit Card,Successful,1736.79
P002983,O002983,UPI,Successful,1441.12
P002984,O002984,UPI,Successful,1081.8999999999999
P002985,O002985,Cash,Successful,1206.4099999999999
P002986,O002986,Wallet,Successful,1567.21
P002987,O002987,UPI,Successful,963.6299999999999
P002988,O002988,Credit Card,Successful,1551.9099999999999
P002989,O002989,Cash,Successful,128.51
P002990,O002990,UPI,Successful,102.72
P002991,O002991,Wallet,Successful,209.38
P002992,O002992,Wallet,Successful,162.58
P002993,O002993,Cash,Successful,647.77
P002994,O002994,Wallet,Refunded,1514.7399999999998
P002995,O002995,UPI,Successful,1191.15
P002996,O002996,Credit Card,Successful,1172.5
P002997,O002997,Credit Card,Successful,654.25
P002998,O002998,Cash,Successful,904.57
P002999,O002999,UPI,Successful,592.43
P003000,O003000,Credit Card,Successful,974.6700000000001
P003001,O003001,Credit Card,Successful,1066.18
P003002,O003002,Wallet,Successful,894.3199999999999
P003003,O003003,Cash,Successful,840.29
P003004,O003004,Credit Card,Successful,1555.87
P003005,O003005,Debit Card,Successful,472.90999999999997
P003006,O003006,Debit Card,Successful,813.6400000000001
P003007,O003007,Credit Card,Successful,1775.9
P003008,O003008,Cash,Successful,1726.17
P003009,O003009,Debit Card,Successful,99.22
P003010,O003010,UPI,Failed,1049.13
P003011,O003011,Cash,Successful,626.65
P003012,O003012,Credit Card,Successful,503.28000000000003
P003013,O003013,Wallet,Successful,1024.25
P003014,O003014,Wallet,Successful,761.4300000000001
P003015,O003015,UPI,Successful,1225.8300000000002
P003016,O003016,Debit Card,Successful,148.87
P003017,O003017,Debit Card,Successful,1756.09
P003018,O003018,Cash,Successful,1054.5700000000002
P003019,O003019,Debit Card,Successful,1026.32
P003020,O003020,Cash,Successful,1118.0900000000001
P003021,O003021,Credit Card,Successful,1785.11
P003022,O003022,Credit Card,Successful,1926.25
P003023,O003023,Cash,Successful,891.7
P003024,O003024,Debit Card,Successful,1072.65
P003025,O003025,Debit Card,Successful,982.25
P003026,O003026,UPI,Successful,610.8299999999999
P003027,O003027,Wallet,Successful,455.01000000000005
P003028,O003028,Wallet,Failed,796.85
P003029,O003029,Cash,Successful,1039.73
P003030,O003030,UPI,Successful,195.20000000000002
P003031,O003031,Cash,Successful,788.2
P003032,O003032,Wallet,Successful,735.1600000000001
P003033,O003033,Wallet,Successful,865.95
P003034,O003034,Wallet,Successful,1498.39
P003035,O003035,Cash,Successful,137.19
P003036,O003036,Cash,Successful,1439.38
P003037,O003037,Debit Card,Refunded,1132.3500000000001
P003038,O003038,Cash,Successful,477.21
P003039,O003039,Cash,Successful,1279.49
P003040,O003040,Wallet,Successful,738.7199999999999
P003041,O003041,Debit Card,Successful,987.1400000000001
P003042,O003042,UPI,Successful,863.1
P003043,O003043,Debit Card,Successful,1559.59
P003044,O003044,UPI,Successful,1364.79
P003045,O003045,Cash,Successful,1672.06
P003046,O003046,Wallet,Successful,1515.51
P003047,O003047,Wallet,Successful,120.64999999999998
P003048,O003048,UPI,Successful,662.46
P003049,O003049,Cash,Successful,1362.58
P003050,O003050,Wallet,Successful,1175.38
P003051,O003051,UPI,Successful,818.0799999999999
P003052,O003052,UPI,Successful,1364.71
P003053,O003053,Debit Card,Successful,457.67
P003054,O003054,Credit Card,Successful,1066.33
P003055,O003055,Wallet,Successful,1105.8600000000001
P003056,O003056,Credit Card,Successful,1155.08
P003057,O003057,Cash,Failed,1344.6100000000001
P003058,O003058,Wallet,Successful,1713.9899999999998
P003059,O003059,Cash,Successful,473.92
P003060,O003060,UPI,Successful,1461.0
P003061,O003061,Cash,Successful,1009.27
P003062,O003062,Wallet,Failed,1079.45
P003063,O003063,Cash,Failed,753.82
P003064,O003064,Debit Card,Successful,1615.33
P003065,O003065,Cash,Successful,869.54
P003066,O003066,UPI,Successful,289.26
P003067,O003067,Credit Card,Successful,1356.3
P003068,O003068,Debit Card,Successful,277.04
P003069,O003069,Cash,Successful,589.58
P003070,O003070,Cash,Successful,530.69
P003071,O003071,Wallet,Successful,1055.63
P003072,O003072,Credit Card,Successful,660.74
P003073,O003073,Credit Card,Successful,294.56000000000006
P003074,O003074,Debit Card,Successful,1126.46
P003075,O003075,Debit Card,Failed,766.96
P003076,O003076,Debit Card,Successful,746.86
P003077,O003077,UPI,Successful,1561.82
P003078,O003078,Debit Card,Successful,931.28
P003079,O003079,Debit Card,Successful,1347.61
P003080,O003080,Credit Card,Refunded,563.1400000000001
P003081,O003081,Credit Card,Successful,1145.53
P003082,O003082,Wallet,Successful,1294.91
P003083,O003083,Credit Card,Successful,497.86999999999995
P003084,O003084,Credit Card,Successful,994.26
P003085,O003085,Cash,Successful,933.9300000000001
P003086,O003086,Debit Card,Successful,870.23
P003087,O003087,UPI,Successful,1205.43
P003088,O003088,Cash,Successful,584.06
P003089,O003089,Debit Card,Successful,1035.26
P003090,O003090,Credit Card,Successful,857.9799999999999
P003091,O003091,Debit Card,Successful,558.3199999999999
P003092,O003092,Credit Card,Failed,1279.28
P003093,O003093,UPI,Successful,1331.1999999999998
P003094,O003094,Wallet,Successful,488.01
P003095,O003095,Wallet,Successful,1498.15
P003096,O003096,Wallet,Successful,585.5899999999999
P003097,O003097,UPI,Successful,1506.8300000000002
P003098,O003098,UPI,Successful,194.76
P003099,O003099,UPI,Successful,85.41
P003100,O003100,Wallet,Successful,245.32999999999998
P003101,O003101,Debit Card,Successful,1732.34
P003102,O003102,Debit Card,Successful,1065.45
P003103,O003103,Credit Card,Successful,860.3299999999999
P003104,O003104,Wallet,Successful,1368.26
P003105,O003105,Wallet,Successful,149.10999999999999
P003106,O003106,Cash,Successful,738.09
P003107,O003107,UPI,Successful,1116.35
P003108,O003108,Cash,Successful,707.31
P003109,O003109,Wallet,Failed,122.11000000000001
P003110,O003110,Debit Card,Successful,1200.8799999999999
P003111,O003111,Wallet,Successful,673.51
P003112,O003112,Wallet,Successful,104.74
P003113,O003113,Credit Card,Successful,321.57000000000005
P003114,O003114,Cash,Failed,436.52
P003115,O003115,Debit Card,Successful,918.2
P003116,O003116,UPI,Successful,439.87
P003117,O003117,Credit Card,Successful,669.0799999999999
P003118,O003118,UPI,Successful,1204.8600000000001
P003119,O003119,Credit Card,Successful,1183.21
P003120,O003120,Wallet,Successful,1550.76
P003121,O003121,Debit Card,Successful,1007.72
P003122,O003122,Credit Card,Failed,1050.13
P003123,O003123,UPI,Successful,1085.73
P003124,O003124,Debit Card,Successful,1845.77
P003125,O003125,Wallet,Successful,1242.8000000000002
P003126,O003126,UPI,Successful,1109.9699999999998
P003127,O003127,UPI,Successful,909.76
P003128,O003128,UPI,Successful,1343.75
P003129,O003129,Debit Card,Successful,156.68
P003130,O003130,Credit Card,Successful,1383.19
P003131,O003131,Cash,Successful,1020.6600000000001
P003132,O003132,Credit Card,Successful,1035.1699999999998
P003133,O003133,Debit Card,Successful,489.41
P003134,O003134,Credit Card,Successful,77.24
P003135,O003135,Wallet,Successful,162.0
P003136,O003136,Cash,Successful,435.46000000000004
P003137,O003137,Debit Card,Successful,933.8900000000001
P003138,O003138,Debit Card,Successful,193.61
P003139,O003139,Cash,Successful,1395.5900000000001
P003140,O003140,Wallet,Failed,645.6700000000001
P003141,O003141,Credit Card,Successful,577.52
P003142,O003142,Cash,Successful,851.9899999999999
P003143,O003143,Debit Card,Successful,175.11
P003144,O003144,Credit Card,Successful,1302.53
P003145,O003145,UPI,Successful,907.62
P003146,O003146,UPI,Successful,438.54999999999995
P003147,O003147,Debit Card,Successful,345.0
P003148,O003148,UPI,Successful,605.3399999999999
P003149,O003149,Cash,Successful,1144.74
P003150,O003150,Wallet,Successful,749.53
P003151,O003151,Debit Card,Successful,1117.52
P003152,O003152,Wallet,Successful,1078.19
P003153,O003153,UPI,Successful,1476.3500000000001
P003154,O003154,Credit Card,Successful,642.6
P003155,O003155,Debit Card,Successful,1194.37
P003156,O003156,UPI,Successful,267.12
P003157,O003157,Wallet,Successful,773.1700000000001
P003158,O003158,Credit Card,Successful,180.07999999999998
P003159,O003159,Wallet,Successful,474.14
P003160,O003160,Credit Card,Successful,1156.3799999999999
P003161,O003161,UPI,Successful,1404.8999999999999
P003162,O003162,Wallet,Refunded,245.85999999999999
P003163,O003163,UPI,Successful,385.51
P003164,O003164,Debit Card,Successful,1660.21
P003165,O003165,Credit Card,Successful,644.04
P003166,O003166,UPI,Successful,548.04
P003167,O003167,Wallet,Successful,203.71
P003168,O003168,Credit Card,Successful,1405.56
P003169,O003169,UPI,Successful,924.1700000000001
P003170,O003170,UPI,Successful,330.74
P003171,O003171,UPI,Successful,1072.47
P003172,O003172,Credit Card,Successful,894.97
P003173,O003173,Wallet,Successful,1154.5800000000002
P003174,O003174,Debit Card,Successful,1657.0900000000001
P003175,O003175,UPI,Successful,128.87
P003176,O003176,Credit Card,Successful,1366.97
P003177,O003177,Debit Card,Successful,1312.04
P003178,O003178,Cash,Successful,880.8199999999999
P003179,O003179,Wallet,Successful,1477.98
P003180,O003180,Cash,Successful,1056.11
P003181,O003181,Wallet,Successful,1478.27
P003182,O003182,Wallet,Successful,980.41
P003183,O003183,Credit Card,Successful,492.81
P003184,O003184,Debit Card,Failed,1134.1599999999999
P003185,O003185,Debit Card,Successful,363.26000000000005
P003186,O003186,Debit Card,Successful,279.28
P003187,O003187,UPI,Failed,1332.25
P003188,O003188,Cash,Failed,1651.53
P003189,O003189,Cash,Successful,855.6000000000001
P003190,O003190,Debit Card,Successful,1241.69
P003191,O003191,Debit Card,Successful,363.18
P003192,O003192,UPI,Successful,1303.5
P003193,O003193,Wallet,Successful,1331.8200000000002
P003194,O003194,UPI,Successful,170.76999999999998
P003195,O003195,Wallet,Successful,205.99
P003196,O003196,UPI,Successful,1258.98
P003197,O003197,Cash,Successful,695.65
P003198,O003198,UPI,Successful,636.2
P003199,O003199,Debit Card,Successful,1512.1100000000001
P003200,O003200,Cash,Failed,1980.81
P003201,O003201,Debit Card,Successful,1293.37
P003202,O003202,Cash,Successful,1219.3000000000002
P003203,O003203,Debit Card,Successful,449.03
P003204,O003204,Debit Card,Successful,335.74
P003205,O003205,UPI,Successful,1376.1799999999998
P003206,O003206,Debit Card,Failed,1186.5700000000002
P003207,O003207,Wallet,Refunded,1180.87
P003208,O003208,Debit Card,Successful,517.22
P003209,O003209,Wallet,Successful,1481.1499999999999
P003210,O003210,UPI,Successful,175.56
P003211,O003211,Wallet,Failed,571.15
P003212,O003212,Debit Card,Successful,415.5
P003213,O003213,Credit Card,Successful,1419.6799999999998
P003214,O003214,UPI,Successful,1397.7
P003215,O003215,Credit Card,Successful,790.46
P003216,O003216,UPI,Successful,91.67999999999999
P003217,O003217,Debit Card,Successful,1693.66
P003218,O003218,UPI,Successful,1505.81
P003219,O003219,Cash,Successful,415.09999999999997
P003220,O003220,Credit Card,Successful,1585.64
P003221,O003221,Wallet,Successful,1397.47
P003222,O003222,Debit Card,Successful,672.66
P003223,O003223,Credit Card,Successful,438.39
P003224,O003224,Wallet,Successful,1836.5
P003225,O003225,UPI,Successful,155.1
P003226,O003226,Credit Card,Successful,463.6700000000001
P003227,O003227,Wallet,Successful,1104.77
P003228,O003228,Debit Card,Successful,923.09
P003229,O003229,Cash,Successful,1368.01
P003230,O003230,Debit Card,Failed,1136.9299999999998
P003231,O003231,Wallet,Successful,1123.8400000000001
P003232,O003232,Debit Card,Successful,526.78
P003233,O003233,Debit Card,Successful,543.52
P003234,O003234,Cash,Failed,696.8900000000001
P003235,O003235,UPI,Successful,1283.98
P003236,O003236,UPI,Successful,1532.2
P003237,O003237,Credit Card,Successful,804.87
P003238,O003238,Debit Card,Successful,186.5
P003239,O003239,Debit Card,Successful,1353.8899999999999
P003240,O003240,Credit Card,Successful,219.6
P003241,O003241,Cash,Successful,368.01
P003242,O003242,UPI,Successful,1481.54
P003243,O003243,Debit Card,Successful,890.8899999999999
P003244,O003244,Wallet,Successful,677.47
P003245,O003245,Cash,Successful,1567.55
P003246,O003246,Credit Card,Successful,1752.46
P003247,O003247,Credit Card,Refunded,634.98
P003248,O003248,Wallet,Successful,1247.43
P003249,O003249,Credit Card,Successful,1299.66
P003250,O003250,Wallet,Successful,437.16999999999996
P003251,O003251,Debit Card,Refunded,1766.5900000000001
P003252,O003252,UPI,Successful,198.78
P003253,O003253,Wallet,Successful,685.6800000000001
P003254,O003254,Credit Card,Successful,660.46
P003255,O003255,Debit Card,Successful,1404.77
P003256,O003256,UPI,Successful,132.13
P003257,O003257,UPI,Successful,1480.56
P003258,O003258,Debit Card,Successful,1048.53
P003259,O003259,Cash,Successful,476.28
P003260,O003260,Wallet,Failed,1300.4399999999998
P003261,O003261,Wallet,Successful,1112.97
P003262,O003262,Debit Card,Successful,701.51
P003263,O003263,UPI,Successful,136.55
P003264,O003264,Cash,Successful,1121.86
P003265,O003265,Cash,Successful,221.04
P003266,O003266,Cash,Successful,1499.1299999999999
P003267,O003267,Cash,Successful,238.92999999999998
P003268,O003268,UPI,Successful,656.58
P003269,O003269,Debit Card,Successful,724.52
P003270,O003270,Cash,Successful,928.38
P003271,O003271,UPI,Successful,140.74
P003272,O003272,Wallet,Successful,406.09
P003273,O003273,Cash,Successful,405.33000000000004
P003274,O003274,Credit Card,Successful,910.4
P003275,O003275,Credit Card,Successful,587.39
P003276,O003276,UPI,Successful,341.6
P003277,O003277,Wallet,Successful,130.66
P003278,O003278,Wallet,Successful,1691.4099999999999
P003279,O003279,Wallet,Successful,1937.8400000000001
P003280,O003280,Debit Card,Successful,1425.8600000000001
P003281,O003281,UPI,Successful,703.3199999999999
P003282,O003282,Cash,Successful,320.73
P003283,O003283,Cash,Successful,941.8100000000001
P003284,O003284,Cash,Successful,847.12
P003285,O003285,UPI,Successful,825.24
P003286,O003286,UPI,Successful,618.17
P003287,O003287,UPI,Successful,848.5999999999999
P003288,O003288,Cash,Successful,215.14
P003289,O003289,Cash,Failed,156.29
P003290,O003290,UPI,Successful,176.08
P003291,O003291,Cash,Successful,455.42
P003292,O003292,Credit Card,Successful,575.45
P003293,O003293,Wallet,Successful,377.23
P003294,O003294,Debit Card,Successful,499.71999999999997
P003295,O003295,Wallet,Successful,427.19
P003296,O003296,UPI,Successful,368.18
P003297,O003297,Cash,Successful,461.65
P003298,O003298,UPI,Successful,620.96
P003299,O003299,Cash,Successful,1276.27
P003300,O003300,Credit Card,Successful,1475.61
P003301,O003301,Debit Card,Successful,1472.76
P003302,O003302,Wallet,Successful,981.64
P003303,O003303,Wallet,Successful,824.8299999999999
P003304,O003304,Credit Card,Successful,320.13
P003305,O003305,Wallet,Refunded,1605.28
P003306,O003306,Credit Card,Successful,1515.56
P003307,O003307,Wallet,Successful,1626.7900000000002
P003308,O003308,Cash,Successful,417.11999999999995
P003309,O003309,Wallet,Successful,643.9799999999999
P003310,O003310,Cash,Successful,214.70999999999998
P003311,O003311,UPI,Successful,1379.76
P003312,O003312,Credit Card,Successful,468.09000000000003
P003313,O003313,UPI,Successful,1197.4
P003314,O003314,Cash,Successful,312.21000000000004
P003315,O003315,UPI,Successful,1283.48
P003316,O003316,Wallet,Refunded,417.52
P003317,O003317,Cash,Successful,1149.9499999999998
P003318,O003318,Cash,Successful,789.32
P003319,O003319,Cash,Successful,991.1700000000001
P003320,O003320,Debit Card,Successful,452.1700000000001
P003321,O003321,UPI,Successful,1623.09
P003322,O003322,Cash,Successful,1262.8600000000001
P003323,O003323,UPI,Successful,606.12
P003324,O003324,Debit Card,Successful,984.2800000000001
P003325,O003325,Cash,Successful,303.04999999999995
P003326,O003326,UPI,Successful,290.14
P003327,O003327,Cash,Successful,909.36
P003328,O003328,Debit Card,Successful,1228.49
P003329,O003329,Debit Card,Successful,878.8
P003330,O003330,Wallet,Successful,934.0700000000002
P003331,O003331,Cash,Successful,1460.73
P003332,O003332,Debit Card,Successful,1663.1599999999999
P003333,O003333,Debit Card,Refunded,796.7600000000001
P003334,O003334,UPI,Successful,1095.75
P003335,O003335,Credit Card,Successful,1672.67
P003336,O003336,Cash,Successful,900.18
P003337,O003337,UPI,Successful,813.41
P003338,O003338,Wallet,Successful,1103.8200000000002
P003339,O003339,Credit Card,Successful,1266.8799999999999
P003340,O003340,Wallet,Successful,1162.07
P003341,O003341,Cash,Successful,233.95000000000002
P003342,O003342,UPI,Successful,703.6899999999999
P003343,O003343,UPI,Successful,481.26
P003344,O003344,Credit Card,Successful,633.3000000000001
P003345,O003345,Credit Card,Successful,826.19
P003346,O003346,Wallet,Successful,393.71
P003347,O003347,Cash,Successful,878.11
P003348,O003348,Debit Card,Successful,1001.37
P003349,O003349,Cash,Refunded,1681.3799999999999
P003350,O003350,Cash,Successful,472.77
P003351,O003351,Cash,Successful,536.76
P003352,O003352,Debit Card,Failed,780.0
P003353,O003353,Cash,Successful,457.74
P003354,O003354,Cash,Successful,557.3
P003355,O003355,UPI,Successful,1741.0
P003356,O003356,Wallet,Successful,345.12
P003357,O003357,Credit Card,Successful,859.42
P003358,O003358,Debit Card,Successful,507.73
P003359,O003359,UPI,Successful,216.66000000000003
P003360,O003360,Debit Card,Successful,261.26
P003361,O003361,Wallet,Successful,1267.4
P003362,O003362,Credit Card,Successful,1703.8100000000002
P003363,O003363,Wallet,Failed,1157.8600000000001
P003364,O003364,Credit Card,Successful,889.0999999999999
P003365,O003365,Debit Card,Successful,1542.1399999999999
P003366,O003366,Cash,Successful,330.74
P003367,O003367,Debit Card,Successful,1390.52
P003368,O003368,Credit Card,Successful,861.6800000000001
P003369,O003369,Credit Card,Successful,1455.1
P003370,O003370,Credit Card,Successful,507.12
P003371,O003371,Debit Card,Successful,1379.27
P003372,O003372,Cash,Successful,1118.88
P003373,O003373,Wallet,Successful,111.89999999999999
P003374,O003374,Wallet,Failed,774.4599999999999
P003375,O003375,Wallet,Successful,681.43
P003376,O003376,UPI,Successful,167.57
P003377,O003377,Wallet,Successful,683.15
P003378,O003378,Wallet,Successful,683.92
P003379,O003379,UPI,Successful,346.86
P003380,O003380,UPI,Successful,648.2900000000001
P003381,O003381,Credit Card,Successful,337.32
P003382,O003382,Credit Card,Successful,544.06
P003383,O003383,Wallet,Successful,260.08
P003384,O003384,UPI,Successful,198.62
P003385,O003385,Credit Card,Successful,1793.1299999999999
P003386,O003386,Cash,Successful,1601.57
P003387,O003387,Cash,Successful,1186.52
P003388,O003388,Debit Card,Successful,528.82
P003389,O003389,Debit Card,Successful,1362.5700000000002
P003390,O003390,Debit Card,Successful,974.37
P003391,O003391,Wallet,Failed,191.39000000000001
P003392,O003392,Credit Card,Successful,1517.92
P003393,O003393,UPI,Successful,1568.97
P003394,O003394,Credit Card,Successful,1117.87
P003395,O003395,Wallet,Successful,448.97
P003396,O003396,UPI,Successful,980.1500000000001
P003397,O003397,Debit Card,Successful,241.89999999999998
P003398,O003398,Wallet,Failed,638.62
P003399,O003399,Wallet,Successful,1164.15
P003400,O003400,UPI,Successful,486.7099999999999
P003401,O003401,Credit Card,Successful,301.92
P003402,O003402,Debit Card,Successful,112.61
P003403,O003403,UPI,Successful,1007.48
P003404,O003404,Cash,Successful,1517.68
P003405,O003405,Debit Card,Successful,1006.62
P003406,O003406,UPI,Successful,388.71999999999997
P003407,O003407,Debit Card,Failed,897.4200000000001
P003408,O003408,UPI,Successful,1024.24
P003409,O003409,Cash,Successful,1152.1999999999998
P003410,O003410,Wallet,Successful,673.52
P003411,O003411,Debit Card,Successful,347.04
P003412,O003412,Cash,Successful,389.81000000000006
P003413,O003413,Cash,Successful,1713.02
P003414,O003414,UPI,Successful,514.5600000000001
P003415,O003415,Cash,Successful,1292.25
P003416,O003416,Credit Card,Successful,482.27
P003417,O003417,Cash,Successful,1130.02
P003418,O003418,Wallet,Successful,232.32
P003419,O003419,Cash,Successful,414.69
P003420,O003420,Credit Card,Successful,720.96
P003421,O003421,Wallet,Successful,789.9799999999999
P003422,O003422,UPI,Successful,568.0
P003423,O003423,Credit Card,Successful,897.95
P003424,O003424,Debit Card,Successful,606.8800000000001
P003425,O003425,Wallet,Successful,1361.91
P003426,O003426,UPI,Successful,963.79
P003427,O003427,UPI,Successful,1171.18
P003428,O003428,Wallet,Successful,743.1
P003429,O003429,UPI,Successful,1315.6799999999998
P003430,O003430,Credit Card,Successful,732.03
P003431,O003431,UPI,Successful,492.85
P003432,O003432,UPI,Successful,1101.73
P003433,O003433,Wallet,Successful,1051.46
P003434,O003434,Wallet,Successful,1026.91
P003435,O003435,Debit Card,Successful,1388.98
P003436,O003436,Cash,Successful,917.56
P003437,O003437,Wallet,Successful,1699.76
P003438,O003438,Wallet,Successful,1066.3899999999999
P003439,O003439,UPI,Successful,108.32999999999998
P003440,O003440,Wallet,Successful,1735.41
P003441,O003441,Wallet,Successful,1674.47
P003442,O003442,Cash,Successful,164.43
P003443,O003443,Debit Card,Successful,319.52000000000004
P003444,O003444,UPI,Successful,1000.68
P003445,O003445,UPI,Successful,179.03
P003446,O003446,Credit Card,Successful,622.97
P003447,O003447,Credit Card,Successful,1569.8600000000001
P003448,O003448,UPI,Successful,340.03999999999996
P003449,O003449,UPI,Successful,416.40999999999997
P003450,O003450,Credit Card,Successful,1042.29
P003451,O003451,UPI,Successful,137.67000000000002
P003452,O003452,Cash,Successful,1580.11
P003453,O003453,Cash,Successful,367.94000000000005
P003454,O003454,Cash,Failed,921.26
P003455,O003455,Wallet,Successful,441.67999999999995
P003456,O003456,Wallet,Successful,979.2900000000002
P003457,O003457,Cash,Successful,1093.5
P003458,O003458,Debit Card,Successful,1573.12
P003459,O003459,UPI,Successful,723.0
P003460,O003460,Cash,Successful,1240.58
P003461,O003461,UPI,Successful,974.6199999999999
P003462,O003462,Debit Card,Successful,1439.91
P003463,O003463,Debit Card,Failed,488.2900000000001
P003464,O003464,Debit Card,Successful,886.5899999999999
P003465,O003465,Credit Card,Successful,603.29
P003466,O003466,Debit Card,Successful,209.67999999999998
P003467,O003467,Debit Card,Successful,866.7199999999999
P003468,O003468,Cash,Successful,1509.06
P003469,O003469,Debit Card,Successful,960.67
P003470,O003470,UPI,Successful,531.8
P003471,O003471,Cash,Successful,451.31999999999994
P003472,O003472,Credit Card,Successful,485.9
P003473,O003473,Wallet,Successful,1877.05
P003474,O003474,Wallet,Successful,676.48
P003475,O003475,Credit Card,Successful,574.28
P003476,O003476,Credit Card,Successful,673.0
P003477,O003477,UPI,Successful,247.19
P003478,O003478,Debit Card,Successful,345.61
P003479,O003479,Wallet,Successful,798.3300000000002
P003480,O003480,Debit Card,Successful,1284.85
P003481,O003481,Wallet,Successful,1518.5900000000001
P003482,O003482,Wallet,Successful,1734.7099999999998
P003483,O003483,Cash,Successful,1720.1599999999999
P003484,O003484,UPI,Successful,264.99
P003485,O003485,Cash,Successful,174.67000000000002
P003486,O003486,UPI,Successful,232.58999999999997
P003487,O003487,Cash,Successful,1049.1000000000001
P003488,O003488,Wallet,Successful,855.5200000000001
P003489,O003489,UPI,Successful,1103.07
P003490,O003490,Wallet,Refunded,612.23
P003491,O003491,UPI,Failed,800.59
P003492,O003492,Credit Card,Successful,1077.6299999999999
P003493,O003493,Cash,Successful,234.36
P003494,O003494,UPI,Successful,1457.79
P003495,O003495,Credit Card,Failed,1350.54
P003496,O003496,Credit Card,Successful,641.77
P003497,O003497,Debit Card,Successful,1340.53
P003498,O003498,Debit Card,Successful,827.9
P003499,O003499,Credit Card,Successful,420.27
P003500,O003500,Credit Card,Successful,183.78
P003501,O003501,UPI,Successful,492.92
P003502,O003502,UPI,Successful,1005.0799999999999
P003503,O003503,Credit Card,Successful,145.04
P003504,O003504,Debit Card,Successful,1292.6399999999999
P003505,O003505,Credit Card,Successful,1812.05
P003506,O003506,Credit Card,Successful,189.92999999999998
P003507,O003507,Cash,Successful,467.75
P003508,O003508,Credit Card,Successful,1048.81
P003509,O003509,Cash,Successful,1461.56
P003510,O003510,UPI,Successful,668.34
P003511,O003511,Credit Card,Successful,775.5600000000001
P003512,O003512,Credit Card,Successful,1459.54
P003513,O003513,Credit Card,Successful,751.21
P003514,O003514,Wallet,Failed,248.64
P003515,O003515,Wallet,Successful,1730.9499999999998
P003516,O003516,UPI,Successful,329.80999999999995
P003517,O003517,Debit Card,Successful,178.16
P003518,O003518,UPI,Successful,653.06
P003519,O003519,UPI,Successful,314.73999999999995
P003520,O003520,Wallet,Successful,1883.21
P003521,O003521,UPI,Successful,673.87
P003522,O003522,Cash,Successful,1266.15
P003523,O003523,Wallet,Successful,333.62
P003524,O003524,Credit Card,Failed,304.43
P003525,O003525,Debit Card,Successful,1078.1200000000001
P003526,O003526,UPI,Successful,1686.1200000000001
P003527,O003527,Debit Card,Successful,265.1
P003528,O003528,UPI,Successful,1143.59
P003529,O003529,Debit Card,Successful,188.58999999999997
P003530,O003530,Cash,Successful,1308.87
P003531,O003531,Wallet,Successful,1518.08
P003532,O003532,Cash,Successful,1198.72
P003533,O003533,Cash,Successful,1235.12
P003534,O003534,Debit Card,Successful,157.27
P003535,O003535,Credit Card,Successful,221.51999999999998
P003536,O003536,Debit Card,Successful,424.31
P003537,O003537,Cash,Refunded,563.0799999999999
P003538,O003538,Cash,Successful,1175.8
P003539,O003539,Debit Card,Successful,681.6400000000001
P003540,O003540,UPI,Failed,217.76
P003541,O003541,Wallet,Successful,1316.8899999999999
P003542,O003542,Wallet,Successful,1790.1
P003543,O003543,Wallet,Successful,817.3199999999999
P003544,O003544,UPI,Successful,1065.86
P003545,O003545,UPI,Successful,195.95
P003546,O003546,UPI,Successful,649.26
P003547,O003547,Cash,Successful,782.1899999999999
P003548,O003548,UPI,Successful,1726.71
P003549,O003549,UPI,Successful,1158.28
P003550,O003550,Credit Card,Successful,1217.8000000000002
P003551,O003551,Debit Card,Successful,258.88
P003552,O003552,Wallet,Successful,699.68
P003553,O003553,Credit Card,Successful,433.90999999999997
P003554,O003554,Wallet,Successful,1548.9499999999998
P003555,O003555,UPI,Successful,360.61
P003556,O003556,UPI,Successful,755.35
P003557,O003557,Debit Card,Successful,162.72
P003558,O003558,Credit Card,Successful,1298.8300000000002
P003559,O003559,Debit Card,Successful,792.71
P003560,O003560,Debit Card,Successful,974.1100000000001
P003561,O003561,UPI,Successful,222.62
P003562,O003562,Cash,Successful,807.5899999999999
P003563,O003563,Cash,Successful,891.1700000000001
P003564,O003564,Debit Card,Failed,1693.18
P003565,O003565,Debit Card,Successful,146.08
P003566,O003566,Wallet,Successful,1611.26
P003567,O003567,Debit Card,Successful,851.23
P003568,O003568,Debit Card,Successful,461.79
P003569,O003569,Debit Card,Refunded,983.16
P003570,O003570,Wallet,Successful,918.72
P003571,O003571,UPI,Successful,519.1700000000001
P003572,O003572,Cash,Successful,904.76
P003573,O003573,UPI,Refunded,854.08
P003574,O003574,Wallet,Successful,1008.8000000000002
P003575,O003575,Wallet,Successful,1244.25
P003576,O003576,Credit Card,Successful,931.03
P003577,O003577,Cash,Successful,656.26
P003578,O003578,Cash,Successful,191.59
P003579,O003579,Debit Card,Successful,763.74
P003581,O003581,UPI,Successful,180.75
P003582,O003582,UPI,Successful,516.6800000000001
P003583,O003583,Cash,Refunded,199.88
P003584,O003584,Wallet,Successful,1127.4
P003585,O003585,Wallet,Successful,901.96
P003586,O003586,Debit Card,Successful,1551.04
P003587,O003587,Credit Card,Successful,588.83
P003588,O003588,Cash,Successful,599.5799999999999
P003589,O003589,Credit Card,Successful,1015.12
P003590,O003590,UPI,Refunded,1546.26
P003591,O003591,UPI,Successful,1278.41
P003592,O003592,Wallet,Successful,1074.77
P003593,O003593,Wallet,Successful,1250.05
P003594,O003594,Credit Card,Successful,1066.63
P003595,O003595,Debit Card,Successful,708.85
P003596,O003596,Wallet,Successful,911.9699999999999
P003597,O003597,Cash,Successful,722.4300000000001
P003598,O003598,Cash,Successful,475.05
P003599,O003599,Credit Card,Successful,1074.4099999999999
P003600,O003600,UPI,Successful,1683.13
P003601,O003601,UPI,Successful,574.05
P003602,O003602,Debit Card,Successful,1361.6899999999998
P003603,O003603,UPI,Successful,738.77
P003604,O003604,Credit Card,Successful,595.6500000000001
P003605,O003605,Wallet,Successful,1023.6599999999999
P003606,O003606,Debit Card,Successful,1389.6100000000001
P003607,O003607,Debit Card,Successful,673.09
P003608,O003608,Cash,Successful,1093.1
P003609,O003609,Debit Card,Successful,612.3699999999999
P003610,O003610,UPI,Successful,1523.0
P003611,O003611,Debit Card,Successful,1298.82
P003612,O003612,Wallet,Successful,1368.58
P003613,O003613,UPI,Successful,1920.8100000000002
P003614,O003614,Credit Card,Successful,364.43
P003615,O003615,Cash,Successful,651.5699999999999
P003616,O003616,Credit Card,Successful,935.1299999999999
P003617,O003617,Debit Card,Successful,1060.44
P003618,O003618,UPI,Successful,1552.13
P003619,O003619,UPI,Successful,147.10999999999999
P003620,O003620,Wallet,Successful,1065.1299999999999
P003621,O003621,Credit Card,Successful,1355.8700000000001
P003622,O003622,Cash,Successful,201.7
P003623,O003623,Wallet,Successful,1009.9
P003624,O003624,UPI,Successful,411.4
P003625,O003625,Credit Card,Successful,1419.57
P003626,O003626,Wallet,Successful,156.15
P003627,O003627,Wallet,Successful,369.28
P003628,O003628,Wallet,Successful,273.25
P003629,O003629,Wallet,Successful,208.59
P003630,O003630,Debit Card,Successful,1216.8400000000001
P003631,O003631,Debit Card,Successful,1686.91
P003632,O003632,Wallet,Successful,937.0099999999999
P003633,O003633,UPI,Successful,416.38
P003634,O003634,Wallet,Successful,682.73
P003635,O003635,Cash,Successful,685.95
P003636,O003636,Wallet,Successful,739.81
P003637,O003637,Cash,Successful,832.35
P003638,O003638,Debit Card,Successful,1361.1100000000001
P003639,O003639,Credit Card,Successful,688.33
P003640,O003640,Debit Card,Successful,983.8000000000002
P003641,O003641,Debit Card,Successful,1132.7099999999998
P003642,O003642,Wallet,Successful,184.73999999999998
P003643,O003643,UPI,Successful,1811.3100000000002
P003644,O003644,Debit Card,Failed,388.58
P003645,O003645,Wallet,Successful,771.76
P003646,O003646,Cash,Successful,1381.42
P003647,O003647,UPI,Successful,434.15999999999997
P003648,O003648,Credit Card,Successful,131.42000000000002
P003649,O003649,Debit Card,Successful,834.7199999999999
P003650,O003650,UPI,Successful,420.82000000000005
P003651,O003651,Wallet,Successful,1173.11
P003652,O003652,UPI,Successful,1440.76
P003653,O003653,Debit Card,Successful,971.29
P003654,O003654,Cash,Successful,1263.08
P003655,O003655,UPI,Successful,1341.65
P003656,O003656,Cash,Successful,1645.51
P003657,O003657,Credit Card,Successful,1044.58
P003658,O003658,Wallet,Successful,1760.83
P003659,O003659,Wallet,Successful,823.79
P003660,O003660,Wallet,Successful,178.39000000000001
P003661,O003661,Wallet,Successful,806.42
P003662,O003662,Cash,Successful,1562.84
P003663,O003663,Cash,Successful,334.84
P003664,O003664,Credit Card,Refunded,1157.6299999999999
P003665,O003665,Credit Card,Failed,813.45
P003666,O003666,Credit Card,Successful,1575.17
P003667,O003667,Cash,Successful,1121.6
P003668,O003668,UPI,Successful,1181.92
P003669,O003669,Credit Card,Successful,1545.81
P003670,O003670,Debit Card,Successful,1559.9299999999998
P003671,O003671,Credit Card,Successful,626.77
P003672,O003672,Cash,Successful,1339.6200000000001
P003673,O003673,UPI,Successful,158.39000000000001
P003674,O003674,Credit Card,Successful,1136.0500000000002
P003675,O003675,UPI,Successful,596.8399999999999
P003676,O003676,Credit Card,Successful,767.71
P003677,O003677,Wallet,Failed,1405.96
P003678,O003678,Credit Card,Successful,1006.6099999999999
P003679,O003679,Cash,Successful,764.1600000000001
P003680,O003680,Credit Card,Successful,318.98
P003681,O003681,Debit Card,Successful,1752.09
P003682,O003682,Debit Card,Successful,697.96
P003683,O003683,Wallet,Successful,234.95999999999998
P003684,O003684,Credit Card,Successful,1002.1100000000001
P003685,O003685,Wallet,Successful,671.91
P003686,O003686,Wallet,Successful,1168.26
P003687,O003687,Cash,Successful,389.13
P003688,O003688,Debit Card,Successful,646.48
P003689,O003689,Credit Card,Successful,1934.34
P003690,O003690,Cash,Successful,1554.3600000000001
P003691,O003691,Cash,Successful,1578.9199999999998
P003692,O003692,Cash,Successful,1450.11
P003693,O003693,UPI,Successful,289.89
P003694,O003694,UPI,Successful,739.5999999999999
P003695,O003695,Credit Card,Successful,1478.77
P003696,O003696,UPI,Successful,564.8
P003697,O003697,UPI,Successful,127.69
P003698,O003698,Debit Card,Failed,666.81
P003699,O003699,UPI,Successful,712.3399999999999
P003700,O003700,Debit Card,Successful,188.44
P003701,O003701,UPI,Successful,499.69999999999993
P003702,O003702,Cash,Successful,1402.09
P003703,O003703,Cash,Successful,494.75999999999993
P003704,O003704,Wallet,Successful,974.6000000000001
P003705,O003705,Cash,Successful,1013.1700000000001
P003706,O003706,Debit Card,Successful,1235.02
P003707,O003707,Debit Card,Successful,1195.74
P003708,O003708,Debit Card,Successful,321.44
P003709,O003709,UPI,Successful,297.13
P003710,O003710,Credit Card,Successful,1139.43
P003711,O003711,Wallet,Successful,173.26999999999998
P003712,O003712,Cash,Successful,680.83
P003713,O003713,Wallet,Successful,623.3
P003714,O003714,UPI,Successful,362.53
P003715,O003715,Credit Card,Successful,554.98
P003716,O003716,Wallet,Successful,676.1999999999999
P003717,O003717,Cash,Successful,87.52000000000001
P003718,O003718,UPI,Successful,1433.65
P003719,O003719,Credit Card,Successful,1832.8400000000001
P003720,O003720,Cash,Successful,645.39
P003721,O003721,Credit Card,Successful,223.61999999999998
P003722,O003722,Credit Card,Successful,1465.6
P003723,O003723,Wallet,Successful,1409.22
P003724,O003724,Debit Card,Successful,1716.9
P003725,O003725,Debit Card,Successful,559.51
P003726,O003726,Debit Card,Successful,946.0600000000001
P003727,O003727,Debit Card,Successful,1608.67
P003728,O003728,Debit Card,Successful,794.81
P003729,O003729,Credit Card,Successful,1351.21
P003730,O003730,UPI,Successful,1290.4199999999998
P003731,O003731,Wallet,Failed,1211.95
P003732,O003732,Credit Card,Successful,1542.54
P003733,O003733,Wallet,Successful,655.0699999999999
P003734,O003734,Debit Card,Successful,434.74
P003735,O003735,Cash,Successful,185.44
P003736,O003736,Debit Card,Successful,1648.76
P003737,O003737,Wallet,Successful,540.63
P003738,O003738,Credit Card,Successful,172.89
P003739,O003739,Credit Card,Failed,1478.82
P003740,O003740,Debit Card,Successful,918.43
P003741,O003741,Wallet,Successful,1436.94
P003742,O003742,Cash,Successful,972.9
P003743,O003743,Credit Card,Successful,681.63
P003744,O003744,Cash,Successful,328.10999999999996
P003745,O003745,Debit Card,Failed,772.54
P003746,O003746,UPI,Successful,108.19
P003747,O003747,Credit Card,Successful,965.9200000000001
P003748,O003748,Debit Card,Successful,847.2299999999999
P003749,O003749,Debit Card,Successful,328.86
P003750,O003750,Cash,Successful,996.02
P003751,O003751,Debit Card,Successful,1247.35
P003752,O003752,Cash,Failed,1382.77
P003753,O003753,Credit Card,Failed,984.48
P003754,O003754,Credit Card,Successful,344.62
P003755,O003755,Wallet,Failed,1179.3
P003756,O003756,UPI,Failed,1100.67
P003757,O003757,Credit Card,Successful,1433.83
P003758,O003758,UPI,Successful,1046.98
P003759,O003759,Wallet,Successful,627.71
P003760,O003760,Credit Card,Successful,1794.7
P003761,O003761,Cash,Successful,1119.1299999999999
P003762,O003762,Debit Card,Successful,124.08
P003763,O003763,UPI,Refunded,723.1400000000001
P003764,O003764,Debit Card,Successful,97.77
P003765,O003765,UPI,Successful,1238.04
P003766,O003766,Wallet,Successful,833.99
P003767,O003767,Credit Card,Successful,301.61
P003768,O003768,Wallet,Successful,1246.0700000000002
P003769,O003769,Wallet,Successful,918.59
P003770,O003770,UPI,Successful,285.97999999999996
P003771,O003771,Debit Card,Successful,359.87
P003772,O003772,Cash,Successful,1648.45
P003773,O003773,Debit Card,Successful,715.92
P003774,O003774,Wallet,Successful,1449.2199999999998
P003775,O003775,Cash,Successful,182.15
P003776,O003776,Cash,Failed,516.8900000000001
P003777,O003777,Credit Card,Refunded,1282.39
P003778,O003778,Cash,Successful,1029.65
P003779,O003779,UPI,Successful,539.85
P003780,O003780,Debit Card,Successful,1545.8000000000002
P003781,O003781,Cash,Successful,413.82
P003782,O003782,Cash,Successful,1343.61
P003783,O003783,Debit Card,Successful,1278.79
P003784,O003784,Debit Card,Refunded,285.53
P003785,O003785,UPI,Successful,820.02
P003786,O003786,Debit Card,Successful,1492.37
P003787,O003787,Credit Card,Successful,1076.9
P003788,O003788,Credit Card,Refunded,913.07
P003789,O003789,Cash,Successful,771.0699999999999
P003790,O003790,Credit Card,Successful,1314.78
P003791,O003791,UPI,Successful,1374.36
P003792,O003792,Wallet,Successful,1290.76
P003793,O003793,Wallet,Successful,1399.54
P003794,O003794,Cash,Successful,403.11
P003795,O003795,Credit Card,Failed,1544.06
P003796,O003796,UPI,Successful,158.18
P003797,O003797,Debit Card,Successful,1435.1
P003798,O003798,Debit Card,Successful,450.5
P003799,O003799,Wallet,Successful,772.93
P003800,O003800,Credit Card,Successful,1097.94
P003801,O003801,Credit Card,Successful,1315.29
P003802,O003802,Debit Card,Successful,1367.78
P003803,O003803,Credit Card,Successful,450.52
P003804,O003804,Credit Card,Successful,462.09000000000003
P003805,O003805,Debit Card,Successful,1406.9699999999998
P003806,O003806,Credit Card,Failed,457.89
P003807,O003807,Wallet,Failed,973.7
P003808,O003808,Debit Card,Failed,1414.83
P003809,O003809,Credit Card,Successful,1695.72
P003810,O003810,Credit Card,Successful,843.3100000000001
P003811,O003811,Cash,Failed,1032.9
P003812,O003812,Debit Card,Successful,1041.74
P003813,O003813,Debit Card,Successful,624.21
P003814,O003814,Debit Card,Successful,314.33
P003815,O003815,Wallet,Successful,1484.03
P003816,O003816,Debit Card,Successful,247.32999999999998
P003817,O003817,Credit Card,Successful,1063.3899999999999
P003818,O003818,Wallet,Successful,1118.72
P003819,O003819,UPI,Successful,696.3599999999999
P003820,O003820,Debit Card,Successful,274.39
P003821,O003821,UPI,Failed,1336.69
P003822,O003822,Wallet,Successful,849.3
P003823,O003823,Credit Card,Successful,1397.65
P003824,O003824,Credit Card,Successful,107.89999999999999
P003825,O003825,Credit Card,Successful,196.01
P003826,O003826,Debit Card,Successful,371.63
P003827,O003827,UPI,Successful,280.92
P003828,O003828,Cash,Successful,343.46000000000004
P003829,O003829,Cash,Successful,1107.3899999999999
P003830,O003830,Cash,Successful,169.06
P003831,O003831,Cash,Successful,141.35
P003832,O003832,Cash,Successful,148.91
P003833,O003833,Debit Card,Successful,1420.62
P003834,O003834,Credit Card,Successful,827.0800000000002
P003835,O003835,UPI,Successful,606.08
P003836,O003836,Credit Card,Successful,1118.25
P003837,O003837,Wallet,Successful,871.4999999999999
P003838,O003838,Debit Card,Successful,87.25
P003839,O003839,Cash,Successful,1256.25
P003840,O003840,Cash,Successful,560.57
P003841,O003841,Wallet,Successful,648.1199999999999
P003842,O003842,Wallet,Successful,1181.0
P003843,O003843,Cash,Successful,386.92
P003844,O003844,Cash,Successful,93.83
P003845,O003845,UPI,Successful,1644.1599999999999
P003846,O003846,Cash,Successful,786.46
P003847,O003847,Cash,Successful,567.29
P003848,O003848,Wallet,Successful,1623.3300000000002
P003849,O003849,UPI,Successful,134.35000000000002
P003850,O003850,Cash,Refunded,459.44
P003851,O003851,Wallet,Refunded,378.96000000000004
P003852,O003852,UPI,Successful,1314.94
P003853,O003853,Cash,Successful,562.8900000000001
P003854,O003854,Debit Card,Successful,1406.78
P003855,O003855,Wallet,Successful,162.22
P003856,O003856,UPI,Successful,1219.8400000000001
P003857,O003857,UPI,Refunded,623.6800000000001
P003858,O003858,Debit Card,Successful,390.84
P003859,O003859,UPI,Successful,1454.27
P003860,O003860,Cash,Successful,703.0699999999999
P003861,O003861,Cash,Successful,1083.56
P003862,O003862,Wallet,Failed,127.88000000000002
P003863,O003863,UPI,Successful,1179.28
P003864,O003864,Debit Card,Successful,530.6600000000001
P003865,O003865,UPI,Refunded,1252.19
P003866,O003866,Debit Card,Successful,1461.6200000000001
P003867,O003867,Credit Card,Successful,232.29999999999998
P003868,O003868,UPI,Successful,512.84
P003869,O003869,Credit Card,Successful,1365.52
P003870,O003870,Credit Card,Successful,516.6899999999999
P003871,O003871,Debit Card,Successful,1686.21
P003872,O003872,Wallet,Successful,653.15
P003873,O003873,UPI,Successful,674.5
P003874,O003874,Debit Card,Successful,234.82999999999998
P003875,O003875,UPI,Successful,270.12
P003876,O003876,Debit Card,Successful,563.0899999999999
P003877,O003877,Cash,Successful,147.4
P003878,O003878,Credit Card,Successful,449.89
P003879,O003879,Credit Card,Successful,728.98
P003880,O003880,UPI,Failed,706.8299999999999
P003881,O003881,Credit Card,Successful,357.44
P003882,O003882,Wallet,Failed,199.64000000000001
P003883,O003883,Cash,Successful,663.41
P003884,O003884,UPI,Successful,1068.64
P003885,O003885,UPI,Successful,805.1600000000001
P003886,O003886,Debit Card,Successful,1696.9
P003887,O003887,Credit Card,Successful,275.14
P003888,O003888,Credit Card,Successful,352.11
P003889,O003889,Wallet,Successful,463.62000000000006
P003890,O003890,Debit Card,Failed,103.89
P003891,O003891,Cash,Successful,1564.76
P003892,O003892,Debit Card,Failed,915.9300000000001
P003893,O003893,UPI,Successful,964.97
P003894,O003894,Cash,Refunded,282.04
P003895,O003895,Cash,Refunded,1352.1100000000001
P003896,O003896,UPI,Successful,1405.16
P003897,O003897,Cash,Successful,768.54
P003898,O003898,Cash,Failed,1584.99
P003899,O003899,Cash,Successful,1650.25
P003900,O003900,Cash,Successful,161.60999999999999
P003901,O003901,UPI,Successful,295.34000000000003
P003902,O003902,Wallet,Successful,140.98000000000002
P003903,O003903,Cash,Successful,866.1899999999999
P003904,O003904,UPI,Successful,507.94000000000005
P003905,O003905,Cash,Successful,1482.2099999999998
P003906,O003906,Debit Card,Successful,834.15
P003907,O003907,UPI,Successful,1468.38
P003908,O003908,Debit Card,Successful,927.7800000000001
P003909,O003909,UPI,Successful,1600.3
P003910,O003910,Debit Card,Successful,592.39
P003911,O003911,UPI,Refunded,1611.69
P003912,O003912,UPI,Successful,1140.4399999999998
P003913,O003913,UPI,Successful,1060.47
P003914,O003914,Credit Card,Refunded,666.87
P003915,O003915,Debit Card,Refunded,1775.3200000000002
P003916,O003916,Credit Card,Successful,629.47
P003917,O003917,UPI,Successful,1474.7400000000002
P003918,O003918,Cash,Successful,746.2700000000001
P003919,O003919,UPI,Successful,1551.19
P003920,O003920,Cash,Successful,1760.61
P003921,O003921,Wallet,Successful,759.21
P003922,O003922,Cash,Successful,961.4000000000001
P003923,O003923,Cash,Refunded,565.48
P003924,O003924,Debit Card,Successful,193.45
P003925,O003925,Wallet,Successful,1059.0900000000001
P003926,O003926,Cash,Successful,298.93
P003927,O003927,Wallet,Successful,609.25
P003928,O003928,UPI,Failed,744.15
P003929,O003929,Credit Card,Successful,348.18
P003930,O003930,Cash,Successful,1317.81
P003931,O003931,Debit Card,Successful,350.19
P003932,O003932,Cash,Successful,1392.8899999999999
P003933,O003933,Debit Card,Successful,560.85
P003934,O003934,Cash,Successful,543.86
P003935,O003935,Debit Card,Successful,747.46
P003936,O003936,Cash,Successful,294.41
P003937,O003937,Credit Card,Failed,664.6800000000001
P003938,O003938,UPI,Successful,191.23000000000002
P003939,O003939,Credit Card,Successful,651.3299999999999
P003940,O003940,Cash,Successful,545.1
P003941,O003941,Debit Card,Successful,543.3000000000001
P003942,O003942,Cash,Successful,1255.49
P003943,O003943,Credit Card,Successful,1452.8700000000001
P003944,O003944,Credit Card,Successful,587.87
P003945,O003945,Cash,Successful,509.70000000000005
P003946,O003946,Wallet,Successful,745.47
P003947,O003947,UPI,Successful,1166.88
P003948,O003948,Cash,Successful,969.73
P003949,O003949,Wallet,Successful,155.35
P003950,O003950,Debit Card,Successful,971.53
P003951,O003951,Debit Card,Successful,1579.56
P003952,O003952,Credit Card,Successful,669.0400000000001
P003953,O003953,Credit Card,Successful,674.73
P003954,O003954,UPI,Successful,480.57000000000005
P003955,O003955,Debit Card,Successful,754.2599999999999
P003956,O003956,Credit Card,Successful,336.63
P003957,O003957,Cash,Successful,479.45000000000005
P003958,O003958,Credit Card,Successful,1083.23
P003959,O003959,Wallet,Failed,307.04
P003960,O003960,UPI,Failed,1357.54
P003961,O003961,UPI,Successful,678.04
P003962,O003962,Credit Card,Successful,1064.19
P003963,O003963,Credit Card,Successful,533.29
P003964,O003964,UPI,Successful,944.75
P003965,O003965,Wallet,Successful,1599.72
P003966,O003966,Credit Card,Successful,229.61
P003967,O003967,Wallet,Successful,1570.73
P003968,O003968,UPI,Successful,1048.5600000000002
P003969,O003969,Wallet,Successful,1063.96
P003970,O003970,UPI,Successful,164.29
P003971,O003971,Wallet,Successful,1340.2
P003972,O003972,Cash,Failed,267.87
P003973,O003973,Credit Card,Successful,1684.75
P003974,O003974,UPI,Successful,1407.6100000000001
P003975,O003975,UPI,Successful,835.72
P003976,O003976,Cash,Successful,1453.44
P003977,O003977,Credit Card,Successful,314.22
P003978,O003978,Wallet,Successful,1536.89
P003979,O003979,UPI,Successful,1167.97
P003980,O003980,Wallet,Successful,238.59000000000003
P003981,O003981,Cash,Successful,1016.04
P003982,O003982,UPI,Successful,1337.0500000000002
P003983,O003983,UPI,Successful,944.79
P003984,O003984,UPI,Successful,710.63
P003985,O003985,Wallet,Successful,457.39000000000004
P003986,O003986,Wallet,Successful,509.73
P003987,O003987,UPI,Successful,1319.71
P003988,O003988,Cash,Successful,532.6899999999999
P003989,O003989,UPI,Successful,1443.58
P003990,O003990,Debit Card,Successful,467.85
P003991,O003991,UPI,Successful,732.45
P003992,O003992,Credit Card,Successful,107.57
P003993,O003993,Debit Card,Successful,1454.94
P003994,O003994,Debit Card,Successful,249.34999999999997
P003995,O003995,UPI,Successful,735.4499999999999
P003996,O003996,Cash,Successful,1685.46
P003997,O003997,Cash,Successful,1259.36
P003998,O003998,Debit Card,Successful,1441.51
P003999,O003999,Wallet,Successful,1637.44
P004000,O004000,Credit Card,Successful,1674.73
P004001,O004001,Credit Card,Failed,1177.79
P004002,O004002,Credit Card,Successful,918.6299999999999
P004003,O004003,Wallet,Successful,877.75
P004004,O004004,Credit Card,Successful,116.36
P004005,O004005,Wallet,Successful,1096.43
P004006,O004006,Cash,Successful,373.7900000000001
P004007,O004007,Credit Card,Successful,1373.54
P004008,O004008,Wallet,Failed,1135.92
P004009,O004009,Wallet,Successful,1559.52
P004010,O004010,Credit Card,Successful,418.88
P004011,O004011,UPI,Successful,1159.59
P004012,O004012,Debit Card,Successful,1075.9199999999998
P004013,O004013,Debit Card,Successful,1530.5
P004014,O004014,Wallet,Successful,507.46
P004015,O004015,Cash,Successful,174.44
P004016,O004016,Debit Card,Successful,885.8999999999999
P004017,O004017,UPI,Successful,912.93
P004018,O004018,Credit Card,Successful,625.41
P004019,O004019,Cash,Successful,1791.39
P004020,O004020,Debit Card,Successful,183.98
P004021,O004021,Credit Card,Successful,946.67
P004022,O004022,Credit Card,Failed,519.16
P004023,O004023,Credit Card,Successful,92.64
P004024,O004024,Cash,Successful,1609.13
P004025,O004025,Credit Card,Successful,920.0
P004026,O004026,Wallet,Successful,1229.1100000000001
P004027,O004027,Cash,Successful,1392.6200000000001
P004028,O004028,Debit Card,Successful,1351.5
P004029,O004029,Debit Card,Successful,932.37
P004030,O004030,Cash,Successful,1472.6399999999999
P004031,O004031,Wallet,Successful,727.23
P004032,O004032,Cash,Failed,757.21
P004033,O004033,UPI,Successful,491.25
P004034,O004034,UPI,Successful,814.95
P004035,O004035,Cash,Successful,1494.9399999999998
P004036,O004036,Credit Card,Successful,1153.68
P004037,O004037,Credit Card,Successful,1594.8
P004039,O004039,Credit Card,Failed,1446.67
P004040,O004040,Credit Card,Successful,120.6
P004041,O004041,Cash,Successful,1323.23
P004042,O004042,Wallet,Successful,1281.06
P004043,O004043,Credit Card,Successful,160.14999999999998
P004044,O004044,Debit Card,Successful,882.0600000000001
P004045,O004045,Wallet,Successful,1520.79
P004046,O004046,Cash,Successful,696.19
P004047,O004047,Wallet,Successful,241.60999999999996
P004048,O004048,UPI,Successful,1307.9299999999998
P004049,O004049,Debit Card,Successful,866.24
P004050,O004050,UPI,Successful,531.18
P004051,O004051,Cash,Successful,171.0
P004052,O004052,UPI,Failed,1121.03
P004053,O004053,Debit Card,Successful,140.34
P004054,O004054,UPI,Successful,1290.52
P004055,O004055,Debit Card,Successful,1255.75
P004056,O004056,Wallet,Successful,638.85
P004057,O004057,UPI,Failed,921.82
P004058,O004058,Credit Card,Successful,1007.2
P004059,O004059,Debit Card,Successful,1908.1599999999999
P004060,O004060,Credit Card,Successful,1031.83
P004061,O004061,Debit Card,Successful,1914.27
P004062,O004062,Wallet,Successful,513.2900000000001
P004063,O004063,Wallet,Successful,1098.6699999999998
P004064,O004064,Cash,Successful,318.90000000000003
P004065,O004065,Debit Card,Successful,1078.53
P004066,O004066,Cash,Successful,1025.31
P004067,O004067,Cash,Successful,1425.1
P004068,O004068,UPI,Successful,1418.6
P004069,O004069,Wallet,Successful,1698.38
P004070,O004070,Debit Card,Successful,501.41
P004071,O004071,UPI,Failed,560.93
P004072,O004072,Cash,Successful,549.88
P004073,O004073,Debit Card,Successful,459.0
P004074,O004074,Credit Card,Successful,293.41999999999996
P004075,O004075,Wallet,Successful,1071.53
P004076,O004076,Cash,Successful,1649.59
P004077,O004077,Cash,Successful,988.15
P004078,O004078,Cash,Successful,1704.02
P004079,O004079,UPI,Successful,1775.46
P004080,O004080,Credit Card,Successful,730.28
P004081,O004081,Wallet,Failed,1487.05
P004082,O004082,Credit Card,Successful,141.24
P004083,O004083,Credit Card,Failed,808.53
P004084,O004084,Wallet,Successful,790.88
P004085,O004085,Credit Card,Successful,456.73
P004086,O004086,Credit Card,Successful,760.4200000000001
P004087,O004087,Wallet,Failed,741.1999999999999
P004088,O004088,Credit Card,Successful,1449.41
P004089,O004089,Cash,Failed,1301.01
P004090,O004090,UPI,Successful,966.6300000000001
P004091,O004091,UPI,Successful,1063.3200000000002
P004092,O004092,Wallet,Successful,257.16
P004093,O004093,Debit Card,Successful,924.29
P004094,O004094,Debit Card,Successful,475.65000000000003
P004095,O004095,UPI,Successful,617.39
P004096,O004096,Debit Card,Failed,239.44
P004097,O004097,Wallet,Successful,1132.5600000000002
P004098,O004098,UPI,Successful,867.7
P004099,O004099,Cash,Failed,501.13
P004100,O004100,Cash,Successful,430.01
P004101,O004101,Debit Card,Successful,1299.23
P004102,O004102,Credit Card,Successful,1467.74
P004103,O004103,Wallet,Successful,766.4399999999998
P004104,O004104,UPI,Successful,377.31
P004105,O004105,Wallet,Successful,185.95
P004106,O004106,Wallet,Successful,476.77
P004107,O004107,Wallet,Successful,1119.46
P004108,O004108,Debit Card,Successful,1179.1599999999999
P004109,O004109,Credit Card,Successful,1050.66
P004110,O004110,Cash,Successful,980.2600000000001
P004111,O004111,Debit Card,Failed,1334.43
P004112,O004112,Credit Card,Successful,983.9
P004113,O004113,Credit Card,Successful,252.01999999999998
P004114,O004114,Wallet,Successful,182.70999999999998
P004115,O004115,UPI,Successful,1224.3
P004116,O004116,Cash,Successful,1057.02
P004117,O004117,Cash,Successful,447.61
P004118,O004118,Debit Card,Failed,1311.97
P004119,O004119,Debit Card,Failed,273.84
P004120,O004120,Debit Card,Successful,1287.27
P004121,O004121,Debit Card,Successful,1745.02
P004122,O004122,Debit Card,Successful,325.54
P004123,O004123,UPI,Successful,283.4
P004124,O004124,UPI,Refunded,889.66
P004125,O004125,Credit Card,Successful,932.54
P004126,O004126,Credit Card,Successful,117.28
P004127,O004127,Debit Card,Successful,881.5899999999999
P004128,O004128,Cash,Successful,232.42
P004129,O004129,Debit Card,Successful,450.94
P004130,O004130,Cash,Successful,1160.06
P004131,O004131,Cash,Successful,1197.4299999999998
P004132,O004132,UPI,Successful,1225.08
P004133,O004133,Credit Card,Successful,196.89
P004134,O004134,Cash,Successful,1204.12
P004135,O004135,Credit Card,Successful,849.8100000000001
P004136,O004136,Credit Card,Successful,814.8900000000001
P004137,O004137,Debit Card,Successful,770.43
P004138,O004138,Credit Card,Successful,1265.3999999999999
P004139,O004139,Wallet,Successful,1145.33
P004140,O004140,Wallet,Successful,780.5
P004141,O004141,Credit Card,Successful,1203.21
P004142,O004142,Wallet,Successful,1568.0700000000002
P004143,O004143,Credit Card,Successful,91.33
P004144,O004144,Cash,Successful,742.06
P004145,O004145,UPI,Successful,133.11
P004146,O004146,Debit Card,Successful,643.47
P004147,O004147,Debit Card,Successful,1392.29
P004148,O004148,Debit Card,Successful,1766.96
P004149,O004149,UPI,Successful,409.28
P004150,O004150,Wallet,Successful,140.57000000000002
P004151,O004151,Credit Card,Successful,807.8000000000001
P004152,O004152,Wallet,Successful,646.33
P004153,O004153,Debit Card,Successful,1294.28
P004154,O004154,Credit Card,Successful,736.6699999999998
P004155,O004155,Debit Card,Successful,795.01
P004156,O004156,Credit Card,Failed,477.88
P004157,O004157,UPI,Successful,1586.6899999999998
P004158,O004158,Cash,Successful,412.94000000000005
P004159,O004159,UPI,Successful,178.82999999999998
P004160,O004160,Wallet,Successful,1080.63
P004161,O004161,Debit Card,Successful,651.0600000000001
P004162,O004162,UPI,Failed,1198.25
P004163,O004163,Cash,Successful,179.26
P004164,O004164,Debit Card,Successful,1370.19
P004165,O004165,Cash,Successful,321.02
P004166,O004166,Wallet,Failed,688.12
P004167,O004167,Debit Card,Failed,735.6999999999999
P004168,O004168,UPI,Successful,1552.42
P004169,O004169,Cash,Successful,1247.24
P004170,O004170,Credit Card,Successful,316.65000000000003
P004171,O004171,Cash,Successful,915.5600000000001
P004172,O004172,Wallet,Failed,1071.42
P004173,O004173,Credit Card,Successful,1052.83
P004174,O004174,Cash,Successful,867.4100000000001
P004175,O004175,Debit Card,Successful,910.22
P004176,O004176,Wallet,Successful,1413.4
P004177,O004177,Credit Card,Failed,614.5999999999999
P004178,O004178,Wallet,Successful,1854.6200000000001
P004179,O004179,Cash,Successful,1398.51
P004180,O004180,Debit Card,Successful,1087.4099999999999
P004181,O004181,Credit Card,Successful,1346.46
P004182,O004182,UPI,Successful,620.43
P004183,O004183,Credit Card,Successful,884.22
P004184,O004184,Debit Card,Successful,447.97999999999996
P004185,O004185,Debit Card,Successful,1312.3200000000002
P004186,O004186,Credit Card,Successful,813.7900000000001
P004187,O004187,Debit Card,Successful,1065.74
P004188,O004188,Wallet,Successful,1424.22
P004189,O004189,Cash,Successful,1158.3799999999999
P004190,O004190,Wallet,Successful,504.80999999999995
P004191,O004191,Debit Card,Successful,207.95000000000002
P004192,O004192,UPI,Successful,323.06
P004193,O004193,UPI,Successful,534.74
P004194,O004194,UPI,Successful,620.63
P004195,O004195,Wallet,Successful,164.95999999999998
P004196,O004196,Debit Card,Successful,840.8
P004197,O004197,UPI,Successful,215.4
P004198,O004198,UPI,Successful,486.59000000000003
P004199,O004199,Wallet,Successful,1488.6
P004200,O004200,Wallet,Successful,980.05
P004201,O004201,Wallet,Successful,691.01
P004202,O004202,Cash,Successful,344.26
P004203,O004203,Wallet,Successful,1545.92
P004204,O004204,UPI,Successful,1762.43
P004205,O004205,UPI,Failed,844.45
P004206,O004206,Wallet,Successful,1511.89
P004207,O004207,UPI,Failed,841.78
P004208,O004208,Debit Card,Successful,215.89999999999998
P004209,O004209,Cash,Successful,113.69999999999999
P004210,O004210,UPI,Successful,268.34000000000003
P004211,O004211,UPI,Successful,1222.04
P004212,O004212,Debit Card,Successful,621.03
P004213,O004213,Wallet,Successful,1246.98
P004214,O004214,UPI,Successful,953.9000000000001
P004215,O004215,Debit Card,Failed,627.27
P004216,O004216,UPI,Successful,488.5
P004217,O004217,Wallet,Failed,192.79
P004218,O004218,Credit Card,Successful,1407.57
P004219,O004219,Debit Card,Successful,1210.6599999999999
P004220,O004220,Credit Card,Successful,900.3
P004221,O004221,Debit Card,Successful,377.37
P004222,O004222,UPI,Successful,485.02000000000004
P004223,O004223,UPI,Successful,1901.43
P004224,O004224,Wallet,Successful,401.09
P004225,O004225,Wallet,Successful,147.16
P004226,O004226,Debit Card,Successful,912.2599999999999
P004227,O004227,Wallet,Successful,431.53
P004228,O004228,Cash,Successful,1749.4
P004229,O004229,Debit Card,Successful,1040.58
P004230,O004230,Cash,Successful,1688.56
P004231,O004231,Debit Card,Failed,1539.07
P004232,O004232,Debit Card,Successful,1121.71
P004233,O004233,Debit Card,Successful,1428.52
P004234,O004234,Credit Card,Successful,1065.48
P004235,O004235,Credit Card,Successful,96.84
P004236,O004236,Wallet,Failed,802.3
P004237,O004237,UPI,Successful,390.69
P004238,O004238,Wallet,Successful,823.6400000000001
P004239,O004239,Cash,Successful,970.29
P004240,O004240,Debit Card,Successful,323.3
P004241,O004241,Credit Card,Failed,133.56
P004242,O004242,Debit Card,Successful,343.21999999999997
P004243,O004243,Debit Card,Successful,1603.4599999999998
P004244,O004244,UPI,Successful,1077.1999999999998
P004245,O004245,Credit Card,Successful,1356.9
P004246,O004246,Credit Card,Successful,511.93
P004247,O004247,Credit Card,Successful,521.27
P004248,O004248,Cash,Successful,168.75
P004249,O004249,Cash,Successful,904.4599999999999
P004250,O004250,UPI,Successful,635.69
P004251,O004251,Cash,Successful,1405.18
P004252,O004252,Cash,Successful,1391.04
P004253,O004253,UPI,Failed,285.61
P004254,O004254,UPI,Successful,1913.9499999999998
P004255,O004255,Cash,Refunded,1357.56
P004256,O004256,Credit Card,Successful,1028.15
P004257,O004257,Debit Card,Successful,492.94
P004258,O004258,Credit Card,Successful,1374.84
P004259,O004259,Debit Card,Successful,760.58
P004260,O004260,Wallet,Successful,576.6899999999999
P004261,O004261,Debit Card,Successful,945.6600000000001
P004262,O004262,Debit Card,Successful,455.91999999999996
P004263,O004263,Debit Card,Successful,1651.54
P004264,O004264,UPI,Successful,1644.47
P004265,O004265,Wallet,Refunded,874.25
P004266,O004266,Debit Card,Successful,421.14
P004267,O004267,Debit Card,Successful,854.1499999999999
P004268,O004268,Cash,Failed,378.68
P004269,O004269,Wallet,Successful,555.6800000000001
P004270,O004270,Cash,Successful,1015.75
P004271,O004271,Cash,Successful,139.89999999999998
P004272,O004272,Cash,Successful,1172.23
P004273,O004273,Cash,Successful,367.48
P004274,O004274,Cash,Successful,1356.6499999999999
P004275,O004275,Credit Card,Successful,127.19
P004276,O004276,Credit Card,Successful,877.98
P004277,O004277,Wallet,Successful,1454.38
P004278,O004278,Wallet,Failed,500.85
P004279,O004279,Cash,Successful,1200.62
P004280,O004280,Debit Card,Successful,1161.19
P004281,O004281,Credit Card,Successful,1207.3200000000002
P004282,O004282,UPI,Successful,630.6700000000001
P004283,O004283,Credit Card,Successful,1132.04
P004284,O004284,Credit Card,Successful,1102.31
P004285,O004285,Wallet,Successful,1072.53
P004286,O004286,Debit Card,Successful,1540.88
P004287,O004287,Credit Card,Successful,504.4599999999999
P004288,O004288,UPI,Successful,455.79
P004289,O004289,Debit Card,Successful,597.96
P004290,O004290,Cash,Successful,220.26
P004291,O004291,Cash,Successful,689.5899999999999
P004292,O004292,Credit Card,Successful,620.65
P004293,O004293,Credit Card,Successful,851.4799999999999
P004294,O004294,Wallet,Successful,454.11
P004295,O004295,Wallet,Successful,1369.24
P004296,O004296,Credit Card,Successful,625.91
P004297,O004297,Wallet,Refunded,1468.08
P004298,O004298,Credit Card,Successful,905.67
P004299,O004299,Debit Card,Successful,1190.21
P004300,O004300,Credit Card,Successful,221.80999999999997
P004301,O004301,Debit Card,Successful,1115.6599999999999
P004302,O004302,Credit Card,Successful,1767.23
P004303,O004303,Wallet,Successful,956.2500000000001
P004304,O004304,Credit Card,Successful,1655.82
P004305,O004305,Credit Card,Successful,571.0799999999999
P004306,O004306,UPI,Successful,1581.06
P004307,O004307,Debit Card,Successful,591.48
P004308,O004308,Wallet,Successful,791.49
P004309,O004309,Wallet,Successful,350.49
P004310,O004310,Debit Card,Successful,785.07
P004311,O004311,Cash,Successful,809.26
P004312,O004312,Wallet,Successful,985.07
P004313,O004313,UPI,Failed,1496.48
P004314,O004314,Debit Card,Successful,527.32
P004315,O004315,UPI,Successful,1616.6899999999998
P004316,O004316,Debit Card,Successful,1522.52
P004317,O004317,Wallet,Successful,648.3199999999999
P004318,O004318,Wallet,Successful,405.21
P004319,O004319,Debit Card,Successful,223.57
P004320,O004320,Debit Card,Successful,541.29
P004321,O004321,Wallet,Successful,1611.8
P004322,O004322,Credit Card,Failed,575.54
P004323,O004323,Wallet,Successful,343.22
P004324,O004324,Wallet,Successful,106.37
P004325,O004325,UPI,Successful,658.88
P004326,O004326,Cash,Successful,436.6
P004327,O004327,UPI,Successful,289.28000000000003
P004328,O004328,Wallet,Successful,1600.04
P004329,O004329,Credit Card,Failed,523.84
P004330,O004330,Wallet,Successful,85.59
P004331,O004331,Cash,Successful,1502.2199999999998
P004332,O004332,UPI,Successful,895.5600000000001
P004333,O004333,Debit Card,Successful,215.31999999999996
P004334,O004334,Wallet,Successful,120.29999999999998
P004335,O004335,Cash,Successful,239.13000000000002
P004336,O004336,UPI,Successful,937.6399999999999
P004337,O004337,Wallet,Successful,178.36
P004338,O004338,Wallet,Successful,924.85
P004339,O004339,UPI,Failed,1178.36
P004340,O004340,Credit Card,Refunded,370.7
P004341,O004341,Cash,Successful,899.54
P004342,O004342,Credit Card,Successful,1830.8999999999999
P004343,O004343,Credit Card,Successful,1370.36
P004344,O004344,Credit Card,Failed,1357.95
P004345,O004345,Credit Card,Successful,772.2
P004346,O004346,Debit Card,Failed,780.04
P004347,O004347,Cash,Successful,929.53
P004348,O004348,Credit Card,Successful,1142.54
P004349,O004349,Debit Card,Successful,1009.8000000000001
P004350,O004350,Cash,Successful,1387.1
P004351,O004351,Wallet,Failed,1426.73
P004352,O004352,Credit Card,Successful,1058.8
P004353,O004353,UPI,Successful,1046.99
P004354,O004354,Cash,Successful,786.1600000000001
P004355,O004355,UPI,Successful,432.25
P004356,O004356,Cash,Successful,669.99
P004357,O004357,Cash,Successful,924.5
P004358,O004358,UPI,Successful,152.47
P004359,O004359,Cash,Successful,948.5899999999999
P004360,O004360,Wallet,Successful,1311.55
P004361,O004361,Credit Card,Failed,1552.1
P004362,O004362,Cash,Successful,1211.35
P004363,O004363,Debit Card,Failed,360.72999999999996
P004364,O004364,Cash,Successful,276.84
P004365,O004365,Debit Card,Successful,730.15
P004366,O004366,Cash,Successful,443.53000000000003
P004367,O004367,Cash,Successful,1297.5400000000002
P004368,O004368,Wallet,Successful,248.97000000000003
P004369,O004369,Credit Card,Successful,677.0600000000001
P004370,O004370,Wallet,Successful,446.43999999999994
P004371,O004371,Wallet,Successful,1029.01
P004372,O004372,Credit Card,Successful,1482.56
P004373,O004373,Credit Card,Successful,1325.38
P004374,O004374,Wallet,Failed,1469.69
P004375,O004375,Credit Card,Successful,725.88
P004376,O004376,UPI,Successful,1571.62
P004377,O004377,UPI,Successful,1223.18
P004378,O004378,Credit Card,Failed,1168.1799999999998
P004379,O004379,Debit Card,Successful,1445.98
P004380,O004380,UPI,Refunded,330.15000000000003
P004381,O004381,UPI,Successful,1706.6499999999999
P004382,O004382,Credit Card,Successful,818.8199999999999
P004383,O004383,Credit Card,Failed,594.64
P004384,O004384,Cash,Successful,551.07
P004385,O004385,UPI,Successful,1142.89
P004386,O004386,UPI,Successful,1005.69
P004387,O004387,UPI,Successful,1467.49
P004388,O004388,Credit Card,Successful,534.97
P004389,O004389,Debit Card,Successful,370.59000000000003
P004390,O004390,Cash,Successful,1188.95
P004391,O004391,Wallet,Successful,545.4
P004393,O004393,Wallet,Successful,478.39
P004394,O004394,Debit Card,Successful,331.84
P004395,O004395,Wallet,Successful,842.46
P004396,O004396,Credit Card,Successful,423.29999999999995
P004397,O004397,Wallet,Successful,1277.4699999999998
P004398,O004398,Credit Card,Successful,1361.4399999999998
P004399,O004399,Wallet,Successful,1193.23
P004400,O004400,Credit Card,Successful,807.51
P004401,O004401,UPI,Successful,973.4300000000001
P004402,O004402,UPI,Successful,809.53
P004403,O004403,Credit Card,Successful,412.12
P004404,O004404,Wallet,Successful,151.08999999999997
P004405,O004405,UPI,Failed,1022.3900000000001
P004406,O004406,Debit Card,Successful,308.8
P004407,O004407,Wallet,Successful,201.72
P004408,O004408,Credit Card,Successful,779.78
P004409,O004409,Debit Card,Failed,1269.04
P004410,O004410,Credit Card,Successful,1146.08
P004411,O004411,Credit Card,Successful,1521.4699999999998
P004412,O004412,Cash,Successful,419.14
P004413,O004413,Cash,Failed,1550.16
P004414,O004414,Wallet,Successful,1514.09
P004415,O004415,Wallet,Successful,391.89
P004416,O004416,UPI,Successful,1440.2599999999998
P004417,O004417,Cash,Successful,1020.03
P004418,O004418,UPI,Successful,162.64
P004419,O004419,Wallet,Successful,282.01
P004420,O004420,Debit Card,Successful,715.4
P004421,O004421,Debit Card,Successful,1031.89
P004422,O004422,Wallet,Successful,1618.6100000000001
P004423,O004423,Credit Card,Refunded,489.38
P004424,O004424,Cash,Successful,939.8199999999999
P004425,O004425,Cash,Successful,438.9800000000001
P004426,O004426,Credit Card,Failed,1063.47
P004427,O004427,Credit Card,Successful,1324.83
P004428,O004428,UPI,Successful,826.79
P004429,O004429,Credit Card,Successful,1067.8700000000001
P004430,O004430,Cash,Refunded,1177.91
P004431,O004431,UPI,Successful,367.31
P004432,O004432,Credit Card,Successful,1506.81
P004433,O004433,Wallet,Successful,1115.42
P004434,O004434,Debit Card,Successful,997.59
P004435,O004435,Credit Card,Successful,1220.92
P004436,O004436,Credit Card,Successful,1073.19
P004437,O004437,Credit Card,Successful,1248.68
P004438,O004438,UPI,Successful,1137.29
P004439,O004439,Debit Card,Successful,168.15
P004440,O004440,Credit Card,Successful,674.62
P004441,O004441,Credit Card,Successful,1513.98
P004442,O004442,Credit Card,Successful,516.38
P004443,O004443,Credit Card,Successful,1127.67
P004444,O004444,Cash,Successful,385.97
P004445,O004445,Cash,Failed,625.59
P004446,O004446,Debit Card,Successful,1301.47
P004447,O004447,Credit Card,Successful,992.3100000000002
P004448,O004448,UPI,Successful,798.74
P004449,O004449,Cash,Successful,1647.23
P004450,O004450,UPI,Successful,1543.53
P004451,O004451,Cash,Successful,478.0799999999999
P004452,O004452,Cash,Successful,920.74
P004453,O004453,Wallet,Successful,1643.6
P004454,O004454,UPI,Successful,117.56
P004455,O004455,UPI,Successful,849.3
P004456,O004456,Cash,Successful,474.19000000000005
P004457,O004457,Debit Card,Successful,199.54
P004458,O004458,Cash,Successful,1814.51
P004459,O004459,Debit Card,Successful,1260.97
P004460,O004460,Wallet,Successful,416.62
P004461,O004461,Credit Card,Successful,1300.35
P004462,O004462,Wallet,Successful,346.17999999999995
P004463,O004463,Debit Card,Failed,995.7
P004464,O004464,Cash,Successful,1257.92
P004465,O004465,UPI,Successful,811.36
P004466,O004466,Credit Card,Successful,1608.04
P004467,O004467,Cash,Successful,1213.33
P004468,O004468,Credit Card,Successful,869.6700000000001
P004469,O004469,Credit Card,Successful,1473.09
P004470,O004470,Debit Card,Successful,150.34
P004471,O004471,Wallet,Successful,948.99
P004472,O004472,Credit Card,Successful,1218.16
P004473,O004473,Wallet,Successful,1531.94
P004474,O004474,UPI,Successful,944.1500000000001
P004475,O004475,Debit Card,Successful,1711.18
P004476,O004476,Cash,Successful,771.06
P004477,O004477,Wallet,Failed,636.8399999999999
P004478,O004478,Credit Card,Successful,1404.58
P004479,O004479,Debit Card,Successful,1194.5700000000002
P004480,O004480,UPI,Successful,881.71
P004481,O004481,Debit Card,Failed,1273.22
P004482,O004482,Cash,Successful,1004.6999999999999
P004483,O004483,Cash,Failed,1243.0
P004484,O004484,Cash,Successful,1120.69
P004485,O004485,Wallet,Successful,1114.17
P004486,O004486,Credit Card,Refunded,926.08
P004487,O004487,Credit Card,Successful,853.77
P004488,O004488,Cash,Successful,1389.8600000000001
P004489,O004489,Cash,Successful,1035.9
P004490,O004490,Credit Card,Successful,415.28
P004491,O004491,Wallet,Successful,979.1199999999999
P004492,O004492,Cash,Successful,135.83
P004493,O004493,Credit Card,Failed,1125.4
P004494,O004494,Cash,Successful,256.41999999999996
P004495,O004495,Credit Card,Successful,218.73999999999995
P004496,O004496,Debit Card,Successful,1533.52
P004497,O004497,Wallet,Successful,1462.75
P004498,O004498,UPI,Successful,813.56
P004499,O004499,Cash,Successful,482.55000000000007
P004500,O004500,Credit Card,Successful,1269.2400000000002
P004501,O004501,Cash,Successful,1726.77
P004502,O004502,UPI,Successful,845.7899999999998
P004503,O004503,Credit Card,Successful,1185.88
P004504,O004504,UPI,Successful,489.31999999999994
P004505,O004505,Cash,Failed,1158.47
P004506,O004506,Cash,Successful,618.7
P004507,O004507,Cash,Successful,1301.3999999999999
P004508,O004508,Credit Card,Successful,782.53
P004509,O004509,Cash,Successful,1172.02
P004510,O004510,Credit Card,Successful,474.83
P004511,O004511,Wallet,Successful,211.29999999999998
P004512,O004512,Debit Card,Successful,166.52999999999997
P004513,O004513,Debit Card,Successful,675.04
P004514,O004514,Cash,Successful,401.58
P004515,O004515,UPI,Successful,1645.9699999999998
P004516,O004516,Debit Card,Successful,1321.9
P004517,O004517,UPI,Successful,1275.24
P004518,O004518,Cash,Successful,1546.19
P004519,O004519,Cash,Successful,541.01
P004520,O004520,Wallet,Successful,1507.3899999999999
P004521,O004521,Credit Card,Successful,1412.66
P004522,O004522,UPI,Successful,563.47
P004523,O004523,Wallet,Successful,1858.86
P004524,O004524,Debit Card,Successful,703.25
P004525,O004525,UPI,Successful,121.97
P004526,O004526,UPI,Successful,697.98
P004527,O004527,Wallet,Successful,1817.9099999999999
P004528,O004528,UPI,Successful,1261.67
P004529,O004529,Debit Card,Successful,1347.98
P004530,O004530,Credit Card,Successful,494.83000000000004
P004531,O004531,UPI,Successful,299.54
P004532,O004532,Debit Card,Successful,1456.5
P004533,O004533,UPI,Successful,864.21
P004534,O004534,Wallet,Successful,103.17
P004535,O004535,Cash,Successful,479.46000000000004
P004536,O004536,Credit Card,Successful,461.83
P004537,O004537,UPI,Refunded,1172.76
P004538,O004538,UPI,Successful,1390.0600000000002
P004539,O004539,Wallet,Successful,973.09
P004540,O004540,Cash,Successful,413.66999999999996
P004541,O004541,UPI,Successful,164.25
P004542,O004542,Debit Card,Successful,675.88
P004543,O004543,Credit Card,Successful,1458.9499999999998
P004544,O004544,Debit Card,Successful,732.45
P004545,O004545,Credit Card,Successful,570.79
P004546,O004546,Credit Card,Successful,137.53
P004547,O004547,UPI,Successful,886.5899999999999
P004548,O004548,Wallet,Failed,1022.9200000000001
P004549,O004549,Wallet,Successful,400.03
P004550,O004550,Debit Card,Successful,983.95
P004551,O004551,Credit Card,Successful,896.66
P004552,O004552,Wallet,Failed,1121.52
P004553,O004553,Debit Card,Successful,1649.74
P004554,O004554,UPI,Successful,540.19
P004555,O004555,UPI,Failed,1628.8799999999999
P004556,O004556,Credit Card,Refunded,1423.73
P004557,O004557,Wallet,Successful,153.84
P004558,O004558,Credit Card,Successful,1286.11
P004559,O004559,Credit Card,Successful,800.12
P004560,O004560,Credit Card,Successful,1534.8100000000002
P004561,O004561,Debit Card,Successful,562.4
P004562,O004562,UPI,Successful,1136.73
P004563,O004563,UPI,Successful,1361.66
P004564,O004564,Credit Card,Successful,573.32
P004565,O004565,UPI,Successful,945.85
P004566,O004566,Cash,Successful,1415.1
P004567,O004567,Wallet,Successful,1001.01
P004568,O004568,UPI,Successful,1660.54
P004569,O004569,Credit Card,Successful,835.2499999999999
P004570,O004570,UPI,Successful,683.6500000000001
P004571,O004571,Cash,Successful,857.6100000000001
P004572,O004572,Wallet,Successful,701.3499999999999
P004573,O004573,Debit Card,Successful,340.35
P004574,O004574,Wallet,Successful,1137.47
P004575,O004575,Credit Card,Successful,172.66
P004576,O004576,Cash,Successful,145.87
P004577,O004577,Cash,Failed,221.31
P004578,O004578,Cash,Successful,1303.2
P004579,O004579,Wallet,Successful,829.06
P004580,O004580,Wallet,Successful,888.79
P004581,O004581,Cash,Successful,722.4000000000001
P004582,O004582,Wallet,Successful,411.31999999999994
P004583,O004583,Cash,Successful,573.03
P004584,O004584,Cash,Successful,435.96000000000004
P004585,O004585,Credit Card,Successful,1292.0
P004586,O004586,Wallet,Successful,209.94
P004587,O004587,Cash,Successful,984.8699999999999
P004588,O004588,Debit Card,Refunded,878.23
P004589,O004589,Cash,Successful,531.88
P004590,O004590,UPI,Successful,263.97
P004591,O004591,UPI,Successful,1047.5
P004592,O004592,Cash,Successful,973.2300000000001
P004593,O004593,UPI,Successful,1359.27
P004594,O004594,UPI,Successful,456.46
P004595,O004595,UPI,Successful,1550.05
P004596,O004596,UPI,Successful,499.45000000000005
P004597,O004597,UPI,Successful,260.04
P004598,O004598,Debit Card,Successful,350.61999999999995
P004599,O004599,Debit Card,Successful,387.35
P004600,O004600,UPI,Successful,1090.98
P004601,O004601,Cash,Successful,514.6899999999999
P004602,O004602,UPI,Successful,1140.31
P004603,O004603,Wallet,Successful,498.45
P004604,O004604,Cash,Successful,792.1999999999999
P004605,O004605,UPI,Successful,1355.5900000000001
P004606,O004606,Wallet,Successful,753.75
P004607,O004607,Cash,Successful,1074.28
P004608,O004608,Wallet,Successful,385.64
P004609,O004609,Cash,Successful,264.87
P004610,O004610,Wallet,Successful,811.3299999999999
P004611,O004611,Debit Card,Successful,1470.73
P004612,O004612,Wallet,Successful,539.18
P004613,O004613,Debit Card,Successful,1011.4300000000001
P004614,O004614,UPI,Failed,1339.07
P004615,O004615,UPI,Successful,1837.74
P004616,O004616,Cash,Successful,1461.87
P004617,O004617,Credit Card,Successful,1375.5099999999998
P004618,O004618,UPI,Successful,175.42000000000002
P004619,O004619,Cash,Successful,1281.63
P004620,O004620,Debit Card,Successful,1359.73
P004621,O004621,Debit Card,Successful,870.2399999999999
P004622,O004622,Credit Card,Successful,208.32
P004623,O004623,Debit Card,Successful,894.8499999999999
P004624,O004624,Cash,Failed,464.29999999999995
P004625,O004625,Wallet,Successful,840.03
P004626,O004626,Cash,Successful,1227.06
P004627,O004627,Cash,Successful,1013.6599999999999
P004628,O004628,Wallet,Successful,1322.29
P004629,O004629,Debit Card,Successful,795.26
P004630,O004630,UPI,Successful,1026.89
P004631,O004631,Cash,Successful,1348.51
P004632,O004632,UPI,Successful,1071.94
P004633,O004633,Cash,Successful,1166.48
P004634,O004634,Credit Card,Successful,954.3899999999999
P004635,O004635,Credit Card,Successful,977.26
P004636,O004636,Debit Card,Successful,1557.96
P004637,O004637,Cash,Successful,574.9000000000001
P004638,O004638,Cash,Successful,732.21
P004639,O004639,Cash,Successful,641.61
P004640,O004640,Cash,Successful,1256.79
P004641,O004641,Cash,Successful,1598.99
P004642,O004642,Wallet,Successful,701.06
P004643,O004643,UPI,Successful,308.40999999999997
P004644,O004644,Cash,Successful,766.4
P004645,O004645,Cash,Successful,1702.74
P004646,O004646,Debit Card,Successful,408.02
P004647,O004647,Debit Card,Successful,852.63
P004648,O004648,Cash,Successful,612.28
P004649,O004649,Credit Card,Successful,1495.33
P004650,O004650,UPI,Successful,952.05
P004651,O004651,Credit Card,Successful,847.55
P004652,O004652,UPI,Successful,98.07000000000001
P004653,O004653,Cash,Successful,1125.19
P004654,O004654,Cash,Successful,624.3100000000001
P004655,O004655,Wallet,Successful,1043.35
P004656,O004656,Debit Card,Refunded,873.61
P004657,O004657,Credit Card,Successful,928.08
P004658,O004658,Debit Card,Successful,1230.38
P004659,O004659,Debit Card,Successful,586.97
P004660,O004660,Cash,Successful,462.87
P004661,O004661,Wallet,Successful,1485.0
P004662,O004662,UPI,Successful,1354.4299999999998
P004663,O004663,Debit Card,Successful,370.75
P004664,O004664,Wallet,Successful,75.7
P004665,O004665,UPI,Successful,1260.34
P004666,O004666,Debit Card,Successful,346.81
P004667,O004667,Debit Card,Successful,1593.1599999999999
P004668,O004668,UPI,Successful,1243.51
P004669,O004669,Wallet,Successful,1220.98
P004670,O004670,Debit Card,Successful,1577.47
P004671,O004671,Credit Card,Failed,875.4599999999999
P004672,O004672,UPI,Successful,659.75
P004673,O004673,UPI,Successful,823.3700000000001
P004674,O004674,Debit Card,Successful,1154.22
P004675,O004675,Cash,Successful,1309.08
P004676,O004676,UPI,Successful,438.65000000000003
P004677,O004677,UPI,Successful,1077.99
P004678,O004678,Credit Card,Successful,664.79
P004679,O004679,Debit Card,Successful,173.96
P004680,O004680,Wallet,Successful,642.38
P004681,O004681,UPI,Successful,509.33000000000004
P004682,O004682,Cash,Successful,1264.1799999999998
P004683,O004683,Credit Card,Successful,225.62
P004684,O004684,Debit Card,Successful,604.06
P004685,O004685,Credit Card,Successful,1072.63
P004686,O004686,UPI,Successful,1689.3799999999999
P004687,O004687,Wallet,Successful,706.08
P004688,O004688,Cash,Successful,915.98
P004689,O004689,Cash,Successful,577.4
P004690,O004690,Cash,Successful,423.68
P004691,O004691,Debit Card,Successful,622.46
P004692,O004692,Wallet,Successful,1017.4000000000001
P004693,O004693,Debit Card,Successful,1244.08
P004694,O004694,Wallet,Successful,728.51
P004695,O004695,UPI,Successful,367.58
P004696,O004696,Debit Card,Successful,362.68
P004697,O004697,Wallet,Successful,1354.12
P004698,O004698,Debit Card,Failed,1284.02
P004699,O004699,Wallet,Successful,1101.31
P004700,O004700,Credit Card,Successful,724.6600000000001
P004701,O004701,Debit Card,Successful,835.8599999999999
P004702,O004702,Cash,Successful,483.81
P004703,O004703,Debit Card,Successful,346.42
P004704,O004704,Wallet,Successful,324.88
P004705,O004705,Debit Card,Failed,1905.01
P004706,O004706,Wallet,Successful,1337.58
P004707,O004707,UPI,Successful,1167.3700000000001
P004708,O004708,Debit Card,Successful,378.68
P004709,O004709,UPI,Failed,610.76
P004710,O004710,UPI,Successful,666.9300000000001
P004711,O004711,Wallet,Successful,716.3900000000001
P004712,O004712,UPI,Failed,768.9
P004713,O004713,Debit Card,Successful,1375.8200000000002
P004714,O004714,Credit Card,Successful,1353.02
P004715,O004715,Cash,Successful,220.92
P004716,O004716,Debit Card,Successful,764.1899999999999
P004717,O004717,Cash,Successful,307.90999999999997
P004718,O004718,Wallet,Successful,461.5
P004719,O004719,UPI,Successful,1443.66
P004720,O004720,UPI,Successful,1018.49
P004722,O004722,Debit Card,Successful,665.8000000000001
P004723,O004723,UPI,Successful,888.49
P004724,O004724,Wallet,Successful,1177.71
P004725,O004725,Cash,Successful,841.25
P004726,O004726,Cash,Successful,205.89999999999998
P004727,O004727,Wallet,Successful,945.4499999999999
P004728,O004728,UPI,Successful,257.78000000000003
P004729,O004729,Cash,Refunded,849.63
P004730,O004730,Credit Card,Successful,531.9
P004731,O004731,Debit Card,Successful,354.77000000000004
P004732,O004732,Debit Card,Successful,487.49999999999994
P004733,O004733,Cash,Successful,206.51999999999998
P004734,O004734,Wallet,Successful,604.0500000000001
P004735,O004735,Debit Card,Successful,1248.3000000000002
P004736,O004736,UPI,Refunded,595.49
P004737,O004737,Cash,Successful,723.51
P004738,O004738,Wallet,Successful,842.6400000000001
P004739,O004739,Wallet,Successful,319.61
P004740,O004740,Wallet,Successful,757.5799999999999
P004741,O004741,Wallet,Successful,1639.6100000000001
P004742,O004742,Wallet,Successful,248.42
P004743,O004743,Credit Card,Successful,1504.6799999999998
P004744,O004744,Cash,Successful,1724.3899999999999
P004745,O004745,Debit Card,Successful,1603.8799999999999
P004746,O004746,Debit Card,Successful,447.70000000000005
P004747,O004747,Wallet,Successful,889.48
P004748,O004748,Credit Card,Successful,1042.97
P004749,O004749,Wallet,Successful,210.65999999999997
P004750,O004750,Wallet,Successful,832.77
P004751,O004751,Debit Card,Successful,1196.2199999999998
P004752,O004752,Debit Card,Successful,1448.78
P004753,O004753,Debit Card,Successful,455.02000000000004
P004754,O004754,Debit Card,Successful,494.76
P004755,O004755,Credit Card,Successful,446.54999999999995
P004756,O004756,Credit Card,Successful,379.32
P004757,O004757,Credit Card,Successful,653.44
P004758,O004758,Credit Card,Successful,1478.57
P004759,O004759,Wallet,Successful,1205.18
P004760,O004760,Cash,Successful,1529.8799999999999
P004761,O004761,Credit Card,Successful,644.52
P004762,O004762,Debit Card,Successful,937.1800000000001
P004763,O004763,Debit Card,Successful,1304.47
P004764,O004764,Cash,Successful,1433.26
P004765,O004765,Debit Card,Successful,1474.76
P004766,O004766,Cash,Successful,980.9200000000001
P004767,O004767,Cash,Successful,1479.92
P004768,O004768,Debit Card,Successful,786.53
P004769,O004769,UPI,Successful,1496.3200000000002
P004770,O004770,Credit Card,Successful,1575.5
P004771,O004771,Credit Card,Successful,447.85
P004772,O004772,Cash,Successful,1376.4599999999998
P004773,O004773,Debit Card,Successful,504.73999999999995
P004774,O004774,Debit Card,Successful,1582.29
P004775,O004775,Cash,Successful,1222.1100000000001
P004776,O004776,Wallet,Successful,1183.23
P004777,O004777,Credit Card,Successful,271.19
P004778,O004778,Wallet,Successful,165.32999999999998
P004779,O004779,Wallet,Successful,1919.23
P004780,O004780,UPI,Successful,528.9399999999999
P004781,O004781,Cash,Successful,1409.6
P004782,O004782,Wallet,Successful,1209.94
P004783,O004783,Credit Card,Successful,916.0999999999999
P004784,O004784,UPI,Successful,1321.5700000000002
P004785,O004785,Wallet,Successful,252.91999999999996
P004786,O004786,Debit Card,Successful,651.77
P004787,O004787,Cash,Successful,903.95
P004788,O004788,Cash,Successful,1308.9299999999998
P004789,O004789,UPI,Successful,1439.8600000000001
P004790,O004790,Debit Card,Successful,466.81000000000006
P004791,O004791,Cash,Successful,1704.55
P004792,O004792,Wallet,Successful,1001.44
P004793,O004793,Credit Card,Successful,1002.57
P004794,O004794,Wallet,Successful,1147.11
P004795,O004795,UPI,Successful,1119.8400000000001
P004796,O004796,Wallet,Failed,1308.47
P004797,O004797,UPI,Successful,1204.4299999999998
P004798,O004798,Wallet,Successful,438.87
P004799,O004799,Debit Card,Successful,1026.14
P004800,O004800,Cash,Successful,609.51
P004801,O004801,Credit Card,Successful,921.46
P004802,O004802,UPI,Successful,261.63
P004803,O004803,Debit Card,Successful,406.42
P004804,O004804,Cash,Successful,1633.8999999999999
P004805,O004805,Cash,Successful,778.27
P004806,O004806,Debit Card,Successful,1377.79
P004807,O004807,Wallet,Successful,886.6000000000001
P004808,O004808,Wallet,Successful,543.52
P004809,O004809,UPI,Successful,913.4699999999999
P004810,O004810,Cash,Successful,1214.61
P004811,O004811,Credit Card,Successful,454.51
P004812,O004812,UPI,Successful,836.46
P004813,O004813,Credit Card,Successful,483.43
P004814,O004814,Cash,Successful,597.03
P004815,O004815,UPI,Successful,1472.22
P004816,O004816,Credit Card,Successful,1426.98
P004817,O004817,UPI,Successful,720.56
P004818,O004818,Wallet,Successful,343.01
P004819,O004819,UPI,Successful,663.2900000000001
P004820,O004820,Wallet,Successful,1452.53
P004821,O004821,UPI,Successful,177.88
P004822,O004822,UPI,Successful,1161.5800000000002
P004823,O004823,Wallet,Successful,1189.29
P004824,O004824,Cash,Refunded,171.83
P004825,O004825,Credit Card,Successful,953.9000000000001
P004826,O004826,Credit Card,Successful,590.9300000000001
P004827,O004827,Credit Card,Successful,429.7
P004828,O004828,UPI,Successful,768.13
P004829,O004829,UPI,Refunded,482.73
P004830,O004830,Cash,Successful,1592.0800000000002
P004831,O004831,Wallet,Successful,1125.28
P004832,O004832,Debit Card,Successful,1408.91
P004833,O004833,UPI,Successful,888.37
P004834,O004834,Debit Card,Successful,210.32
P004835,O004835,UPI,Successful,623.48
P004836,O004836,Debit Card,Successful,1630.74
P004837,O004837,Credit Card,Successful,841.9699999999999
P004838,O004838,Credit Card,Successful,763.43
P004839,O004839,Credit Card,Successful,872.83
P004840,O004840,Cash,Successful,413.96000000000004
P004841,O004841,Cash,Successful,196.67
P004842,O004842,Debit Card,Successful,427.97
P004843,O004843,Credit Card,Refunded,634.94
P004844,O004844,UPI,Successful,463.32000000000005
P004845,O004845,Cash,Successful,1054.06
P004846,O004846,UPI,Successful,955.75
P004847,O004847,Cash,Successful,1075.0100000000002
P004848,O004848,Cash,Successful,231.72000000000003
P004849,O004849,Credit Card,Successful,1081.34
P004850,O004850,Cash,Refunded,643.2900000000001
P004851,O004851,Credit Card,Successful,1623.3600000000001
P004852,O004852,Cash,Successful,1093.14
P004853,O004853,Debit Card,Successful,246.79999999999998
P004854,O004854,Credit Card,Failed,108.23
P004855,O004855,UPI,Successful,1045.23
P004856,O004856,Wallet,Successful,630.1600000000001
P004857,O004857,Credit Card,Successful,518.9100000000001
P004858,O004858,UPI,Successful,747.56
P004859,O004859,Debit Card,Successful,193.28
P004860,O004860,Cash,Successful,647.3
P004861,O004861,Cash,Failed,624.4
P004862,O004862,Debit Card,Successful,1354.6
P004863,O004863,Wallet,Successful,345.26000000000005
P004864,O004864,Credit Card,Successful,1321.01
P004865,O004865,UPI,Successful,807.19
P004866,O004866,Cash,Refunded,184.07999999999998
P004867,O004867,Cash,Successful,1555.5800000000002
P004868,O004868,UPI,Successful,1461.51
P004869,O004869,Credit Card,Successful,485.4
P004870,O004870,UPI,Successful,953.54
P004871,O004871,Debit Card,Successful,1656.0800000000002
P004872,O004872,Cash,Failed,1688.1599999999999
P004873,O004873,Wallet,Successful,1223.21
P004874,O004874,Debit Card,Successful,1168.07
P004875,O004875,Cash,Successful,463.08000000000004
P004876,O004876,Debit Card,Successful,1527.49
P004877,O004877,Wallet,Successful,540.0
P004878,O004878,Credit Card,Successful,241.69
P004879,O004879,UPI,Successful,1869.68
P004880,O004880,Cash,Successful,301.75
P004881,O004881,Credit Card,Successful,1003.8599999999999
P004882,O004882,Credit Card,Successful,952.99
P004883,O004883,Cash,Successful,1662.1799999999998
P004884,O004884,Credit Card,Successful,824.3299999999999
P004885,O004885,Debit Card,Successful,975.9900000000001
P004887,O004887,UPI,Successful,459.59999999999997
P004888,O004888,Wallet,Successful,1540.66
P004889,O004889,Wallet,Successful,742.3299999999999
P004890,O004890,Credit Card,Successful,467.28
P004891,O004891,Wallet,Successful,678.66
P004892,O004892,Credit Card,Successful,641.16
P004893,O004893,Credit Card,Successful,1128.32
P004894,O004894,Cash,Successful,153.81
P004895,O004895,UPI,Successful,474.68000000000006
P004896,O004896,Wallet,Successful,739.6899999999999
P004897,O004897,UPI,Successful,1623.87
P004898,O004898,Debit Card,Successful,1266.8600000000001
P004899,O004899,UPI,Successful,832.91
P004900,O004900,Debit Card,Successful,451.43
P004901,O004901,Credit Card,Successful,1140.8200000000002
P004902,O004902,Wallet,Refunded,1630.28
P004903,O004903,Credit Card,Successful,968.87
P004904,O004904,UPI,Successful,318.40999999999997
P004905,O004905,Credit Card,Successful,1952.07
P004906,O004906,Wallet,Successful,942.5799999999999
P004907,O004907,UPI,Successful,650.18
P004908,O004908,Debit Card,Successful,820.7
P004909,O004909,Wallet,Successful,534.4
P004910,O004910,Cash,Successful,128.0
P004911,O004911,UPI,Successful,1527.28
P004912,O004912,Cash,Successful,758.51
P004913,O004913,Cash,Successful,1362.62
P004914,O004914,Cash,Successful,1805.75
P004915,O004915,UPI,Failed,1278.5900000000001
P004916,O004916,Debit Card,Failed,1340.48
P004917,O004917,Cash,Failed,1794.18
P004918,O004918,UPI,Successful,778.1500000000001
P004919,O004919,Credit Card,Successful,508.75999999999993
P004920,O004920,Cash,Successful,1708.6100000000001
P004921,O004921,UPI,Successful,223.77
P004922,O004922,Wallet,Successful,464.85
P004923,O004923,Credit Card,Successful,569.5799999999999
P004924,O004924,Debit Card,Successful,1171.7
P004925,O004925,Debit Card,Successful,1544.2
P004926,O004926,Credit Card,Successful,803.1
P004927,O004927,UPI,Successful,555.0699999999999
P004928,O004928,Wallet,Successful,728.8100000000001
P004929,O004929,Credit Card,Successful,1327.3200000000002
P004930,O004930,Wallet,Failed,325.59999999999997
P004931,O004931,Wallet,Refunded,866.9299999999998
P004932,O004932,Cash,Successful,944.22
P004933,O004933,Cash,Failed,1054.67
P004934,O004934,Cash,Successful,942.9200000000001
P004935,O004935,UPI,Successful,259.70000000000005
P004936,O004936,Wallet,Successful,1359.3500000000001
P004937,O004937,Cash,Successful,123.05999999999999
P004938,O004938,Cash,Successful,753.6500000000001
P004939,O004939,Debit Card,Successful,697.3599999999999
P004940,O004940,Cash,Successful,315.04
P004941,O004941,UPI,Successful,85.14
P004942,O004942,Debit Card,Successful,167.67000000000002
P004943,O004943,UPI,Failed,922.85
P004944,O004944,Cash,Successful,484.19999999999993
P004945,O004945,Credit Card,Successful,168.73000000000002
P004946,O004946,Wallet,Successful,554.18
P004947,O004947,Credit Card,Successful,875.34
P004948,O004948,Credit Card,Successful,1187.87
P004949,O004949,UPI,Successful,820.93
P004950,O004950,UPI,Refunded,1262.64
P004951,O004951,Cash,Successful,987.8899999999999
P004952,O004952,Debit Card,Successful,1469.13
P004953,O004953,Wallet,Successful,354.92
P004954,O004954,Cash,Successful,958.0400000000001
P004955,O004955,Cash,Successful,1064.94
P004956,O004956,Credit Card,Successful,910.75
P004957,O004957,Credit Card,Refunded,825.9
P004958,O004958,Cash,Failed,1495.17
P004959,O004959,Debit Card,Successful,1669.6799999999998
P004960,O004960,Wallet,Successful,1128.05
P004961,O004961,UPI,Successful,783.4100000000001
P004962,O004962,Wallet,Successful,1100.3600000000001
P004963,O004963,UPI,Successful,963.5999999999999
P004964,O004964,UPI,Successful,1725.51
P004965,O004965,Cash,Successful,1291.1599999999999
P004966,O004966,Credit Card,Successful,182.71
P004967,O004967,UPI,Successful,769.3
P004968,O004968,Credit Card,Successful,1178.38
P004969,O004969,Wallet,Refunded,1626.17
P004970,O004970,Cash,Successful,1515.2
P004971,O004971,Wallet,Successful,1835.64
P004972,O004972,Debit Card,Successful,789.27
P004973,O004973,Debit Card,Successful,356.29
P004974,O004974,Credit Card,Successful,1238.03
P004975,O004975,UPI,Successful,198.73999999999998
P004976,O004976,Wallet,Successful,1898.3200000000002
P004977,O004977,Debit Card,Successful,1536.1000000000001
P004978,O004978,Credit Card,Successful,1558.4299999999998
P004979,O004979,Credit Card,Successful,666.43
P004980,O004980,Credit Card,Successful,129.67999999999998
P004981,O004981,Cash,Refunded,1074.57
P004982,O004982,Cash,Successful,308.52
P004983,O004983,Wallet,Successful,1013.06
P004984,O004984,Cash,Successful,840.6499999999999
P004985,O004985,UPI,Successful,1161.6799999999998
P004986,O004986,UPI,Successful,504.24
P004987,O004987,UPI,Successful,1181.3200000000002
P004988,O004988,Credit Card,Successful,955.5799999999999
P004989,O004989,UPI,Successful,1936.74
P004990,O004990,Debit Card,Successful,436.27
P004991,O004991,UPI,Successful,167.82
P004992,O004992,UPI,Successful,1577.03
P004993,O004993,Credit Card,Successful,630.5799999999999
P004994,O004994,Credit Card,Successful,894.36
P004995,O004995,Cash,Successful,1351.96
P004996,O004996,UPI,Successful,719.6500000000001
P004997,O004997,Cash,Successful,555.89
P004998,O004998,Debit Card,Failed,183.32
P004999,O004999,Debit Card,Successful,809.24
P005000,O005000,Cash,Successful,1095.77
P005001,O005001,Wallet,Successful,511.4
P005002,O005002,Debit Card,Successful,1252.01
P005003,O005003,Wallet,Successful,803.1500000000001
P005004,O005004,Cash,Successful,1333.2800000000002
P005005,O005005,Wallet,Successful,328.74
P005006,O005006,UPI,Successful,1357.81
P005007,O005007,Credit Card,Successful,1639.1799999999998
P005008,O005008,Cash,Successful,1464.0600000000002
P005009,O005009,Wallet,Successful,762.92
P005010,O005010,Wallet,Successful,411.07
P005011,O005011,Debit Card,Successful,281.17999999999995
P005012,O005012,Cash,Successful,1250.97
P005013,O005013,Credit Card,Successful,277.53000000000003
P005014,O005014,Cash,Successful,1404.36
P005015,O005015,UPI,Successful,1537.7
P005016,O005016,Credit Card,Successful,323.46
P005017,O005017,UPI,Successful,695.06
P005018,O005018,Credit Card,Successful,1451.1
P005019,O005019,Credit Card,Successful,733.01
P005020,O005020,Debit Card,Successful,790.75
P005021,O005021,Debit Card,Successful,1132.1399999999999
P005022,O005022,Credit Card,Successful,489.89
P005023,O005023,Cash,Successful,1758.45
P005024,O005024,Credit Card,Successful,1227.88
P005025,O005025,Debit Card,Failed,355.63
P005026,O005026,Credit Card,Successful,270.30999999999995
P005027,O005027,UPI,Successful,1429.27
P005028,O005028,UPI,Successful,1051.1299999999999
P005029,O005029,Cash,Successful,132.14
P005030,O005030,UPI,Successful,330.43999999999994
P005031,O005031,Cash,Successful,177.82
P005032,O005032,UPI,Successful,1740.81
P005033,O005033,Credit Card,Successful,825.84
P005034,O005034,Credit Card,Successful,871.0600000000001
P005035,O005035,UPI,Successful,1884.15
P005036,O005036,UPI,Successful,804.4599999999999
P005037,O005037,Credit Card,Successful,1063.1100000000001
P005038,O005038,UPI,Successful,1381.13
P005039,O005039,Debit Card,Successful,231.15000000000003
P005040,O005040,Debit Card,Successful,1406.89
P005041,O005041,Credit Card,Successful,311.1
P005042,O005042,Debit Card,Successful,968.25
P005043,O005043,Wallet,Successful,648.32
P005044,O005044,Debit Card,Successful,1393.61
P005045,O005045,Credit Card,Successful,994.58
P005046,O005046,Wallet,Failed,130.57
P005047,O005047,Wallet,Successful,448.17
P005048,O005048,Credit Card,Successful,794.56
P005049,O005049,Debit Card,Successful,992.9100000000001
P005050,O005050,Wallet,Successful,1029.2199999999998
P005051,O005051,Credit Card,Successful,1591.8999999999999
P005052,O005052,Debit Card,Successful,1450.57
P005053,O005053,Cash,Successful,1076.8
P005054,O005054,Wallet,Successful,963.8199999999999
P005055,O005055,UPI,Successful,441.06
P005056,O005056,Wallet,Successful,1602.4
P005057,O005057,Credit Card,Successful,211.9
P005058,O005058,UPI,Successful,702.15
P005059,O005059,UPI,Refunded,957.1299999999999
P005060,O005060,Wallet,Successful,1541.23
P005061,O005061,Credit Card,Successful,1014.08
P005062,O005062,Cash,Failed,1308.78
P005063,O005063,Debit Card,Successful,246.1
P005064,O005064,Debit Card,Successful,1057.36
P005065,O005065,UPI,Successful,652.06
P005066,O005066,UPI,Successful,1553.54
P005067,O005067,UPI,Successful,672.97
P005068,O005068,Cash,Successful,981.66
P005069,O005069,Debit Card,Successful,171.93
P005070,O005070,Wallet,Successful,837.79
P005071,O005071,Debit Card,Successful,247.4
P005072,O005072,Wallet,Successful,582.0699999999999
P005073,O005073,Debit Card,Successful,341.04
P005074,O005074,Cash,Refunded,555.18
P005075,O005075,Debit Card,Successful,445.53999999999996
P005076,O005076,UPI,Successful,554.86
P005077,O005077,Wallet,Successful,286.92
P005078,O005078,Cash,Successful,789.54
P005079,O005079,Credit Card,Successful,858.7
P005080,O005080,UPI,Successful,1276.6100000000001
P005081,O005081,UPI,Failed,880.8399999999999
P005082,O005082,Cash,Successful,428.94
P005083,O005083,Debit Card,Successful,1181.72
P005084,O005084,Debit Card,Successful,612.3299999999999
P005085,O005085,Debit Card,Successful,1483.0800000000002
P005086,O005086,Cash,Successful,679.52
P005087,O005087,Credit Card,Successful,1003.6700000000001
P005088,O005088,Credit Card,Successful,1042.0400000000002
P005089,O005089,Credit Card,Successful,1769.55
P005090,O005090,UPI,Successful,307.26
P005091,O005091,Wallet,Successful,1483.02
P005092,O005092,Wallet,Successful,851.3399999999999
P005093,O005093,Debit Card,Successful,1585.3
P005094,O005094,Credit Card,Successful,1032.1100000000001
P005095,O005095,Cash,Successful,1241.83
P005096,O005096,UPI,Failed,1177.41
P005097,O005097,Cash,Successful,1456.0700000000002
P005098,O005098,Cash,Successful,760.9200000000001
P005099,O005099,Debit Card,Successful,1034.37
P005100,O005100,Cash,Successful,1134.51
P005101,O005101,UPI,Successful,783.37
P005102,O005102,Cash,Successful,1204.6599999999999
P005103,O005103,Cash,Successful,410.15
P005104,O005104,Cash,Successful,329.01
P005105,O005105,UPI,Successful,1329.3
P005106,O005106,Wallet,Successful,1023.56
P005107,O005107,Debit Card,Successful,666.91
P005108,O005108,UPI,Successful,979.06
P005109,O005109,UPI,Successful,1102.8600000000001
P005110,O005110,Cash,Successful,394.56
P005111,O005111,Cash,Successful,1074.8600000000001
P005112,O005112,UPI,Successful,1389.23
P005113,O005113,Debit Card,Successful,704.3
P005114,O005114,UPI,Successful,1117.6599999999999
P005115,O005115,Debit Card,Successful,228.07
P005116,O005116,UPI,Refunded,1274.3100000000002
P005117,O005117,UPI,Successful,1155.3200000000002
P005118,O005118,Wallet,Successful,887.9
P005119,O005119,Debit Card,Failed,312.11
P005120,O005120,Cash,Successful,955.8
P005121,O005121,Debit Card,Successful,1074.5600000000002
P005122,O005122,Debit Card,Successful,1415.65
P005123,O005123,Debit Card,Successful,559.8199999999999
P005124,O005124,Credit Card,Successful,115.45999999999998
P005125,O005125,Debit Card,Successful,478.96999999999997
P005126,O005126,Wallet,Successful,799.3199999999999
P005127,O005127,Debit Card,Successful,374.19
P005128,O005128,Credit Card,Successful,1811.1
P005129,O005129,Wallet,Successful,388.19999999999993
P005130,O005130,Cash,Successful,1364.23
P005131,O005131,Credit Card,Successful,917.51
P005132,O005132,UPI,Successful,1088.05
P005133,O005133,Wallet,Successful,1832.3899999999999
P005134,O005134,Wallet,Successful,881.6400000000001
P005135,O005135,UPI,Successful,479.77
P005136,O005136,Wallet,Successful,497.84999999999997
P005137,O005137,Wallet,Successful,1364.62
P005138,O005138,Wallet,Successful,1870.21
P005139,O005139,Cash,Successful,409.49
P005140,O005140,Wallet,Successful,1247.81
P005141,O005141,Cash,Successful,791.1800000000001
P005142,O005142,Debit Card,Successful,1354.28
P005143,O005143,Wallet,Refunded,1418.9099999999999
P005144,O005144,Cash,Refunded,609.26
P005145,O005145,Credit Card,Successful,1495.5600000000002
P005146,O005146,UPI,Successful,733.85
P005147,O005147,Cash,Successful,1296.99
P005148,O005148,UPI,Successful,645.98
P005149,O005149,Wallet,Successful,1176.36
P005150,O005150,Cash,Successful,667.65
P005151,O005151,Debit Card,Failed,942.3699999999999
P005152,O005152,UPI,Successful,1411.15
P005153,O005153,Cash,Successful,143.82
P005154,O005154,Debit Card,Failed,524.36
P005155,O005155,Wallet,Successful,879.44
P005156,O005156,UPI,Successful,196.10000000000002
P005157,O005157,Debit Card,Successful,1384.86
P005158,O005158,Debit Card,Successful,1236.75
P005159,O005159,UPI,Successful,291.49
P005160,O005160,UPI,Successful,1375.82
P005161,O005161,Wallet,Successful,1160.34
P005162,O005162,Credit Card,Successful,876.9599999999999
P005163,O005163,Wallet,Successful,310.29
P005164,O005164,Cash,Successful,1902.36
P005165,O005165,Wallet,Failed,838.35
P005166,O005166,Cash,Successful,371.28000000000003
P005167,O005167,UPI,Successful,1440.11
P005168,O005168,Credit Card,Successful,1188.87
P005169,O005169,Debit Card,Successful,1259.13
P005170,O005170,Debit Card,Successful,1841.62
P005171,O005171,Credit Card,Successful,144.97
P005172,O005172,Wallet,Successful,1166.51
P005173,O005173,Wallet,Successful,1737.48
P005174,O005174,Wallet,Successful,1101.17
P005175,O005175,Wallet,Successful,1455.1
P005176,O005176,Cash,Successful,799.5
P005177,O005177,UPI,Successful,761.2
P005178,O005178,Debit Card,Successful,1113.08
P005179,O005179,UPI,Successful,1751.4599999999998
P005180,O005180,UPI,Successful,217.97000000000003
P005181,O005181,Cash,Successful,791.5799999999999
P005182,O005182,Debit Card,Refunded,1531.45
P005183,O005183,Debit Card,Successful,235.76999999999998
P005184,O005184,Cash,Successful,982.0799999999999
P005185,O005185,UPI,Successful,912.66
P005186,O005186,UPI,Successful,658.0600000000001
P005187,O005187,UPI,Successful,413.67
P005188,O005188,Credit Card,Successful,351.90000000000003
P005189,O005189,Debit Card,Successful,1062.1000000000001
P005190,O005190,Debit Card,Successful,800.0
P005191,O005191,Credit Card,Successful,879.7800000000001
P005192,O005192,Cash,Successful,464.19
P005193,O005193,Wallet,Successful,587.11
P005194,O005194,UPI,Successful,1531.28
P005195,O005195,Debit Card,Successful,771.2
P005196,O005196,Wallet,Successful,763.4499999999999
P005197,O005197,Debit Card,Successful,113.16999999999999
P005198,O005198,Debit Card,Failed,611.23
P005199,O005199,Wallet,Successful,1090.69
P005200,O005200,Wallet,Successful,1074.0500000000002
P005201,O005201,Cash,Failed,1155.7
P005202,O005202,Wallet,Successful,878.52
P005203,O005203,Debit Card,Successful,228.7
P005204,O005204,Credit Card,Refunded,612.23
P005205,O005205,Wallet,Successful,1341.45
P005206,O005206,Wallet,Successful,949.6899999999999
P005207,O005207,Wallet,Successful,1220.04
P005208,O005208,Cash,Successful,688.07
P005209,O005209,Wallet,Successful,421.86
P005210,O005210,Debit Card,Successful,1603.97
P005211,O005211,Cash,Successful,634.48
P005212,O005212,Cash,Failed,1058.75
P005213,O005213,Cash,Successful,690.12
P005214,O005214,Wallet,Successful,1663.61
P005215,O005215,Cash,Successful,1494.8500000000001
P005216,O005216,UPI,Successful,1269.02
P005217,O005217,UPI,Successful,1081.8999999999999
P005218,O005218,UPI,Successful,1364.76
P005219,O005219,Credit Card,Successful,814.4699999999999
P005220,O005220,Credit Card,Successful,1410.61
P005221,O005221,Credit Card,Successful,853.34
P005222,O005222,Wallet,Successful,155.72
P005223,O005223,Credit Card,Successful,1832.37
P005224,O005224,Wallet,Successful,1223.8000000000002
P005225,O005225,Wallet,Successful,992.44
P005226,O005226,Credit Card,Successful,1804.59
P005227,O005227,Debit Card,Successful,1739.36
P005228,O005228,Wallet,Successful,247.08999999999997
P005229,O005229,Credit Card,Successful,995.6099999999999
P005230,O005230,Wallet,Successful,833.5700000000002
P005231,O005231,Wallet,Successful,1293.9099999999999
P005232,O005232,UPI,Failed,600.1
P005233,O005233,UPI,Failed,99.13
P005234,O005234,Wallet,Successful,365.95
P005235,O005235,Credit Card,Successful,393.67
P005236,O005236,UPI,Successful,527.23
P005237,O005237,Debit Card,Refunded,571.81
P005238,O005238,Debit Card,Successful,1117.81
P005239,O005239,Debit Card,Successful,186.78
P005240,O005240,Debit Card,Successful,772.49
P005241,O005241,Credit Card,Successful,902.7600000000001
P005242,O005242,Wallet,Successful,1169.5700000000002
P005243,O005243,Cash,Successful,521.0699999999999
P005244,O005244,Cash,Successful,510.94000000000005
P005245,O005245,UPI,Successful,833.7
P005246,O005246,Credit Card,Successful,1178.86
P005247,O005247,Credit Card,Successful,162.77
P005248,O005248,Cash,Successful,525.3399999999999
P005249,O005249,Credit Card,Successful,1277.3500000000001
P005250,O005250,Debit Card,Successful,925.4000000000001
P005251,O005251,UPI,Successful,1800.27
P005252,O005252,Credit Card,Successful,1679.4499999999998
P005253,O005253,Credit Card,Successful,727.78
P005254,O005254,Cash,Successful,1116.8700000000001
P005255,O005255,Debit Card,Successful,567.86
P005256,O005256,Credit Card,Successful,344.90999999999997
P005257,O005257,Debit Card,Successful,1620.98
P005258,O005258,Debit Card,Successful,612.36
P005259,O005259,Credit Card,Successful,342.86
P005260,O005260,Credit Card,Successful,1895.2
P005261,O005261,Cash,Successful,127.77999999999999
P005262,O005262,Cash,Successful,729.54
P005263,O005263,UPI,Successful,168.69
P005264,O005264,Cash,Successful,1032.73
P005265,O005265,Credit Card,Successful,766.09
P005266,O005266,UPI,Successful,1230.98
P005267,O005267,UPI,Successful,1541.25
P005268,O005268,UPI,Successful,902.2700000000001
P005269,O005269,Cash,Successful,469.24
P005270,O005270,Credit Card,Successful,1676.2
P005271,O005271,Debit Card,Successful,938.0900000000001
P005272,O005272,Debit Card,Successful,969.1199999999999
P005273,O005273,UPI,Successful,339.97
P005274,O005274,Debit Card,Successful,154.45
P005275,O005275,Cash,Successful,835.5
P005276,O005276,UPI,Successful,963.51
P005277,O005277,UPI,Successful,331.6
P005278,O005278,Debit Card,Successful,203.59
P005279,O005279,Credit Card,Successful,431.28000000000003
P005280,O005280,Credit Card,Successful,184.71999999999997
P005281,O005281,Wallet,Successful,177.66
P005282,O005282,Credit Card,Successful,940.28
P005283,O005283,Wallet,Successful,1390.8
P005284,O005284,UPI,Successful,1306.96
P005285,O005285,Debit Card,Successful,1154.5600000000002
P005286,O005286,UPI,Successful,546.86
P005287,O005287,UPI,Successful,85.07999999999998
P005288,O005288,Cash,Successful,853.1700000000001
P005289,O005289,Credit Card,Successful,615.47
P005290,O005290,UPI,Successful,1759.78
P005291,O005291,Cash,Successful,223.38
P005292,O005292,Debit Card,Successful,1470.72
P005293,O005293,Cash,Successful,749.12
P005294,O005294,Cash,Successful,1249.4
P005295,O005295,Cash,Successful,801.8999999999999
P005296,O005296,Debit Card,Successful,1442.24
P005297,O005297,Wallet,Successful,931.3199999999999
P005298,O005298,UPI,Successful,850.91
P005299,O005299,Debit Card,Successful,1572.72
P005300,O005300,UPI,Successful,631.03
P005301,O005301,Credit Card,Successful,1333.6599999999999
P005302,O005302,Credit Card,Successful,193.17000000000002
P005303,O005303,UPI,Successful,155.1
P005304,O005304,UPI,Successful,925.51
P005305,O005305,Wallet,Successful,853.02
P005306,O005306,Credit Card,Successful,1152.08
P005307,O005307,Debit Card,Successful,149.69
P005308,O005308,Debit Card,Successful,1102.37
P005309,O005309,Cash,Successful,323.23
P005310,O005310,Debit Card,Successful,1507.3200000000002
P005311,O005311,Credit Card,Successful,660.54
P005312,O005312,UPI,Successful,428.37
P005313,O005313,Wallet,Successful,619.75
P005314,O005314,UPI,Successful,1355.17
P005315,O005315,Credit Card,Successful,775.95
P005316,O005316,Credit Card,Successful,878.6
P005317,O005317,Cash,Successful,1038.55
P005318,O005318,Debit Card,Successful,1809.99
P005319,O005319,Debit Card,Successful,562.45
P005320,O005320,Wallet,Successful,315.74
P005321,O005321,Credit Card,Successful,1202.16
P005322,O005322,UPI,Successful,954.1
P005323,O005323,UPI,Successful,168.4
P005324,O005324,UPI,Successful,941.58
P005325,O005325,Wallet,Successful,1049.76
P005326,O005326,Cash,Successful,1162.98
P005327,O005327,Credit Card,Successful,1815.8899999999999
P005328,O005328,Debit Card,Successful,812.11
P005329,O005329,Wallet,Successful,810.7800000000001
P005330,O005330,Credit Card,Failed,214.01
P005331,O005331,Wallet,Successful,1326.93
P005332,O005332,Credit Card,Successful,273.54
P005333,O005333,Debit Card,Failed,1650.03
P005334,O005334,Debit Card,Successful,635.96
P005335,O005335,UPI,Successful,681.9599999999999
P005336,O005336,UPI,Successful,632.74
P005337,O005337,Debit Card,Successful,1471.48
P005338,O005338,Cash,Successful,1867.13
P005339,O005339,UPI,Successful,1656.3500000000001
P005340,O005340,UPI,Successful,1326.08
P005341,O005341,Cash,Successful,272.73
P005342,O005342,Wallet,Successful,740.1600000000001
P005343,O005343,Credit Card,Successful,521.96
P005344,O005344,Wallet,Successful,1113.16
P005345,O005345,Debit Card,Successful,880.72
P005346,O005346,UPI,Successful,1207.81
P005347,O005347,UPI,Successful,86.21000000000001
P005348,O005348,Debit Card,Successful,1498.76
P005349,O005349,Debit Card,Failed,1577.64
P005350,O005350,Credit Card,Successful,1154.8
P005351,O005351,Wallet,Successful,1570.88
P005352,O005352,Debit Card,Successful,720.31
P005353,O005353,UPI,Successful,110.30000000000001
P005354,O005354,Cash,Successful,1702.45
P005355,O005355,UPI,Successful,183.6
P005356,O005356,UPI,Successful,453.34
P005357,O005357,Debit Card,Successful,152.88
P005358,O005358,Wallet,Successful,1255.1100000000001
P005359,O005359,Debit Card,Successful,1135.39
P005360,O005360,UPI,Successful,473.78000000000003
P005361,O005361,UPI,Successful,1878.43
P005362,O005362,Debit Card,Successful,1378.78
P005363,O005363,Credit Card,Successful,459.9
P005364,O005364,Cash,Successful,1098.1599999999999
P005365,O005365,Debit Card,Successful,1270.72
P005366,O005366,Debit Card,Failed,624.9200000000001
P005367,O005367,Debit Card,Successful,462.24999999999994
P005368,O005368,Debit Card,Successful,430.19
P005369,O005369,UPI,Successful,1613.12
P005370,O005370,Credit Card,Successful,963.74
P005371,O005371,UPI,Successful,1435.68
P005372,O005372,Debit Card,Failed,1168.1299999999999
P005373,O005373,Wallet,Successful,488.25
P005374,O005374,UPI,Successful,366.07000000000005
P005375,O005375,Debit Card,Successful,259.47
P005376,O005376,Cash,Successful,127.75999999999999
P005377,O005377,Cash,Successful,191.48999999999998
P005378,O005378,Credit Card,Successful,548.4
P005379,O005379,UPI,Successful,1200.1899999999998
P005380,O005380,Cash,Failed,306.1
P005381,O005381,Credit Card,Successful,1064.1000000000001
P005382,O005382,Credit Card,Successful,417.39
P005383,O005383,Credit Card,Successful,838.44
P005384,O005384,Cash,Successful,1281.04
P005385,O005385,Wallet,Successful,594.03
P005386,O005386,Credit Card,Successful,602.45
P005387,O005387,UPI,Successful,1275.97
P005388,O005388,Credit Card,Successful,886.53
P005389,O005389,UPI,Successful,276.63
P005390,O005390,UPI,Successful,1274.87
P005391,O005391,Wallet,Successful,543.03
P005392,O005392,Debit Card,Successful,724.38
P005393,O005393,UPI,Successful,477.98
P005394,O005394,Wallet,Successful,1090.3700000000001
P005395,O005395,UPI,Successful,1039.31
P005396,O005396,Credit Card,Successful,1282.33
P005397,O005397,Credit Card,Successful,1804.8899999999999
P005398,O005398,Credit Card,Successful,763.86
P005399,O005399,Wallet,Successful,1753.66
P005400,O005400,Wallet,Successful,1180.72
P005401,O005401,Debit Card,Successful,716.1700000000001
P005402,O005402,Wallet,Successful,1498.4499999999998
P005403,O005403,Cash,Successful,1148.75
P005404,O005404,Cash,Successful,681.8499999999999
P005405,O005405,Debit Card,Successful,91.69999999999999
P005406,O005406,Debit Card,Failed,1185.17
P005407,O005407,Credit Card,Successful,226.37
P005408,O005408,Wallet,Successful,472.37
P005409,O005409,Cash,Failed,1744.96
P005410,O005410,Credit Card,Successful,357.08
P005411,O005411,UPI,Successful,619.0799999999999
P005412,O005412,UPI,Failed,1844.53
P005413,O005413,UPI,Successful,727.84
P005414,O005414,Cash,Successful,621.07
P005415,O005415,Cash,Successful,978.9999999999999
P005416,O005416,Credit Card,Successful,250.75
P005417,O005417,Credit Card,Successful,1494.85
P005418,O005418,Debit Card,Successful,547.01
P005419,O005419,UPI,Refunded,1444.44
P005420,O005420,Wallet,Successful,604.64
P005421,O005421,Wallet,Successful,522.5400000000001
P005422,O005422,UPI,Successful,178.98000000000002
P005423,O005423,Wallet,Failed,280.95
P005424,O005424,Cash,Successful,988.1700000000001
P005425,O005425,Cash,Successful,987.2
P005426,O005426,Debit Card,Successful,1349.1599999999999
P005427,O005427,Credit Card,Successful,158.11
P005428,O005428,Debit Card,Successful,599.2800000000001
P005429,O005429,Debit Card,Successful,432.77
P005430,O005430,UPI,Successful,691.1600000000001
P005431,O005431,UPI,Successful,717.63
P005432,O005432,Debit Card,Successful,733.5
P005433,O005433,Cash,Successful,665.81
P005434,O005434,Wallet,Successful,1535.6799999999998
P005435,O005435,Credit Card,Successful,1233.71
P005436,O005436,Wallet,Successful,533.3399999999999
P005437,O005437,Wallet,Successful,317.27
P005438,O005438,Wallet,Successful,843.22
P005439,O005439,Debit Card,Successful,1625.57
P005440,O005440,UPI,Successful,296.15
P005441,O005441,Wallet,Successful,1473.26
P005442,O005442,Cash,Successful,1127.3799999999999
P005443,O005443,UPI,Successful,878.8899999999999
P005444,O005444,Cash,Successful,1599.9899999999998
P005445,O005445,Wallet,Successful,1798.82
P005446,O005446,Cash,Successful,451.12999999999994
P005447,O005447,Debit Card,Successful,1437.1
P005448,O005448,Debit Card,Successful,961.94
P005449,O005449,Wallet,Successful,852.39
P005450,O005450,Cash,Successful,1151.0500000000002
P005451,O005451,Cash,Refunded,1455.7199999999998
P005452,O005452,Wallet,Successful,804.91
P005453,O005453,Credit Card,Successful,1661.88
P005454,O005454,Cash,Successful,1027.71
P005455,O005455,Credit Card,Successful,722.74
P005456,O005456,Wallet,Successful,1076.91
P005457,O005457,Wallet,Successful,941.74
P005458,O005458,Cash,Successful,746.1
P005459,O005459,Cash,Successful,891.6200000000001
P005460,O005460,Debit Card,Failed,1030.8700000000001
P005461,O005461,Cash,Successful,1332.32
P005462,O005462,UPI,Successful,646.8100000000001
P005463,O005463,Wallet,Successful,124.69
P005464,O005464,Debit Card,Successful,867.8
P005465,O005465,Credit Card,Successful,949.8300000000002
P005466,O005466,Debit Card,Successful,149.68
P005467,O005467,Debit Card,Successful,1225.16
P005468,O005468,Cash,Successful,1372.46
P005469,O005469,Credit Card,Successful,655.47
P005470,O005470,Debit Card,Successful,1323.59
P005471,O005471,Wallet,Successful,1530.0600000000002
P005472,O005472,Cash,Successful,299.91999999999996
P005473,O005473,Cash,Successful,1314.54
P005474,O005474,Cash,Successful,1054.48
P005475,O005475,UPI,Successful,1329.95
P005476,O005476,UPI,Successful,433.05
P005477,O005477,UPI,Successful,315.96999999999997
P005478,O005478,Cash,Successful,440.47999999999996
P005479,O005479,Cash,Successful,175.98
P005480,O005480,Credit Card,Successful,516.31
P005481,O005481,Credit Card,Successful,578.99
P005482,O005482,Wallet,Successful,879.66
P005483,O005483,UPI,Successful,687.23
P005484,O005484,Cash,Successful,339.79
P005485,O005485,Wallet,Successful,1214.79
P005486,O005486,Wallet,Successful,369.79999999999995
P005487,O005487,Wallet,Successful,275.65000000000003
P005488,O005488,Credit Card,Successful,1382.13
P005489,O005489,UPI,Successful,107.28999999999999
P005490,O005490,Wallet,Successful,573.03
P005491,O005491,Wallet,Successful,275.39
P005492,O005492,UPI,Failed,1671.4099999999999
P005493,O005493,Debit Card,Successful,1640.13
P005494,O005494,Wallet,Successful,191.05
P005495,O005495,Cash,Successful,1023.8799999999999
P005496,O005496,Credit Card,Successful,580.66
P005497,O005497,Cash,Successful,354.17999999999995
P005498,O005498,Wallet,Successful,689.92
P005499,O005499,Debit Card,Successful,1316.1200000000001
P005500,O005500,UPI,Successful,147.89000000000001
P005501,O005501,Credit Card,Successful,1172.18
P005502,O005502,UPI,Successful,1568.3200000000002
P005503,O005503,Credit Card,Successful,772.0899999999999
P005504,O005504,UPI,Successful,1657.5600000000002
P005505,O005505,Credit Card,Successful,1429.98
P005506,O005506,UPI,Successful,1181.6
P005507,O005507,UPI,Successful,947.32
P005508,O005508,UPI,Successful,1140.59
P005509,O005509,Debit Card,Successful,1743.34
P005510,O005510,Credit Card,Successful,1086.58
P005511,O005511,Debit Card,Successful,368.01
P005512,O005512,Debit Card,Successful,1635.34
P005513,O005513,UPI,Successful,1503.42
P005514,O005514,Debit Card,Successful,709.01
P005515,O005515,UPI,Successful,1158.63
P005516,O005516,Credit Card,Successful,988.42
P005517,O005517,Wallet,Successful,308.54
P005518,O005518,Wallet,Successful,742.11
P005519,O005519,Cash,Successful,377.60999999999996
P005520,O005520,Wallet,Successful,1211.65
P005521,O005521,Cash,Refunded,873.8199999999999
P005522,O005522,UPI,Successful,130.12
P005523,O005523,UPI,Successful,215.35000000000002
P005524,O005524,Wallet,Failed,431.2
P005525,O005525,Debit Card,Successful,1187.78
P005526,O005526,Wallet,Successful,290.6
P005527,O005527,Credit Card,Successful,421.14
P005528,O005528,Credit Card,Successful,1313.71
P005529,O005529,Wallet,Successful,949.94
P005530,O005530,Cash,Successful,1086.6
P005531,O005531,Credit Card,Successful,741.48
P005532,O005532,Credit Card,Successful,550.42
P005533,O005533,UPI,Successful,530.54
P005534,O005534,Credit Card,Successful,854.0699999999999
P005535,O005535,Cash,Successful,911.0500000000001
P005536,O005536,Cash,Successful,688.3299999999999
P005537,O005537,Wallet,Failed,1210.8
P005538,O005538,Credit Card,Successful,836.17
P005539,O005539,Wallet,Failed,120.94
P005540,O005540,Debit Card,Successful,1524.61
P005541,O005541,Credit Card,Successful,566.02
P005542,O005542,Debit Card,Successful,1478.0700000000002
P005543,O005543,Debit Card,Successful,1561.43
P005544,O005544,Debit Card,Successful,501.85
P005545,O005545,UPI,Successful,1900.21
P005546,O005546,Wallet,Successful,1230.26
P005547,O005547,Cash,Successful,1627.25
P005548,O005548,UPI,Refunded,1089.76
P005549,O005549,Credit Card,Successful,1605.5800000000002
P005550,O005550,Cash,Successful,1312.45
P005551,O005551,Wallet,Successful,1209.65
P005552,O005552,UPI,Successful,894.1999999999999
P005553,O005553,UPI,Successful,1384.15
P005554,O005554,UPI,Successful,786.3399999999999
P005555,O005555,Cash,Successful,1240.8
P005556,O005556,Credit Card,Successful,1638.96
P005557,O005557,Wallet,Successful,809.63
P005558,O005558,Wallet,Successful,108.1
P005559,O005559,Credit Card,Successful,224.24
P005560,O005560,Cash,Failed,1689.39
P005561,O005561,Debit Card,Successful,1438.6999999999998
P005562,O005562,UPI,Successful,772.44
P005563,O005563,Cash,Successful,1519.8600000000001
P005564,O005564,Wallet,Failed,334.54999999999995
P005565,O005565,Cash,Successful,254.07999999999998
P005566,O005566,Wallet,Successful,1025.58
P005567,O005567,Debit Card,Successful,732.91
P005568,O005568,UPI,Failed,729.17
P005569,O005569,UPI,Successful,1469.98
P005570,O005570,Wallet,Successful,367.49
P005571,O005571,Wallet,Successful,1551.68
P005572,O005572,UPI,Successful,657.25
P005573,O005573,UPI,Successful,1735.7
P005574,O005574,Wallet,Successful,1623.7199999999998
P005575,O005575,UPI,Successful,1319.1
P005576,O005576,Wallet,Successful,451.86
P005577,O005577,UPI,Successful,1601.38
P005578,O005578,Debit Card,Successful,160.71
P005579,O005579,Debit Card,Successful,418.97
P005580,O005580,Credit Card,Successful,163.46
P005581,O005581,Credit Card,Refunded,1649.1100000000001
P005582,O005582,Credit Card,Failed,1672.1
P005583,O005583,Wallet,Successful,1886.63
P005584,O005584,Cash,Successful,1365.6499999999999
P005585,O005585,Cash,Successful,130.93
P005586,O005586,UPI,Successful,1452.55
P005587,O005587,UPI,Successful,828.1199999999999
P005588,O005588,Cash,Successful,635.25
P005589,O005589,Credit Card,Refunded,474.25
P005590,O005590,Credit Card,Successful,592.7199999999999
P005591,O005591,UPI,Successful,1367.2
P005592,O005592,UPI,Failed,515.0
P005593,O005593,UPI,Successful,517.8100000000001
P005594,O005594,Debit Card,Successful,1258.57
P005595,O005595,Debit Card,Successful,573.06
P005596,O005596,Debit Card,Successful,101.64
P005597,O005597,Credit Card,Successful,1384.1999999999998
P005598,O005598,Cash,Successful,555.53
P005599,O005599,Cash,Failed,1386.82
P005600,O005600,Wallet,Successful,857.62
P005601,O005601,Credit Card,Successful,260.33
P005602,O005602,Cash,Successful,1097.4
P005603,O005603,UPI,Successful,476.81000000000006
P005604,O005604,Wallet,Successful,530.54
P005605,O005605,Cash,Successful,130.34
P005606,O005606,Cash,Successful,112.18999999999998
P005607,O005607,Debit Card,Successful,796.5700000000002
P005608,O005608,Debit Card,Successful,158.65
P005609,O005609,Cash,Successful,419.56
P005610,O005610,UPI,Successful,1321.8400000000001
P005611,O005611,Cash,Successful,183.81
P005612,O005612,Cash,Successful,463.39
P005613,O005613,Debit Card,Failed,1382.47
P005614,O005614,Credit Card,Failed,1725.01
P005615,O005615,Cash,Successful,152.92000000000002
P005616,O005616,Cash,Successful,353.60999999999996
P005617,O005617,Debit Card,Successful,759.89
P005618,O005618,Wallet,Successful,659.12
P005619,O005619,Wallet,Successful,522.22
P005620,O005620,Debit Card,Successful,482.48
P005621,O005621,Wallet,Successful,511.31000000000006
P005622,O005622,Wallet,Refunded,345.53999999999996
P005623,O005623,Cash,Successful,287.95
P005624,O005624,Credit Card,Refunded,1110.53
P005625,O005625,Debit Card,Successful,614.8199999999999
P005626,O005626,Wallet,Successful,735.64
P005627,O005627,Wallet,Successful,798.6700000000001
P005628,O005628,Credit Card,Successful,272.26
P005629,O005629,Wallet,Successful,1377.23
P005630,O005630,Debit Card,Successful,1756.9499999999998
P005631,O005631,UPI,Failed,480.62
P005632,O005632,UPI,Refunded,573.98
P005633,O005633,UPI,Successful,1381.22
P005634,O005634,Debit Card,Successful,185.77
P005635,O005635,UPI,Successful,1562.7
P005636,O005636,Debit Card,Successful,237.99
P005637,O005637,Credit Card,Successful,1320.67
P005638,O005638,UPI,Successful,547.43
P005639,O005639,Wallet,Successful,527.0300000000001
P005640,O005640,Debit Card,Successful,316.63
P005641,O005641,Cash,Successful,1075.79
P005642,O005642,UPI,Successful,1491.12
P005643,O005643,Cash,Successful,1769.3400000000001
P005644,O005644,UPI,Successful,611.11
P005645,O005645,Cash,Successful,1044.73
P005646,O005646,Credit Card,Refunded,713.69
P005647,O005647,UPI,Successful,892.44
P005648,O005648,Wallet,Refunded,296.21
P005649,O005649,Debit Card,Successful,1118.49
P005650,O005650,Debit Card,Successful,1394.87
P005651,O005651,UPI,Successful,1509.5
P005652,O005652,Cash,Successful,991.1800000000001
P005653,O005653,Debit Card,Successful,473.36999999999995
P005654,O005654,Wallet,Successful,1288.88
P005655,O005655,Wallet,Failed,1951.46
P005656,O005656,UPI,Successful,668.09
P005657,O005657,UPI,Successful,1627.94
P005658,O005658,Cash,Successful,1582.3
P005659,O005659,Wallet,Failed,641.81
P005660,O005660,Cash,Successful,1223.5500000000002
P005661,O005661,UPI,Successful,1094.28
P005662,O005662,Credit Card,Successful,1432.3500000000001
P005663,O005663,UPI,Failed,358.86
P005664,O005664,Credit Card,Successful,709.61
P005665,O005665,Debit Card,Successful,177.13
P005666,O005666,Debit Card,Successful,1117.7199999999998
P005667,O005667,Cash,Successful,1635.93
P005668,O005668,Wallet,Successful,1063.05
P005669,O005669,UPI,Successful,208.2
P005670,O005670,Debit Card,Successful,1718.66
P005671,O005671,Cash,Failed,274.97
P005672,O005672,Debit Card,Successful,1253.3999999999999
P005673,O005673,Debit Card,Successful,1135.9099999999999
P005674,O005674,Credit Card,Successful,1280.1799999999998
P005675,O005675,UPI,Successful,984.39
P005676,O005676,Wallet,Successful,275.55
P005677,O005677,Wallet,Successful,806.0799999999999
P005678,O005678,Cash,Refunded,365.33000000000004
P005679,O005679,Cash,Successful,1005.45
P005680,O005680,Wallet,Successful,875.1600000000001
P005681,O005681,Credit Card,Successful,1341.0400000000002
P005682,O005682,UPI,Successful,1961.8
P005683,O005683,Debit Card,Successful,785.5699999999999
P005684,O005684,Wallet,Successful,914.5699999999999
P005685,O005685,UPI,Successful,1424.59
P005686,O005686,Credit Card,Successful,228.92000000000002
P005687,O005687,UPI,Successful,1437.3600000000001
P005688,O005688,Wallet,Successful,421.97999999999996
P005689,O005689,Wallet,Successful,1052.11
P005690,O005690,Credit Card,Successful,1544.58
P005691,O005691,Credit Card,Successful,1755.3200000000002
P005692,O005692,UPI,Successful,551.39
P005693,O005693,Debit Card,Successful,276.1
P005694,O005694,Debit Card,Failed,1704.48
P005695,O005695,Cash,Successful,1293.85
P005696,O005696,Cash,Successful,1076.97
P005697,O005697,Debit Card,Successful,149.09
P005698,O005698,Cash,Refunded,1218.68
P005699,O005699,Credit Card,Failed,314.25
P005700,O005700,Wallet,Successful,1352.21
P005701,O005701,Cash,Successful,906.37
P005702,O005702,UPI,Successful,1063.21
P005703,O005703,Credit Card,Successful,540.77
P005704,O005704,Wallet,Successful,909.3199999999999
P005705,O005705,Debit Card,Successful,1180.51
P005706,O005706,Debit Card,Successful,974.52
P005707,O005707,Wallet,Successful,1541.56
P005708,O005708,UPI,Successful,1120.38
P005709,O005709,Cash,Successful,211.62
P005710,O005710,UPI,Successful,1201.83
P005711,O005711,Wallet,Successful,924.8500000000001
P005712,O005712,UPI,Successful,643.12
P005713,O005713,Wallet,Successful,592.78
P005714,O005714,Wallet,Successful,179.37
P005715,O005715,UPI,Successful,769.73
P005716,O005716,Cash,Successful,628.76
P005717,O005717,UPI,Refunded,1480.95
P005718,O005718,UPI,Refunded,1084.5900000000001
P005719,O005719,Wallet,Failed,973.3
P005720,O005720,Wallet,Successful,1482.89
P005721,O005721,Wallet,Successful,1567.67
P005722,O005722,UPI,Successful,961.55
P005723,O005723,Cash,Successful,238.65
P005724,O005724,Wallet,Successful,1491.01
P005725,O005725,Wallet,Successful,227.67000000000002
P005726,O005726,Cash,Successful,1366.65
P005727,O005727,Credit Card,Successful,532.38
P005728,O005728,Credit Card,Successful,1021.5300000000001
P005729,O005729,Wallet,Successful,1492.53
P005730,O005730,UPI,Successful,143.41
P005731,O005731,Cash,Successful,662.38
P005732,O005732,UPI,Refunded,1129.8999999999999
P005733,O005733,Cash,Successful,1522.06
P005734,O005734,Debit Card,Successful,1111.23
P005735,O005735,Credit Card,Successful,1777.23
P005736,O005736,Cash,Successful,215.53000000000003
P005737,O005737,Debit Card,Successful,179.39000000000001
P005738,O005738,Wallet,Successful,1107.46
P005739,O005739,UPI,Successful,826.19
P005740,O005740,Cash,Successful,757.81
P005741,O005741,Wallet,Successful,1219.26
P005742,O005742,UPI,Successful,1426.26
P005743,O005743,Debit Card,Successful,212.85
P005744,O005744,Cash,Successful,296.28999999999996
P005745,O005745,Cash,Successful,1638.52
P005746,O005746,UPI,Successful,124.68
P005747,O005747,UPI,Successful,855.9
P005748,O005748,Credit Card,Successful,1322.87
P005749,O005749,UPI,Successful,367.44
P005750,O005750,Wallet,Successful,385.69
P005751,O005751,Wallet,Successful,486.99
P005752,O005752,Debit Card,Failed,360.72999999999996
P005753,O005753,Cash,Successful,1301.5
P005754,O005754,Cash,Successful,378.69
P005755,O005755,Cash,Successful,480.97999999999996
P005756,O005756,Wallet,Successful,1131.0
P005757,O005757,UPI,Successful,1477.23
P005758,O005758,UPI,Successful,1711.75
P005759,O005759,Cash,Successful,1351.03
P005760,O005760,Cash,Successful,1040.01
P005761,O005761,Wallet,Successful,478.11
P005762,O005762,Cash,Successful,1313.39
P005763,O005763,Wallet,Successful,651.22
P005764,O005764,Debit Card,Successful,1179.69
P005765,O005765,Debit Card,Successful,125.94999999999999
P005766,O005766,UPI,Successful,1083.5500000000002
P005767,O005767,UPI,Successful,607.96
P005768,O005768,UPI,Successful,466.56000000000006
P005769,O005769,Cash,Successful,1103.87
P005770,O005770,UPI,Successful,1166.04
P005771,O005771,Wallet,Successful,122.64000000000001
P005772,O005772,Debit Card,Successful,1506.0
P005773,O005773,Credit Card,Successful,769.99
P005774,O005774,UPI,Successful,1409.02
P005775,O005775,Wallet,Successful,1109.1399999999999
P005776,O005776,Wallet,Successful,1049.2800000000002
P005777,O005777,UPI,Successful,1890.79
P005778,O005778,UPI,Successful,1279.8600000000001
P005779,O005779,Credit Card,Successful,306.46
P005780,O005780,Wallet,Successful,86.15
P005781,O005781,Cash,Successful,584.5600000000001
P005782,O005782,Credit Card,Successful,781.1
P005783,O005783,Credit Card,Successful,1067.4499999999998
P005784,O005784,Credit Card,Failed,1053.95
P005785,O005785,Credit Card,Failed,539.4
P005786,O005786,Cash,Successful,1056.34
P005787,O005787,UPI,Successful,1194.62
P005788,O005788,Cash,Successful,1035.7600000000002
P005789,O005789,Debit Card,Successful,1183.98
P005790,O005790,Wallet,Successful,885.01
P005791,O005791,Wallet,Successful,1008.5800000000002
P005792,O005792,Cash,Successful,1848.29
P005793,O005793,Credit Card,Successful,604.86
P005794,O005794,UPI,Successful,1256.8999999999999
P005795,O005795,Wallet,Successful,664.14
P005796,O005796,Cash,Successful,654.31
P005797,O005797,Cash,Successful,1639.96
P005798,O005798,Debit Card,Successful,1079.9
P005799,O005799,UPI,Successful,1747.28
P005800,O005800,Wallet,Successful,1478.47
P005801,O005801,Cash,Successful,91.01
P005802,O005802,Credit Card,Successful,1453.72
P005803,O005803,Debit Card,Successful,213.26
P005804,O005804,Cash,Successful,184.92000000000002
P005805,O005805,Cash,Successful,1140.4199999999998
P005806,O005806,Wallet,Successful,593.8100000000001
P005807,O005807,Cash,Successful,1763.8899999999999
P005808,O005808,Cash,Failed,809.1099999999999
P005809,O005809,Credit Card,Successful,786.07
P005810,O005810,UPI,Successful,203.99
P005811,O005811,UPI,Successful,869.75
P005812,O005812,Debit Card,Successful,562.42
P005813,O005813,Wallet,Successful,187.83
P005814,O005814,Cash,Successful,1253.83
P005815,O005815,Debit Card,Successful,1641.28
P005816,O005816,Credit Card,Successful,737.1400000000001
P005817,O005817,UPI,Successful,486.60999999999996
P005818,O005818,Cash,Failed,258.31
P005819,O005819,Wallet,Successful,496.39000000000004
P005820,O005820,Wallet,Successful,620.0500000000001
P005821,O005821,Wallet,Successful,582.53
P005822,O005822,Debit Card,Failed,1241.34
P005823,O005823,UPI,Successful,267.36
P005824,O005824,Credit Card,Successful,162.47
P005825,O005825,UPI,Successful,1803.37
P005826,O005826,UPI,Successful,1166.68
P005827,O005827,Wallet,Successful,575.06
P005828,O005828,UPI,Successful,1001.45
P005829,O005829,UPI,Successful,933.9300000000001
P005830,O005830,Debit Card,Successful,1353.74
P005831,O005831,UPI,Failed,1446.47
P005832,O005832,Credit Card,Successful,632.1700000000001
P005833,O005833,UPI,Successful,1186.59
P005834,O005834,Wallet,Successful,1449.5300000000002
P005835,O005835,Cash,Successful,1063.44
P005836,O005836,Debit Card,Successful,1739.86
P005837,O005837,UPI,Failed,791.9100000000001
P005838,O005838,UPI,Successful,1525.7
P005839,O005839,UPI,Failed,1444.46
P005840,O005840,Wallet,Successful,1058.44
P005841,O005841,Wallet,Successful,95.9
P005842,O005842,Cash,Successful,1353.79
P005843,O005843,UPI,Failed,1434.17
P005844,O005844,Credit Card,Successful,783.58
P005845,O005845,Debit Card,Successful,453.57
P005846,O005846,Cash,Successful,1919.78
P005847,O005847,Credit Card,Successful,1098.71
P005848,O005848,Debit Card,Successful,985.08
P005849,O005849,UPI,Successful,1357.1599999999999
P005850,O005850,Credit Card,Failed,752.51
P005851,O005851,Debit Card,Refunded,1505.8700000000001
P005852,O005852,Wallet,Successful,1099.53
P005853,O005853,UPI,Successful,1535.21
P005854,O005854,Debit Card,Successful,732.3000000000001
P005855,O005855,Wallet,Successful,1492.96
P005856,O005856,Cash,Successful,1134.83
P005857,O005857,Credit Card,Successful,886.51
P005858,O005858,Wallet,Successful,496.71
P005859,O005859,Wallet,Successful,819.0100000000001
P005860,O005860,UPI,Successful,1033.6599999999999
P005861,O005861,Debit Card,Successful,1806.3700000000001
P005862,O005862,UPI,Successful,1222.35
P005863,O005863,Credit Card,Successful,1556.46
P005864,O005864,Credit Card,Successful,1473.26
P005865,O005865,Debit Card,Successful,572.37
P005866,O005866,Wallet,Failed,472.96
P005867,O005867,Cash,Successful,582.98
P005868,O005868,Cash,Successful,328.0
P005869,O005869,UPI,Successful,767.69
P005870,O005870,Debit Card,Successful,1239.23
P005871,O005871,Credit Card,Successful,1045.8
P005872,O005872,Cash,Successful,1183.33
P005873,O005873,Credit Card,Successful,605.77
P005874,O005874,UPI,Successful,393.46
P005875,O005875,Debit Card,Successful,343.17
P005876,O005876,Cash,Successful,901.1800000000001
P005877,O005877,Cash,Successful,360.56
P005878,O005878,Cash,Successful,646.1800000000001
P005879,O005879,Debit Card,Successful,476.46999999999997
P005880,O005880,Cash,Successful,1272.67
P005881,O005881,Credit Card,Failed,1002.4
P005882,O005882,UPI,Successful,770.56
P005883,O005883,Credit Card,Successful,297.92
P005884,O005884,Debit Card,Successful,453.90999999999997
P005885,O005885,Wallet,Successful,927.6
P005886,O005886,Debit Card,Successful,1856.75
P005887,O005887,Credit Card,Successful,501.68
P005888,O005888,Credit Card,Successful,455.45
P005889,O005889,Debit Card,Successful,409.84999999999997
P005890,O005890,Wallet,Successful,1057.47
P005891,O005891,Wallet,Successful,1648.52
P005892,O005892,Debit Card,Successful,212.73000000000002
P005893,O005893,UPI,Successful,1253.7
P005894,O005894,Cash,Successful,831.9300000000001
P005895,O005895,Cash,Refunded,1395.2599999999998
P005896,O005896,Debit Card,Successful,714.29
P005897,O005897,Cash,Successful,83.25
P005898,O005898,Debit Card,Successful,982.29
P005899,O005899,Wallet,Successful,1442.49
P005900,O005900,Credit Card,Successful,1495.6799999999998
P005901,O005901,Debit Card,Failed,1047.89
P005902,O005902,Debit Card,Successful,308.2
P005903,O005903,Cash,Successful,562.47
P005904,O005904,Wallet,Successful,1583.46
P005905,O005905,Debit Card,Failed,1019.2100000000002
P005906,O005906,Cash,Successful,1178.69
P005907,O005907,Debit Card,Successful,85.72
P005908,O005908,Debit Card,Successful,186.51
P005909,O005909,Wallet,Successful,1100.04
P005910,O005910,Credit Card,Successful,497.28
P005911,O005911,Credit Card,Successful,650.4399999999999
P005912,O005912,Cash,Successful,1103.83
P005913,O005913,Wallet,Successful,268.71
P005914,O005914,Wallet,Successful,1318.67
P005915,O005915,Wallet,Successful,292.17
P005916,O005916,Wallet,Successful,1344.27
P005917,O005917,Wallet,Successful,655.65
P005918,O005918,Debit Card,Successful,537.94
P005919,O005919,Debit Card,Successful,1394.04
P005920,O005920,Cash,Successful,967.8000000000001
P005921,O005921,UPI,Successful,434.56
P005922,O005922,Debit Card,Successful,75.52000000000001
P005923,O005923,Debit Card,Successful,1670.28
P005924,O005924,UPI,Successful,881.27
P005925,O005925,UPI,Successful,805.45
P005926,O005926,UPI,Successful,190.04999999999998
P005927,O005927,UPI,Successful,1654.55
P005928,O005928,Wallet,Successful,333.56
P005929,O005929,UPI,Successful,663.45
P005930,O005930,Credit Card,Successful,674.3100000000001
P005931,O005931,Cash,Successful,1262.77
P005932,O005932,UPI,Successful,666.46
P005933,O005933,Debit Card,Successful,961.8399999999999
P005934,O005934,Wallet,Successful,810.85
P005935,O005935,Cash,Successful,689.68
P005936,O005936,Credit Card,Successful,1374.29
P005937,O005937,Credit Card,Successful,1472.9199999999998
P005938,O005938,Credit Card,Successful,322.34
P005939,O005939,Wallet,Successful,897.48
P005940,O005940,Credit Card,Successful,1558.08
P005941,O005941,UPI,Successful,1088.6899999999998
P005942,O005942,Cash,Successful,887.23
P005943,O005943,Wallet,Successful,218.28
P005944,O005944,Wallet,Successful,265.15999999999997
P005945,O005945,Credit Card,Successful,518.01
P005946,O005946,Cash,Failed,870.34
P005947,O005947,Credit Card,Successful,1762.08
P005948,O005948,Wallet,Successful,1455.56
P005949,O005949,Credit Card,Successful,283.92
P005950,O005950,UPI,Successful,1111.05
P005951,O005951,Cash,Successful,1322.1200000000001
P005952,O005952,Cash,Successful,695.23
P005953,O005953,Wallet,Successful,641.3399999999999
P005954,O005954,Debit Card,Successful,905.8499999999999
P005955,O005955,UPI,Successful,950.69
P005956,O005956,Credit Card,Successful,571.93
P005957,O005957,Wallet,Failed,724.03
P005958,O005958,UPI,Successful,983.0100000000001
P005959,O005959,Debit Card,Successful,1168.78
P005960,O005960,Cash,Successful,889.5899999999999
P005961,O005961,UPI,Successful,1291.6299999999999
P005962,O005962,Wallet,Successful,143.19
P005963,O005963,Cash,Successful,565.79
P005964,O005964,Debit Card,Successful,1256.71
P005965,O005965,Cash,Successful,1228.7800000000002
P005966,O005966,Wallet,Successful,1654.35
P005967,O005967,Cash,Successful,871.74
P005968,O005968,UPI,Successful,1227.52
P005969,O005969,UPI,Successful,1373.8000000000002
P005970,O005970,Debit Card,Successful,443.47999999999996
P005971,O005971,Credit Card,Successful,1128.96
P005972,O005972,Wallet,Successful,534.74
P005973,O005973,Debit Card,Successful,874.8199999999999
P005974,O005974,Debit Card,Successful,97.53
P005975,O005975,UPI,Successful,1381.25
P005976,O005976,Credit Card,Successful,1346.0500000000002
P005977,O005977,UPI,Successful,181.47000000000003
P005978,O005978,Cash,Successful,1104.41
P005979,O005979,UPI,Successful,1781.49
P005980,O005980,UPI,Successful,1181.34
P005981,O005981,Debit Card,Successful,1260.4699999999998
P005982,O005982,Wallet,Failed,288.17
P005983,O005983,Credit Card,Successful,442.38000000000005
P005984,O005984,Cash,Successful,581.05
P005985,O005985,Cash,Successful,1431.94
P005986,O005986,Wallet,Successful,1382.0800000000002
P005987,O005987,Cash,Successful,1731.5
P005988,O005988,Wallet,Successful,1018.7700000000001
P005989,O005989,Wallet,Successful,1333.92
P005990,O005990,Debit Card,Successful,1073.16
P005991,O005991,Cash,Refunded,916.02
P005992,O005992,UPI,Successful,1471.54
P005993,O005993,Debit Card,Successful,371.88
P005994,O005994,Wallet,Successful,164.53
P005995,O005995,Credit Card,Successful,527.09
P005996,O005996,UPI,Successful,249.21000000000004
P005997,O005997,Debit Card,Successful,169.01
P005998,O005998,UPI,Refunded,863.9399999999999
P005999,O005999,Wallet,Successful,466.28999999999996
P006000,O006000,Credit Card,Successful,1574.75
P006001,O006001,UPI,Successful,909.53
P006002,O006002,Wallet,Successful,721.39
P006003,O006003,Wallet,Successful,527.63
P006004,O006004,Cash,Successful,1119.25
P006005,O006005,UPI,Successful,801.88
P006006,O006006,Credit Card,Successful,204.19
P006007,O006007,Wallet,Successful,1011.9999999999999
P006008,O006008,UPI,Successful,879.5899999999999
P006009,O006009,Cash,Successful,458.84000000000003
P006010,O006010,Credit Card,Successful,560.3199999999999
P006011,O006011,Credit Card,Successful,869.16
P006012,O006012,UPI,Successful,1471.3400000000001
P006013,O006013,Debit Card,Successful,837.68
P006014,O006014,Cash,Successful,1244.8400000000001
P006015,O006015,Credit Card,Successful,826.78
P006016,O006016,UPI,Failed,1529.84
P006017,O006017,Wallet,Successful,1515.5900000000001
P006018,O006018,Cash,Successful,133.97
P006019,O006019,UPI,Successful,203.93
P006020,O006020,Debit Card,Successful,308.9
P006021,O006021,Credit Card,Refunded,313.84
P006022,O006022,UPI,Successful,889.13
P006023,O006023,UPI,Successful,1225.8400000000001
P006024,O006024,Credit Card,Successful,1764.78
P006025,O006025,Debit Card,Successful,722.93
P006026,O006026,Debit Card,Successful,1199.26
P006027,O006027,Cash,Failed,1006.3700000000001
P006028,O006028,Debit Card,Successful,656.28
P006029,O006029,UPI,Successful,1383.0
P006030,O006030,UPI,Successful,878.1500000000001
P006031,O006031,UPI,Successful,1172.3300000000002
P006032,O006032,Cash,Successful,393.16
P006033,O006033,Wallet,Successful,652.78
P006034,O006034,Credit Card,Successful,1033.35
P006035,O006035,Credit Card,Refunded,288.15999999999997
P006036,O006036,Wallet,Successful,1339.29
P006037,O006037,Debit Card,Successful,286.70000000000005
P006038,O006038,Debit Card,Successful,697.48
P006039,O006039,UPI,Successful,455.02
P006040,O006040,UPI,Successful,201.37
P006041,O006041,Cash,Successful,592.74
P006042,O006042,UPI,Failed,1383.75
P006043,O006043,Credit Card,Failed,133.85
P006044,O006044,UPI,Failed,112.06
P006045,O006045,Wallet,Failed,1311.5
P006046,O006046,UPI,Failed,789.66
P006047,O006047,Wallet,Successful,465.31
P006048,O006048,Wallet,Successful,826.7299999999999
P006049,O006049,Cash,Successful,468.65999999999997
P006050,O006050,UPI,Refunded,611.1400000000001
P006051,O006051,Debit Card,Successful,1091.2600000000002
P006052,O006052,Debit Card,Successful,227.19
P006053,O006053,Wallet,Successful,1593.52
P006054,O006054,Credit Card,Successful,178.04000000000002
P006055,O006055,Debit Card,Successful,1209.5900000000001
P006056,O006056,Wallet,Successful,1054.95
P006057,O006057,Debit Card,Successful,547.4100000000001
P006058,O006058,Credit Card,Successful,313.71
P006059,O006059,Wallet,Successful,1706.81
P006060,O006060,UPI,Successful,1135.19
P006061,O006061,UPI,Successful,521.9499999999999
P006062,O006062,Wallet,Successful,131.53
P006063,O006063,Credit Card,Successful,1346.8600000000001
P006064,O006064,Credit Card,Successful,726.87
P006065,O006065,Wallet,Successful,355.02000000000004
P006066,O006066,Wallet,Successful,1522.3400000000001
P006067,O006067,Cash,Successful,707.77
P006068,O006068,Debit Card,Successful,715.3599999999999
P006069,O006069,Debit Card,Successful,1425.75
P006070,O006070,Debit Card,Successful,1285.49
P006071,O006071,Cash,Successful,258.90999999999997
P006072,O006072,Credit Card,Successful,1704.33
P006073,O006073,Wallet,Successful,1626.94
P006074,O006074,Credit Card,Failed,557.4
P006075,O006075,Wallet,Successful,772.65
P006076,O006076,Wallet,Successful,1317.05
P006077,O006077,UPI,Successful,762.19
P006078,O006078,Debit Card,Failed,761.04
P006079,O006079,Debit Card,Successful,959.6500000000001
P006080,O006080,Credit Card,Successful,1286.3500000000001
P006081,O006081,UPI,Successful,995.4000000000001
P006082,O006082,UPI,Successful,1267.58
P006083,O006083,Credit Card,Successful,737.04
P006084,O006084,Debit Card,Successful,1214.42
P006085,O006085,Cash,Successful,285.46000000000004
P006086,O006086,UPI,Successful,876.49
P006087,O006087,Debit Card,Successful,402.56
P006088,O006088,Credit Card,Successful,877.8200000000002
P006089,O006089,Debit Card,Successful,482.21999999999997
P006090,O006090,Cash,Successful,854.0
P006091,O006091,Debit Card,Successful,1156.77
P006092,O006092,UPI,Successful,659.04
P006093,O006093,UPI,Successful,410.31000000000006
P006094,O006094,Debit Card,Successful,510.33
P006095,O006095,Debit Card,Successful,1452.02
P006096,O006096,Debit Card,Successful,1320.14
P006097,O006097,Credit Card,Successful,166.22
P006098,O006098,Debit Card,Successful,1745.29
P006099,O006099,UPI,Successful,291.49
P006100,O006100,UPI,Successful,1029.79
P006101,O006101,Cash,Successful,1028.9899999999998
P006102,O006102,Debit Card,Successful,160.34
P006103,O006103,Debit Card,Successful,505.06000000000006
P006104,O006104,UPI,Failed,1131.86
P006105,O006105,UPI,Successful,572.7800000000001
P006106,O006106,Credit Card,Successful,843.94
P006107,O006107,Cash,Successful,1385.1
P006108,O006108,UPI,Successful,200.99
P006109,O006109,Credit Card,Successful,1335.5700000000002
P006110,O006110,Debit Card,Successful,168.85
P006111,O006111,Debit Card,Successful,578.56
P006112,O006112,Credit Card,Successful,1148.4199999999998
P006113,O006113,UPI,Successful,1769.3999999999999
P006114,O006114,Credit Card,Successful,1121.54
P006115,O006115,Debit Card,Successful,487.67999999999995
P006116,O006116,UPI,Successful,1777.5900000000001
P006117,O006117,Credit Card,Successful,745.75
P006118,O006118,Debit Card,Successful,769.25
P006119,O006119,Cash,Successful,1383.71
P006120,O006120,Debit Card,Successful,190.31
P006121,O006121,Cash,Successful,828.28
P006122,O006122,Debit Card,Successful,1405.81
P006123,O006123,UPI,Successful,223.23000000000002
P006124,O006124,UPI,Successful,1065.09
P006125,O006125,Wallet,Successful,329.11
P006126,O006126,Wallet,Successful,1646.71
P006127,O006127,Cash,Successful,912.24
P006128,O006128,Cash,Successful,439.67
P006129,O006129,Credit Card,Successful,647.38
P006130,O006130,Credit Card,Successful,932.8999999999999
P006131,O006131,Credit Card,Successful,1045.8400000000001
P006132,O006132,Debit Card,Successful,800.8
P006133,O006133,Cash,Successful,330.79
P006134,O006134,Credit Card,Successful,1094.71
P006135,O006135,Cash,Successful,254.21999999999997
P006136,O006136,Debit Card,Successful,1230.08
P006137,O006137,UPI,Successful,674.69
P006138,O006138,Debit Card,Failed,1112.04
P006139,O006139,Debit Card,Successful,588.27
P006140,O006140,Credit Card,Successful,1276.84
P006141,O006141,Debit Card,Successful,1526.22
P006142,O006142,Debit Card,Successful,1023.76
P006143,O006143,Cash,Failed,1041.96
P006144,O006144,Debit Card,Successful,1111.3799999999999
P006145,O006145,Credit Card,Successful,745.5400000000001
P006146,O006146,UPI,Successful,427.2199999999999
P006147,O006147,Credit Card,Successful,1552.41
P006148,O006148,Wallet,Failed,1035.9699999999998
P006149,O006149,Credit Card,Successful,694.73
P006150,O006150,Credit Card,Successful,607.4599999999999
P006151,O006151,Cash,Successful,959.7499999999999
P006152,O006152,Debit Card,Successful,491.63
P006153,O006153,Credit Card,Refunded,1406.0700000000002
P006154,O006154,Cash,Successful,1206.75
P006155,O006155,UPI,Successful,530.7199999999999
P006156,O006156,Cash,Successful,185.47
P006157,O006157,Cash,Successful,150.67000000000002
P006158,O006158,Debit Card,Successful,499.36
P006159,O006159,Debit Card,Successful,369.25
P006160,O006160,Debit Card,Successful,1499.4499999999998
P006161,O006161,Wallet,Successful,713.8
P006162,O006162,Cash,Successful,668.37
P006163,O006163,Cash,Successful,376.88
P006164,O006164,UPI,Successful,1428.69
P006165,O006165,Credit Card,Successful,1546.8600000000001
P006166,O006166,UPI,Successful,698.11
P006167,O006167,Cash,Successful,348.71
P006168,O006168,UPI,Successful,1362.6999999999998
P006169,O006169,Wallet,Successful,611.5
P006170,O006170,Cash,Successful,1145.77
P006171,O006171,UPI,Successful,885.74
P006172,O006172,Debit Card,Refunded,1370.0400000000002
P006173,O006173,Wallet,Successful,809.43
P006174,O006174,Debit Card,Successful,1364.83
P006175,O006175,Cash,Successful,1244.3899999999999
P006176,O006176,Cash,Failed,566.8199999999999
P006177,O006177,Credit Card,Successful,864.39
P006178,O006178,Cash,Failed,285.16
P006179,O006179,UPI,Successful,1477.9099999999999
P006180,O006180,Cash,Successful,201.06
P006181,O006181,Debit Card,Successful,99.28
P006182,O006182,Debit Card,Successful,733.57
P006183,O006183,Debit Card,Successful,917.5600000000001
P006184,O006184,Credit Card,Successful,516.78
P006185,O006185,Credit Card,Failed,848.5899999999999
P006186,O006186,Wallet,Successful,1745.9099999999999
P006187,O006187,UPI,Successful,1116.6
P006188,O006188,Wallet,Successful,879.75
P006189,O006189,Debit Card,Successful,356.85
P006190,O006190,Wallet,Successful,399.36
P006191,O006191,Wallet,Successful,914.42
P006192,O006192,Debit Card,Successful,972.4599999999999
P006193,O006193,UPI,Successful,1071.35
P006194,O006194,Debit Card,Successful,836.78
P006195,O006195,Credit Card,Successful,607.8199999999999
P006196,O006196,Debit Card,Successful,1379.75
P006197,O006197,Cash,Successful,437.93
P006198,O006198,UPI,Successful,1405.95
P006199,O006199,Cash,Successful,455.6
P006200,O006200,Cash,Successful,630.6100000000001
P006201,O006201,Cash,Successful,373.03000000000003
P006202,O006202,UPI,Successful,1188.1299999999999
P006203,O006203,UPI,Successful,850.68
P006204,O006204,Credit Card,Successful,687.6500000000001
P006205,O006205,Wallet,Successful,902.21
P006206,O006206,Wallet,Successful,695.1800000000001
P006207,O006207,Credit Card,Successful,1384.1799999999998
P006208,O006208,Cash,Successful,248.97000000000003
P006209,O006209,Credit Card,Successful,1604.58
P006210,O006210,Debit Card,Successful,1101.39
P006211,O006211,Wallet,Successful,534.92
P006212,O006212,UPI,Successful,1409.1599999999999
P006213,O006213,Credit Card,Successful,391.14
P006214,O006214,UPI,Successful,657.26
P006215,O006215,Cash,Failed,707.85
P006216,O006216,UPI,Successful,1161.42
P006217,O006217,Wallet,Successful,1564.89
P006218,O006218,Debit Card,Successful,1203.22
P006219,O006219,Debit Card,Successful,1526.38
P006220,O006220,Credit Card,Successful,1352.8700000000001
P006221,O006221,Debit Card,Successful,795.8399999999999
P006222,O006222,UPI,Successful,867.52
P006223,O006223,Cash,Successful,521.48
P006224,O006224,Credit Card,Successful,1138.68
P006225,O006225,UPI,Successful,254.39000000000001
P006226,O006226,Wallet,Successful,1137.3600000000001
P006227,O006227,Wallet,Successful,1663.8
P006228,O006228,Credit Card,Successful,1168.67
P006229,O006229,UPI,Successful,1227.21
P006230,O006230,Debit Card,Successful,1660.24
P006231,O006231,Debit Card,Successful,1242.2
P006232,O006232,Cash,Successful,1013.7399999999999
P006233,O006233,UPI,Successful,1088.42
P006234,O006234,Debit Card,Successful,257.67
P006235,O006235,UPI,Failed,677.05
P006236,O006236,UPI,Successful,881.5100000000001
P006237,O006237,UPI,Successful,987.4300000000001
P006238,O006238,Wallet,Successful,1395.53
P006239,O006239,Debit Card,Successful,375.75
P006240,O006240,Wallet,Successful,1286.42
P006241,O006241,UPI,Successful,1302.29
P006242,O006242,Credit Card,Successful,1717.6799999999998
P006243,O006243,Credit Card,Successful,698.74
P006244,O006244,Wallet,Successful,313.76
P006245,O006245,Wallet,Successful,1351.43
P006246,O006246,Cash,Successful,900.0
P006247,O006247,Debit Card,Successful,1246.39
P006248,O006248,Cash,Successful,1540.6299999999999
P006249,O006249,Cash,Failed,358.90999999999997
P006250,O006250,Debit Card,Successful,679.94
P006251,O006251,Cash,Successful,376.83
P006252,O006252,Cash,Successful,1239.3600000000001
P006253,O006253,UPI,Successful,95.41999999999999
P006254,O006254,Credit Card,Successful,324.5
P006255,O006255,Wallet,Successful,451.96000000000004
P006256,O006256,Debit Card,Refunded,1253.29
P006257,O006257,Debit Card,Successful,1216.32
P006258,O006258,Credit Card,Failed,771.69
P006259,O006259,Wallet,Successful,364.09999999999997
P006260,O006260,Cash,Successful,640.3299999999999
P006261,O006261,Wallet,Successful,1124.83
P006262,O006262,Wallet,Successful,638.1
P006263,O006263,UPI,Successful,741.7199999999999
P006264,O006264,Wallet,Failed,912.2600000000001
P006265,O006265,UPI,Successful,1551.42
P006266,O006266,UPI,Successful,431.0400000000001
P006267,O006267,Wallet,Successful,752.7700000000001
P006268,O006268,Wallet,Failed,593.45
P006269,O006269,Credit Card,Successful,928.43
P006270,O006270,Wallet,Successful,1239.56
P006271,O006271,Debit Card,Successful,952.9599999999999
P006272,O006272,Credit Card,Successful,1540.3999999999999
P006273,O006273,Credit Card,Successful,1053.28
P006274,O006274,UPI,Failed,642.7800000000001
P006275,O006275,Debit Card,Successful,1344.74
P006276,O006276,Cash,Successful,700.73
P006277,O006277,Credit Card,Failed,795.3899999999999
P006278,O006278,Credit Card,Successful,1624.73
P006279,O006279,Debit Card,Successful,1399.47
P006280,O006280,UPI,Successful,1281.45
P006281,O006281,Debit Card,Successful,1017.6100000000001
P006282,O006282,Cash,Successful,565.81
P006283,O006283,UPI,Successful,1825.48
P006284,O006284,Debit Card,Successful,467.96999999999997
P006285,O006285,Wallet,Successful,1646.6499999999999
P006286,O006286,Credit Card,Successful,1447.76
P006287,O006287,Cash,Successful,1362.25
P006288,O006288,Wallet,Successful,263.91999999999996
P006289,O006289,Debit Card,Successful,1392.49
P006290,O006290,UPI,Successful,1207.88
P006291,O006291,Cash,Successful,1313.31
P006292,O006292,UPI,Successful,1208.68
P006293,O006293,UPI,Successful,913.02
P006294,O006294,Credit Card,Failed,427.34000000000003
P006295,O006295,Wallet,Successful,1020.31
P006296,O006296,Debit Card,Successful,261.43
P006297,O006297,Cash,Successful,1101.0800000000002
P006298,O006298,UPI,Successful,814.0500000000001
P006299,O006299,Debit Card,Successful,997.33
P006300,O006300,Credit Card,Successful,416.05
P006301,O006301,UPI,Refunded,166.05
P006302,O006302,Credit Card,Successful,1241.2
P006303,O006303,Debit Card,Successful,1342.69
P006304,O006304,UPI,Successful,844.21
P006305,O006305,Credit Card,Successful,1322.3100000000002
P006306,O006306,Credit Card,Successful,856.77
P006307,O006307,Cash,Successful,1557.1299999999999
P006308,O006308,UPI,Successful,494.4699999999999
P006309,O006309,Cash,Successful,544.52
P006310,O006310,Wallet,Successful,450.15999999999997
P006311,O006311,Wallet,Refunded,114.33000000000001
P006312,O006312,Wallet,Successful,1470.3200000000002
P006313,O006313,Credit Card,Successful,1557.22
P006314,O006314,Debit Card,Successful,1162.02
P006315,O006315,Credit Card,Successful,783.64
P006316,O006316,Cash,Failed,765.6700000000001
P006317,O006317,UPI,Successful,1250.0
P006318,O006318,Credit Card,Successful,1064.63
P006319,O006319,UPI,Failed,1563.6
P006320,O006320,Cash,Successful,518.0600000000001
P006321,O006321,Cash,Successful,589.83
P006322,O006322,Debit Card,Successful,1898.33
P006323,O006323,Debit Card,Successful,1913.48
P006324,O006324,Debit Card,Successful,1296.62
P006325,O006325,Debit Card,Successful,727.63
P006326,O006326,Wallet,Successful,1527.51
P006327,O006327,UPI,Successful,490.63000000000005
P006328,O006328,Debit Card,Successful,422.54999999999995
P006329,O006329,Cash,Successful,1000.2
P006330,O006330,Debit Card,Successful,1683.35
P006331,O006331,Debit Card,Failed,225.94
P006332,O006332,Debit Card,Successful,854.43
P006333,O006333,Wallet,Successful,888.35
P006334,O006334,Wallet,Successful,908.3499999999999
P006335,O006335,Wallet,Successful,473.69
P006336,O006336,Debit Card,Successful,198.01
P006337,O006337,Credit Card,Successful,1726.6200000000001
P006338,O006338,UPI,Successful,936.78
P006339,O006339,UPI,Successful,1479.86
P006340,O006340,Wallet,Successful,689.74
P006341,O006341,Debit Card,Successful,151.92000000000002
P006342,O006342,UPI,Successful,525.0999999999999
P006343,O006343,UPI,Successful,228.64
P006344,O006344,Debit Card,Successful,227.04
P006345,O006345,Debit Card,Successful,411.14000000000004
P006346,O006346,Cash,Successful,1019.51
P006347,O006347,Cash,Successful,1348.82
P006348,O006348,UPI,Successful,1179.4699999999998
P006349,O006349,UPI,Successful,1535.33
P006350,O006350,Cash,Successful,1256.0600000000002
P006351,O006351,Cash,Successful,117.45000000000002
P006352,O006352,Debit Card,Successful,612.0899999999999
P006353,O006353,Wallet,Successful,281.29999999999995
P006354,O006354,UPI,Successful,1228.45
P006355,O006355,Credit Card,Successful,250.29000000000002
P006356,O006356,Debit Card,Successful,216.84
P006357,O006357,UPI,Successful,135.10999999999999
P006358,O006358,Credit Card,Refunded,1766.38
P006359,O006359,UPI,Successful,1350.12
P006360,O006360,Credit Card,Successful,514.6899999999999
P006361,O006361,Cash,Successful,594.6
P006362,O006362,Wallet,Successful,194.76999999999998
P006363,O006363,Cash,Successful,376.43
P006364,O006364,Debit Card,Successful,592.78
P006365,O006365,Cash,Successful,795.33
P006366,O006366,Cash,Successful,987.34
P006367,O006367,Debit Card,Successful,757.22
P006368,O006368,Wallet,Successful,1784.72
P006369,O006369,Credit Card,Successful,747.1999999999999
P006370,O006370,UPI,Refunded,1760.54
P006371,O006371,Debit Card,Successful,1463.4
P006372,O006372,Credit Card,Successful,1444.11
P006373,O006373,Credit Card,Successful,1190.33
P006374,O006374,Credit Card,Successful,1104.56
P006375,O006375,Credit Card,Successful,1001.6
P006376,O006376,Debit Card,Successful,596.4499999999999
P006377,O006377,Debit Card,Successful,506.91999999999996
P006378,O006378,UPI,Successful,500.43
P006379,O006379,Cash,Successful,802.13
P006380,O006380,Cash,Successful,289.24
P006381,O006381,Debit Card,Successful,619.4000000000001
P006382,O006382,Debit Card,Successful,1570.8799999999999
P006383,O006383,Credit Card,Successful,1697.6599999999999
P006385,O006385,Debit Card,Successful,458.80000000000007
P006386,O006386,Wallet,Successful,453.4
P006387,O006387,Credit Card,Successful,549.27
P006388,O006388,Debit Card,Successful,1037.34
P006389,O006389,UPI,Successful,1778.92
P006390,O006390,Debit Card,Successful,222.65999999999997
P006391,O006391,Cash,Successful,980.7
P006392,O006392,UPI,Successful,1139.09
P006393,O006393,Cash,Successful,412.47
P006394,O006394,UPI,Successful,1657.04
P006395,O006395,Wallet,Successful,660.97
P006396,O006396,Cash,Successful,1792.28
P006397,O006397,Debit Card,Successful,871.6700000000001
P006398,O006398,UPI,Failed,102.04
P006399,O006399,Wallet,Successful,591.29
P006400,O006400,UPI,Successful,133.7
P006401,O006401,Credit Card,Successful,738.5999999999999
P006402,O006402,Wallet,Successful,1375.3999999999999
P006403,O006403,UPI,Successful,1275.17
P006404,O006404,Debit Card,Successful,1274.47
P006405,O006405,Credit Card,Successful,797.48
P006406,O006406,Wallet,Successful,617.91
P006407,O006407,Debit Card,Successful,351.72
P006408,O006408,Debit Card,Successful,168.73000000000002
P006409,O006409,UPI,Failed,355.43999999999994
P006410,O006410,Credit Card,Successful,606.78
P006411,O006411,Debit Card,Successful,949.84
P006412,O006412,Credit Card,Successful,442.23
P006413,O006413,Debit Card,Failed,1643.79
P006414,O006414,Cash,Successful,232.86
P006415,O006415,Wallet,Successful,219.39000000000001
P006416,O006416,Cash,Failed,978.98
P006417,O006417,UPI,Successful,1257.9599999999998
P006418,O006418,Wallet,Successful,1447.23
P006419,O006419,UPI,Failed,1050.57
P006420,O006420,Credit Card,Successful,312.47999999999996
P006421,O006421,Credit Card,Successful,1369.71
P006422,O006422,Wallet,Successful,1468.58
P006423,O006423,Credit Card,Successful,1505.67
P006424,O006424,Debit Card,Successful,1268.0900000000001
P006425,O006425,UPI,Successful,176.02999999999997
P006426,O006426,Cash,Successful,1302.49
P006427,O006427,Debit Card,Successful,1597.45
P006428,O006428,Debit Card,Successful,861.3700000000001
P006429,O006429,Wallet,Failed,1392.97
P006430,O006430,Debit Card,Successful,1214.74
P006431,O006431,Cash,Successful,579.75
P006432,O006432,Cash,Successful,1143.6
P006433,O006433,Credit Card,Successful,1455.32
P006434,O006434,Cash,Successful,836.1300000000001
P006435,O006435,Credit Card,Successful,906.3199999999999
P006436,O006436,Debit Card,Successful,878.55
P006437,O006437,Wallet,Failed,487.62000000000006
P006438,O006438,Credit Card,Successful,1049.5700000000002
P006439,O006439,UPI,Successful,844.66
P006440,O006440,UPI,Successful,486.48
P006441,O006441,Cash,Successful,1279.29
P006442,O006442,Cash,Successful,1540.0
P006443,O006443,UPI,Successful,169.06
P006444,O006444,Wallet,Successful,956.5
P006445,O006445,UPI,Successful,776.37
P006446,O006446,Wallet,Failed,1067.57
P006447,O006447,Credit Card,Successful,751.91
P006448,O006448,UPI,Successful,758.54
P006449,O006449,Credit Card,Successful,557.65
P006450,O006450,Debit Card,Successful,312.08
P006451,O006451,UPI,Successful,659.78
P006452,O006452,Credit Card,Successful,1117.3500000000001
P006453,O006453,Credit Card,Successful,140.61
P006454,O006454,Debit Card,Successful,783.7800000000001
P006455,O006455,Credit Card,Successful,150.66
P006456,O006456,Debit Card,Failed,587.66
P006457,O006457,Debit Card,Successful,224.2
P006458,O006458,Credit Card,Successful,666.8100000000001
P006459,O006459,Debit Card,Successful,1290.9899999999998
P006460,O006460,Wallet,Successful,972.69
P006461,O006461,Wallet,Successful,1048.46
P006462,O006462,Debit Card,Successful,757.47
P006463,O006463,Credit Card,Successful,1768.82
P006464,O006464,Debit Card,Successful,1012.86
P006465,O006465,UPI,Successful,209.97000000000003
P006466,O006466,UPI,Successful,1538.8500000000001
P006467,O006467,Wallet,Failed,281.89
P006468,O006468,Cash,Successful,1468.38
P006469,O006469,UPI,Successful,735.0
P006470,O006470,UPI,Refunded,190.51
P006471,O006471,Debit Card,Successful,1687.18
P006472,O006472,Wallet,Successful,234.44000000000003
P006473,O006473,UPI,Refunded,344.29
P006474,O006474,UPI,Successful,676.7
P006475,O006475,UPI,Failed,1213.08
P006476,O006476,Credit Card,Successful,317.93
P006477,O006477,Cash,Successful,1142.18
P006478,O006478,Credit Card,Successful,1378.68
P006479,O006479,Debit Card,Successful,259.24
P006480,O006480,Debit Card,Successful,1322.49
P006481,O006481,Wallet,Successful,1699.4299999999998
P006482,O006482,Credit Card,Successful,1677.6399999999999
P006483,O006483,Wallet,Successful,339.96000000000004
P006484,O006484,UPI,Successful,1094.3000000000002
P006485,O006485,Wallet,Successful,1328.98
P006486,O006486,Cash,Successful,1669.65
P006487,O006487,UPI,Successful,579.07
P006488,O006488,Debit Card,Successful,549.5500000000001
P006489,O006489,Debit Card,Successful,144.46
P006490,O006490,UPI,Successful,814.92
P006491,O006491,UPI,Successful,320.96999999999997
P006492,O006492,Credit Card,Successful,1545.41
P006493,O006493,Debit Card,Successful,310.98
P006494,O006494,UPI,Successful,1594.69
P006495,O006495,Debit Card,Successful,300.66
P006496,O006496,Cash,Successful,912.12
P006497,O006497,UPI,Successful,631.8699999999999
P006498,O006498,Wallet,Successful,1184.73
P006499,O006499,Wallet,Successful,969.1000000000001
P006500,O006500,Cash,Successful,1075.64
P006501,O006501,Debit Card,Successful,75.07
P006502,O006502,Credit Card,Successful,293.35
P006503,O006503,Debit Card,Successful,916.27
P006504,O006504,UPI,Successful,495.4
P006505,O006505,Cash,Successful,195.86
P006506,O006506,Debit Card,Successful,509.68
P006507,O006507,Credit Card,Successful,1124.08
P006508,O006508,Credit Card,Successful,960.47
P006509,O006509,Cash,Successful,452.59999999999997
P006510,O006510,UPI,Failed,108.49000000000001
P006511,O006511,Cash,Failed,659.25
P006512,O006512,UPI,Successful,722.9200000000001
P006513,O006513,Cash,Successful,1402.98
P006514,O006514,Cash,Successful,1696.9
P006515,O006515,Cash,Successful,775.4300000000001
P006516,O006516,Debit Card,Successful,1183.06
P006517,O006517,Wallet,Successful,961.8699999999999
P006518,O006518,Wallet,Successful,652.1700000000001
P006519,O006519,Credit Card,Successful,160.81
P006520,O006520,Debit Card,Successful,819.5400000000001
P006521,O006521,UPI,Successful,628.75
P006522,O006522,Debit Card,Successful,1038.6699999999998
P006523,O006523,Cash,Successful,248.41
P006524,O006524,UPI,Successful,1259.8999999999999
P006525,O006525,UPI,Successful,1462.94
P006526,O006526,Cash,Successful,595.2900000000001
P006527,O006527,Debit Card,Failed,341.39
P006528,O006528,Credit Card,Successful,1105.7
P006529,O006529,Cash,Successful,1876.59
P006530,O006530,Debit Card,Successful,1370.79
P006531,O006531,Cash,Successful,314.9
P006532,O006532,Credit Card,Successful,623.22
P006533,O006533,Cash,Successful,1303.12
P006534,O006534,UPI,Successful,1200.8500000000001
P006535,O006535,Debit Card,Successful,322.84
P006536,O006536,Credit Card,Successful,1125.91
P006537,O006537,Credit Card,Successful,682.6400000000001
P006538,O006538,Debit Card,Failed,877.9599999999999
P006539,O006539,Cash,Successful,651.97
P006540,O006540,UPI,Successful,1386.76
P006541,O006541,Wallet,Successful,360.76
P006542,O006542,UPI,Successful,723.1999999999999
P006543,O006543,Cash,Successful,1397.27
P006544,O006544,Cash,Successful,1053.78
P006545,O006545,UPI,Successful,472.22
P006546,O006546,Debit Card,Successful,618.6
P006547,O006547,Debit Card,Successful,124.93
P006548,O006548,UPI,Successful,793.01
P006549,O006549,Wallet,Successful,512.16
P006550,O006550,Cash,Successful,107.92
P006551,O006551,Cash,Successful,791.47
P006552,O006552,Cash,Successful,1768.85
P006553,O006553,Wallet,Refunded,1654.17
P006554,O006554,Wallet,Successful,588.19
P006555,O006555,UPI,Successful,723.08
P006556,O006556,UPI,Successful,449.74
P006557,O006557,Debit Card,Successful,163.07
P006558,O006558,Debit Card,Successful,1174.44
P006559,O006559,Wallet,Successful,1534.4199999999998
P006560,O006560,Debit Card,Successful,1392.8000000000002
P006561,O006561,Cash,Successful,1543.73
P006562,O006562,Wallet,Successful,1599.31
P006563,O006563,Wallet,Successful,145.33
P006564,O006564,Wallet,Successful,1560.25
P006565,O006565,Credit Card,Successful,711.67
P006566,O006566,Wallet,Successful,1473.98
P006567,O006567,Credit Card,Successful,848.74
P006568,O006568,Cash,Successful,860.01
P006569,O006569,UPI,Successful,108.17
P006570,O006570,Credit Card,Successful,148.60999999999999
P006571,O006571,UPI,Successful,1309.5900000000001
P006572,O006572,Debit Card,Successful,1615.53
P006573,O006573,Wallet,Successful,479.37
P006574,O006574,Debit Card,Successful,198.06
P006575,O006575,Credit Card,Successful,493.46999999999997
P006576,O006576,Wallet,Successful,466.36
P006577,O006577,Credit Card,Failed,568.36
P006578,O006578,Wallet,Successful,259.24
P006579,O006579,Debit Card,Successful,431.44
P006580,O006580,Wallet,Successful,1644.5300000000002
P006581,O006581,Cash,Failed,1371.81
P006582,O006582,Wallet,Successful,585.05
P006583,O006583,Debit Card,Successful,1738.76
P006584,O006584,Debit Card,Successful,593.87
P006585,O006585,Debit Card,Successful,1373.47
P006586,O006586,Credit Card,Successful,1223.33
P006587,O006587,UPI,Successful,210.87
P006588,O006588,UPI,Successful,558.63
P006589,O006589,Wallet,Successful,1594.04
P006590,O006590,Cash,Successful,168.16
P006591,O006591,Debit Card,Refunded,390.48999999999995
P006592,O006592,Debit Card,Failed,1643.24
P006593,O006593,Cash,Successful,129.11
P006594,O006594,Credit Card,Successful,704.93
P006595,O006595,Credit Card,Successful,1513.3
P006596,O006596,UPI,Successful,1592.03
P006597,O006597,Credit Card,Successful,1827.9
P006598,O006598,UPI,Successful,803.62
P006599,O006599,UPI,Successful,196.65
P006600,O006600,UPI,Successful,1424.3300000000002
P006601,O006601,UPI,Successful,1257.99
P006602,O006602,Credit Card,Successful,1162.81
P006603,O006603,Debit Card,Successful,1327.4
P006604,O006604,UPI,Successful,1778.28
P006605,O006605,UPI,Successful,1102.73
P006606,O006606,UPI,Failed,295.43
P006607,O006607,Wallet,Successful,219.54
P006608,O006608,Credit Card,Failed,707.43
P006609,O006609,Credit Card,Successful,520.23
P006610,O006610,Wallet,Successful,285.40000000000003
P006611,O006611,Credit Card,Successful,1111.17
P006612,O006612,Wallet,Successful,1138.47
P006613,O006613,UPI,Successful,1325.75
P006614,O006614,Debit Card,Successful,397.43999999999994
P006615,O006615,Credit Card,Successful,667.7900000000001
P006616,O006616,UPI,Successful,390.28
P006617,O006617,Debit Card,Successful,929.1199999999999
P006618,O006618,Credit Card,Successful,1043.77
P006619,O006619,Wallet,Successful,990.17
P006620,O006620,Debit Card,Failed,498.75
P006621,O006621,Credit Card,Successful,444.03999999999996
P006622,O006622,UPI,Successful,1311.47
P006623,O006623,Debit Card,Successful,192.45999999999998
P006624,O006624,Wallet,Successful,1185.0300000000002
P006625,O006625,Credit Card,Successful,100.11999999999999
P006626,O006626,Debit Card,Successful,373.41
P006627,O006627,Credit Card,Successful,558.5899999999999
P006628,O006628,Debit Card,Successful,1562.4099999999999
P006629,O006629,Wallet,Successful,264.57
P006630,O006630,UPI,Successful,1412.24
P006631,O006631,UPI,Successful,1643.28
P006632,O006632,UPI,Successful,1339.69
P006633,O006633,Debit Card,Failed,746.71
P006634,O006634,Wallet,Successful,1757.4
P006635,O006635,Debit Card,Successful,1012.1799999999998
P006636,O006636,Wallet,Successful,603.5899999999999
P006637,O006637,UPI,Failed,1072.21
P006638,O006638,Debit Card,Successful,468.0799999999999
P006639,O006639,Credit Card,Successful,586.15
P006640,O006640,Debit Card,Successful,1513.01
P006641,O006641,Wallet,Successful,1550.41
P006642,O006642,Cash,Successful,872.2800000000001
P006643,O006643,Credit Card,Successful,691.77
P006644,O006644,Cash,Successful,1206.0400000000002
P006645,O006645,Debit Card,Successful,977.2900000000001
P006646,O006646,Wallet,Successful,800.0699999999999
P006647,O006647,UPI,Successful,803.5699999999999
P006648,O006648,Credit Card,Refunded,445.10999999999996
P006649,O006649,Credit Card,Successful,431.77
P006650,O006650,Cash,Successful,1787.75
P006651,O006651,Cash,Successful,1755.41
P006652,O006652,Cash,Successful,884.36
P006653,O006653,Wallet,Successful,1046.2
P006654,O006654,UPI,Successful,1626.68
P006655,O006655,UPI,Successful,1340.56
P006656,O006656,Debit Card,Successful,248.02999999999997
P006657,O006657,Wallet,Successful,775.8199999999999
P006658,O006658,Cash,Successful,432.4
P006659,O006659,UPI,Successful,1946.91
P006660,O006660,Wallet,Successful,1090.75
P006661,O006661,UPI,Successful,186.49
P006662,O006662,Wallet,Successful,1324.25
P006663,O006663,Wallet,Successful,1717.3999999999999
P006664,O006664,UPI,Successful,516.1600000000001
P006665,O006665,Cash,Successful,1113.35
P006666,O006666,UPI,Successful,1388.1999999999998
P006667,O006667,Wallet,Successful,1360.1100000000001
P006668,O006668,Wallet,Successful,1017.8100000000001
P006669,O006669,Wallet,Successful,1058.8700000000001
P006670,O006670,Credit Card,Successful,1706.0
P006671,O006671,Credit Card,Successful,1059.29
P006672,O006672,Credit Card,Successful,287.13
P006673,O006673,Cash,Successful,233.14
P006674,O006674,Debit Card,Failed,105.93999999999998
P006675,O006675,Wallet,Failed,774.51
P006676,O006676,Debit Card,Refunded,589.24
P006677,O006677,Credit Card,Successful,1371.0800000000002
P006678,O006678,Cash,Successful,1426.98
P006679,O006679,Cash,Successful,1555.64
P006680,O006680,Credit Card,Successful,1630.49
P006681,O006681,Wallet,Successful,480.81000000000006
P006682,O006682,Cash,Successful,735.78
P006683,O006683,Wallet,Successful,524.6099999999999
P006684,O006684,Wallet,Successful,245.72000000000003
P006685,O006685,Credit Card,Successful,1527.94
P006686,O006686,Credit Card,Successful,1249.8799999999999
P006687,O006687,Credit Card,Failed,289.07000000000005
P006688,O006688,Credit Card,Successful,461.49
P006689,O006689,Cash,Successful,764.4499999999999
P006690,O006690,Credit Card,Successful,143.07
P006691,O006691,Credit Card,Successful,531.9
P006692,O006692,Debit Card,Successful,1304.9299999999998
P006693,O006693,Debit Card,Successful,1780.4
P006694,O006694,Credit Card,Failed,1489.48
P006695,O006695,Wallet,Successful,897.3699999999999
P006696,O006696,Credit Card,Successful,579.86
P006697,O006697,Debit Card,Successful,1330.1200000000001
P006698,O006698,UPI,Successful,1126.6799999999998
P006699,O006699,Credit Card,Successful,954.06
P006700,O006700,UPI,Refunded,1586.5400000000002
P006701,O006701,UPI,Successful,695.77
P006702,O006702,Cash,Successful,280.76
P006703,O006703,Debit Card,Refunded,1837.94
P006704,O006704,Debit Card,Successful,1034.0
P006705,O006705,Debit Card,Refunded,1067.05
P006706,O006706,Cash,Successful,793.6800000000001
P006707,O006707,Cash,Successful,315.49
P006708,O006708,UPI,Successful,565.99
P006709,O006709,Cash,Successful,180.35999999999999
P006710,O006710,UPI,Successful,221.51
P006711,O006711,UPI,Successful,397.05
P006712,O006712,Cash,Successful,889.2
P006713,O006713,UPI,Successful,1739.37
P006714,O006714,UPI,Successful,1630.86
P006715,O006715,Wallet,Successful,211.67
P006716,O006716,Cash,Successful,1246.4
P006717,O006717,Cash,Failed,1078.77
P006718,O006718,Debit Card,Successful,1280.3999999999999
P006719,O006719,Credit Card,Successful,312.32
P006720,O006720,Credit Card,Successful,685.25
P006721,O006721,Cash,Successful,1500.1399999999999
P006722,O006722,Debit Card,Successful,714.1
P006723,O006723,UPI,Successful,338.31
P006724,O006724,Credit Card,Successful,523.02
P006725,O006725,Wallet,Successful,366.58
P006726,O006726,Debit Card,Successful,1385.4299999999998
P006727,O006727,Cash,Successful,1558.83
P006728,O006728,UPI,Successful,1162.0800000000002
P006729,O006729,UPI,Successful,1459.5
P006730,O006730,Wallet,Successful,1340.92
P006731,O006731,Credit Card,Successful,92.46000000000001
P006732,O006732,UPI,Successful,281.84000000000003
P006733,O006733,Credit Card,Successful,840.23
P006734,O006734,Credit Card,Failed,243.62000000000003
P006735,O006735,Credit Card,Successful,1327.8400000000001
P006736,O006736,Wallet,Successful,213.4
P006737,O006737,UPI,Successful,824.47
P006738,O006738,Debit Card,Successful,825.22
P006739,O006739,Debit Card,Successful,815.5799999999999
P006740,O006740,UPI,Successful,1076.82
P006741,O006741,Debit Card,Successful,1355.04
P006742,O006742,Cash,Successful,456.19
P006743,O006743,Debit Card,Successful,1352.9899999999998
P006744,O006744,Credit Card,Failed,154.3
P006745,O006745,Credit Card,Successful,92.27
P006746,O006746,Credit Card,Successful,126.41000000000001
P006747,O006747,Debit Card,Successful,748.1999999999999
P006748,O006748,Credit Card,Successful,918.73
P006749,O006749,Credit Card,Successful,78.69
P006750,O006750,Wallet,Successful,616.8499999999999
P006751,O006751,Wallet,Successful,167.7
P006752,O006752,UPI,Successful,995.25
P006753,O006753,Cash,Successful,970.76
P006754,O006754,Debit Card,Successful,1315.78
P006755,O006755,Credit Card,Successful,1022.4800000000001
P006756,O006756,Credit Card,Successful,1203.27
P006757,O006757,UPI,Successful,590.6899999999999
P006758,O006758,Wallet,Successful,235.77
P006759,O006759,Debit Card,Failed,1273.97
P006760,O006760,Credit Card,Successful,1041.4099999999999
P006761,O006761,Cash,Successful,1699.23
P006762,O006762,Credit Card,Failed,1767.77
P006763,O006763,UPI,Refunded,1702.9099999999999
P006764,O006764,Wallet,Failed,1971.43
P006765,O006765,Cash,Successful,968.1400000000001
P006766,O006766,UPI,Successful,273.55
P006767,O006767,UPI,Successful,267.99
P006768,O006768,Cash,Successful,1532.76
P006769,O006769,UPI,Successful,427.35999999999996
P006770,O006770,UPI,Successful,171.91
P006771,O006771,Wallet,Successful,803.69
P006772,O006772,Debit Card,Successful,577.46
P006773,O006773,Debit Card,Successful,1143.81
P006774,O006774,Debit Card,Successful,1092.22
P006775,O006775,Cash,Successful,1194.79
P006776,O006776,Cash,Refunded,986.39
P006777,O006777,Wallet,Failed,774.7
P006778,O006778,Wallet,Successful,113.25999999999999
P006779,O006779,Debit Card,Successful,1651.0300000000002
P006780,O006780,Wallet,Successful,578.31
P006781,O006781,UPI,Successful,899.5899999999999
P006782,O006782,Cash,Successful,952.4100000000001
P006783,O006783,Wallet,Successful,611.6800000000001
P006784,O006784,Debit Card,Successful,594.5
P006785,O006785,Credit Card,Successful,440.5
P006786,O006786,UPI,Successful,482.08
P006787,O006787,UPI,Successful,120.18
P006788,O006788,Debit Card,Successful,1692.5
P006789,O006789,Cash,Successful,972.3399999999999
P006790,O006790,Credit Card,Successful,284.0
P006791,O006791,Wallet,Failed,887.79
P006792,O006792,UPI,Failed,384.2
P006793,O006793,Cash,Successful,503.64
P006794,O006794,Wallet,Successful,1453.63
P006795,O006795,Cash,Successful,1635.12
P006796,O006796,UPI,Successful,1351.42
P006797,O006797,UPI,Successful,1381.65
P006798,O006798,UPI,Successful,1754.8
P006799,O006799,Wallet,Successful,926.1500000000001
P006800,O006800,Wallet,Successful,1643.44
P006801,O006801,Debit Card,Successful,1071.49
P006802,O006802,Cash,Failed,281.62
P006803,O006803,Debit Card,Successful,1238.05
P006804,O006804,Cash,Successful,259.17999999999995
P006805,O006805,Cash,Successful,643.1700000000001
P006806,O006806,Credit Card,Successful,813.29
P006807,O006807,Wallet,Failed,1207.86
P006808,O006808,Cash,Successful,254.27000000000004
P006809,O006809,Debit Card,Successful,921.36
P006810,O006810,Debit Card,Successful,700.5
P006811,O006811,Wallet,Successful,910.4099999999999
P006812,O006812,Debit Card,Successful,725.4300000000001
P006813,O006813,Credit Card,Successful,1182.8899999999999
P006814,O006814,UPI,Successful,1935.92
P006815,O006815,Credit Card,Successful,203.85
P006816,O006816,Wallet,Successful,1540.74
P006817,O006817,UPI,Successful,648.86
P006818,O006818,UPI,Successful,716.28
P006819,O006819,UPI,Successful,1258.1899999999998
P006820,O006820,Wallet,Refunded,1386.07
P006821,O006821,Cash,Successful,113.58999999999999
P006822,O006822,UPI,Successful,961.5300000000001
P006823,O006823,UPI,Successful,175.76
P006824,O006824,Cash,Successful,1003.91
P006825,O006825,Credit Card,Successful,1515.03
P006826,O006826,Debit Card,Successful,401.28000000000003
P006827,O006827,Wallet,Successful,1356.44
P006828,O006828,Debit Card,Successful,687.5
P006829,O006829,UPI,Successful,1244.61
P006830,O006830,Credit Card,Successful,1310.32
P006831,O006831,UPI,Successful,1009.24
P006832,O006832,Wallet,Failed,113.05000000000001
P006833,O006833,Wallet,Successful,367.01
P006834,O006834,Credit Card,Successful,1589.79
P006835,O006835,UPI,Successful,1522.41
P006836,O006836,Cash,Failed,1059.05
P006837,O006837,Debit Card,Successful,981.67
P006838,O006838,Cash,Successful,1176.29
P006839,O006839,Wallet,Successful,791.4200000000001
P006840,O006840,Cash,Successful,643.71
P006841,O006841,UPI,Successful,1536.1499999999999
P006842,O006842,Wallet,Successful,115.93
P006843,O006843,Cash,Successful,1458.13
P006844,O006844,Debit Card,Successful,687.83
P006845,O006845,Cash,Successful,998.0699999999999
P006846,O006846,Cash,Successful,929.0200000000001
P006847,O006847,Credit Card,Successful,489.6
P006848,O006848,Wallet,Successful,1162.19
P006849,O006849,Cash,Successful,1219.99
P006850,O006850,Debit Card,Successful,256.12
P006851,O006851,Credit Card,Successful,1083.3500000000001
P006852,O006852,Wallet,Successful,555.98
P006853,O006853,UPI,Successful,829.48
P006854,O006854,UPI,Successful,137.03
P006855,O006855,Cash,Successful,1103.9499999999998
P006856,O006856,Debit Card,Successful,361.45000000000005
P006857,O006857,Cash,Successful,1191.77
P006858,O006858,Debit Card,Successful,1167.3899999999999
P006859,O006859,Debit Card,Successful,1259.31
P006860,O006860,Cash,Successful,1478.95
P006861,O006861,Debit Card,Successful,534.23
P006862,O006862,UPI,Successful,1857.12
P006863,O006863,Wallet,Successful,116.22
P006864,O006864,Credit Card,Successful,778.5699999999999
P006865,O006865,Debit Card,Successful,551.92
P006866,O006866,UPI,Successful,1067.49
P006867,O006867,Debit Card,Successful,1316.68
P006868,O006868,Wallet,Successful,1614.83
P006869,O006869,Debit Card,Failed,471.6
P006870,O006870,UPI,Successful,482.28999999999996
P006871,O006871,Credit Card,Successful,1096.89
P006872,O006872,Cash,Successful,1721.97
P006873,O006873,UPI,Successful,500.24
P006874,O006874,Debit Card,Successful,1335.43
P006875,O006875,Credit Card,Successful,1110.65
P006876,O006876,Credit Card,Successful,1311.32
P006877,O006877,Cash,Successful,863.7099999999999
P006878,O006878,Cash,Successful,1527.26
P006879,O006879,Wallet,Successful,1918.45
P006880,O006880,Debit Card,Successful,330.34
P006881,O006881,UPI,Successful,809.89
P006882,O006882,Cash,Successful,1461.5300000000002
P006883,O006883,UPI,Successful,429.17
P006884,O006884,Debit Card,Successful,623.52
P006885,O006885,Debit Card,Successful,327.16
P006886,O006886,Debit Card,Successful,1080.02
P006887,O006887,Cash,Successful,521.9
P006888,O006888,Debit Card,Successful,693.06
P006889,O006889,Cash,Successful,877.07
P006890,O006890,UPI,Successful,593.04
P006891,O006891,Credit Card,Successful,1326.6299999999999
P006892,O006892,UPI,Successful,277.08
P006893,O006893,Wallet,Successful,1447.8899999999999
P006894,O006894,Cash,Successful,866.2199999999999
P006895,O006895,Debit Card,Successful,985.1299999999999
P006896,O006896,Cash,Successful,1062.04
P006897,O006897,UPI,Successful,197.74
P006898,O006898,Debit Card,Failed,1487.07
P006899,O006899,Wallet,Failed,1600.32
P006900,O006900,Credit Card,Successful,796.6099999999999
P006901,O006901,Credit Card,Successful,591.03
P006902,O006902,Cash,Successful,1215.9699999999998
P006903,O006903,Credit Card,Successful,1371.25
P006904,O006904,Wallet,Successful,1084.06
P006905,O006905,Cash,Refunded,1795.5700000000002
P006906,O006906,Debit Card,Successful,996.9199999999998
P006907,O006907,Debit Card,Successful,489.43999999999994
P006908,O006908,Debit Card,Successful,130.23000000000002
P006909,O006909,Credit Card,Successful,776.48
P006910,O006910,Credit Card,Successful,994.7600000000001
P006911,O006911,Debit Card,Successful,383.82
P006912,O006912,Wallet,Successful,127.21999999999998
P006913,O006913,Debit Card,Successful,1577.4
P006914,O006914,Wallet,Successful,623.33
P006915,O006915,Wallet,Successful,860.99
P006916,O006916,Wallet,Successful,271.26
P006917,O006917,Debit Card,Successful,696.99
P006918,O006918,Debit Card,Successful,709.4399999999999
P006919,O006919,Debit Card,Successful,1615.02
P006920,O006920,Cash,Successful,1353.6799999999998
P006921,O006921,Debit Card,Successful,355.71000000000004
P006922,O006922,Debit Card,Successful,815.0799999999999
P006923,O006923,Credit Card,Successful,1245.4399999999998
P006924,O006924,Wallet,Successful,575.18
P006925,O006925,Cash,Successful,686.4499999999999
P006926,O006926,Credit Card,Successful,1600.72
P006927,O006927,Cash,Successful,1086.3
P006928,O006928,Credit Card,Successful,733.06
P006929,O006929,Debit Card,Successful,1012.23
P006930,O006930,Debit Card,Successful,1216.48
P006931,O006931,UPI,Successful,798.6099999999999
P006932,O006932,Cash,Successful,834.51
P006933,O006933,Cash,Successful,635.42
P006934,O006934,Wallet,Successful,404.36
P006935,O006935,Cash,Successful,1529.46
P006936,O006936,UPI,Successful,209.4
P006937,O006937,Cash,Successful,872.8800000000001
P006938,O006938,Debit Card,Successful,1372.68
P006939,O006939,Debit Card,Successful,638.41
P006940,O006940,Debit Card,Successful,531.34
P006941,O006941,Cash,Successful,1890.3700000000001
P006942,O006942,Credit Card,Successful,1352.9
P006943,O006943,Debit Card,Successful,1035.58
P006944,O006944,Debit Card,Successful,1258.76
P006945,O006945,Debit Card,Successful,660.77
P006946,O006946,Wallet,Successful,969.28
P006947,O006947,Credit Card,Successful,1195.09
P006948,O006948,Cash,Successful,127.41
P006949,O006949,Wallet,Successful,277.56
P006950,O006950,Wallet,Successful,501.01000000000005
P006951,O006951,UPI,Successful,633.7
P006952,O006952,Cash,Successful,1605.02
P006953,O006953,Wallet,Failed,1183.02
P006954,O006954,Wallet,Successful,667.3399999999999
P006955,O006955,Debit Card,Successful,1373.47
P006956,O006956,UPI,Successful,538.7
P006957,O006957,Debit Card,Successful,1486.13
P006958,O006958,UPI,Successful,1522.47
P006959,O006959,Debit Card,Successful,1343.3500000000001
P006960,O006960,Cash,Successful,419.97
P006961,O006961,Cash,Successful,308.0
P006962,O006962,Wallet,Successful,666.6800000000001
P006963,O006963,UPI,Refunded,545.1099999999999
P006964,O006964,Debit Card,Successful,1156.41
P006965,O006965,Wallet,Successful,428.92999999999995
P006966,O006966,Cash,Successful,1023.0200000000001
P006967,O006967,Cash,Successful,958.7099999999999
P006968,O006968,Wallet,Successful,665.3399999999999
P006969,O006969,Wallet,Successful,389.96999999999997
P006970,O006970,Debit Card,Successful,1336.94
P006971,O006971,Wallet,Successful,275.77
P006972,O006972,Cash,Successful,524.58
P006973,O006973,Debit Card,Successful,1515.64
P006974,O006974,Cash,Failed,956.9499999999999
P006975,O006975,UPI,Successful,1398.66
P006976,O006976,UPI,Failed,1623.89
P006977,O006977,Cash,Successful,1535.45
P006978,O006978,Debit Card,Failed,486.79999999999995
P006979,O006979,Cash,Successful,734.93
P006980,O006980,Wallet,Failed,993.03
P006981,O006981,UPI,Successful,1490.94
P006982,O006982,Credit Card,Successful,947.9599999999999
P006983,O006983,Wallet,Successful,1058.09
P006984,O006984,Credit Card,Successful,1073.4399999999998
P006985,O006985,Cash,Successful,696.09
P006986,O006986,Credit Card,Successful,1260.63
P006987,O006987,UPI,Successful,466.99
P006988,O006988,Cash,Successful,1360.6999999999998
P006989,O006989,UPI,Successful,1255.02
P006990,O006990,Wallet,Successful,1134.31
P006991,O006991,UPI,Successful,904.87
P006992,O006992,UPI,Failed,325.71
P006993,O006993,Credit Card,Successful,1552.4099999999999
P006994,O006994,Credit Card,Successful,173.51
P006995,O006995,Cash,Successful,516.9799999999999
P006996,O006996,Debit Card,Successful,303.24
P006997,O006997,UPI,Successful,242.51000000000002
P006998,O006998,UPI,Successful,677.8299999999999
P006999,O006999,UPI,Successful,287.64
P007000,O007000,UPI,Refunded,1156.43
P007001,O007001,Credit Card,Refunded,1279.6
P007002,O007002,Debit Card,Successful,1705.0
P007003,O007003,UPI,Successful,584.53
P007004,O007004,UPI,Successful,643.32
P007005,O007005,Debit Card,Successful,531.23
P007006,O007006,Debit Card,Successful,1171.93
P007007,O007007,UPI,Successful,824.5799999999999
P007008,O007008,Debit Card,Successful,1005.8499999999999
P007009,O007009,Debit Card,Failed,645.16
P007010,O007010,Wallet,Failed,357.36
P007011,O007011,Debit Card,Successful,245.78
P007012,O007012,Cash,Successful,1475.25
P007013,O007013,UPI,Successful,557.0
P007014,O007014,Credit Card,Successful,1482.69
P007015,O007015,Cash,Successful,1424.4499999999998
P007016,O007016,Wallet,Successful,772.57
P007017,O007017,Wallet,Successful,1693.48
P007018,O007018,Cash,Successful,110.99
P007019,O007019,Credit Card,Successful,200.20999999999998
P007020,O007020,Debit Card,Successful,517.28
P007021,O007021,Debit Card,Successful,478.97
P007022,O007022,UPI,Successful,424.48
P007023,O007023,Debit Card,Successful,744.98
P007024,O007024,Debit Card,Successful,199.07000000000002
P007025,O007025,Wallet,Successful,1049.58
P007026,O007026,Cash,Successful,621.47
P007027,O007027,UPI,Successful,174.97
P007028,O007028,Cash,Successful,1420.75
P007029,O007029,Debit Card,Successful,1079.49
P007030,O007030,UPI,Successful,1205.1
P007031,O007031,UPI,Successful,1665.55
P007032,O007032,Credit Card,Successful,1190.57
P007033,O007033,Cash,Successful,1231.7
P007034,O007034,Wallet,Successful,475.59999999999997
P007035,O007035,Debit Card,Successful,660.4200000000001
P007036,O007036,UPI,Successful,987.2700000000001
P007037,O007037,Debit Card,Successful,857.0699999999999
P007038,O007038,UPI,Successful,1225.1799999999998
P007039,O007039,Wallet,Successful,1438.54
P007040,O007040,Credit Card,Successful,998.2
P007041,O007041,Cash,Successful,146.10000000000002
P007042,O007042,Debit Card,Successful,748.7299999999999
P007043,O007043,Debit Card,Successful,856.0700000000002
P007044,O007044,Wallet,Successful,915.75
P007045,O007045,UPI,Successful,176.84
P007046,O007046,Credit Card,Successful,1508.99
P007047,O007047,Debit Card,Successful,1618.98
P007048,O007048,UPI,Successful,1253.2600000000002
P007049,O007049,Debit Card,Successful,162.45
P007050,O007050,Debit Card,Successful,863.12
P007051,O007051,Debit Card,Successful,622.67
P007052,O007052,UPI,Successful,1123.51
P007053,O007053,Credit Card,Successful,168.76999999999998
P007054,O007054,UPI,Refunded,865.22
P007055,O007055,Credit Card,Successful,1134.6100000000001
P007056,O007056,Credit Card,Successful,1892.47
P007057,O007057,Wallet,Successful,1068.4199999999998
P007058,O007058,Wallet,Successful,1837.98
P007059,O007059,Cash,Successful,1728.77
P007060,O007060,UPI,Successful,924.96
P007061,O007061,Cash,Successful,1188.18
P007062,O007062,Debit Card,Successful,400.87
P007063,O007063,Debit Card,Successful,948.6800000000001
P007064,O007064,Debit Card,Failed,207.68
P007065,O007065,Debit Card,Successful,133.26999999999998
P007066,O007066,Credit Card,Successful,1616.01
P007067,O007067,Wallet,Successful,1382.6200000000001
P007068,O007068,Debit Card,Failed,486.04999999999995
P007069,O007069,Credit Card,Successful,695.82
P007070,O007070,Cash,Successful,735.81
P007071,O007071,Cash,Successful,1082.72
P007072,O007072,Debit Card,Successful,328.32
P007073,O007073,Debit Card,Successful,1137.27
P007074,O007074,Wallet,Successful,749.83
P007075,O007075,Cash,Successful,142.69
P007076,O007076,Wallet,Successful,1114.39
P007077,O007077,Cash,Successful,1182.3
P007078,O007078,Debit Card,Successful,1691.8500000000001
P007079,O007079,UPI,Successful,1064.6799999999998
P007080,O007080,Wallet,Successful,371.62
P007081,O007081,Debit Card,Successful,995.9399999999999
P007082,O007082,UPI,Successful,1423.96
P007083,O007083,Credit Card,Successful,707.6999999999999
P007084,O007084,Credit Card,Refunded,1717.1599999999999
P007085,O007085,Cash,Refunded,237.56999999999996
P007086,O007086,Wallet,Successful,1287.96
P007087,O007087,Credit Card,Successful,256.82
P007088,O007088,UPI,Successful,1229.27
P007089,O007089,Credit Card,Successful,240.32000000000002
P007090,O007090,Credit Card,Successful,633.92
P007091,O007091,UPI,Successful,1144.9099999999999
P007092,O007092,Cash,Successful,755.1800000000001
P007093,O007093,Wallet,Successful,1418.1699999999998
P007094,O007094,Credit Card,Successful,848.4599999999999
P007095,O007095,Cash,Successful,1675.23
P007096,O007096,Wallet,Successful,130.54
P007097,O007097,Cash,Failed,1140.6399999999999
P007098,O007098,Wallet,Successful,1674.78
P007099,O007099,Wallet,Successful,870.5899999999999
P007100,O007100,Wallet,Successful,1516.3700000000001
P007101,O007101,Credit Card,Successful,1315.0
P007102,O007102,Wallet,Successful,647.79
P007103,O007103,Wallet,Successful,911.9300000000001
P007104,O007104,Debit Card,Successful,1651.68
P007105,O007105,Wallet,Successful,1473.0300000000002
P007106,O007106,Cash,Successful,892.3100000000001
P007107,O007107,Credit Card,Successful,598.71
P007108,O007108,Cash,Successful,445.12
P007109,O007109,Wallet,Successful,999.83
P007110,O007110,Cash,Successful,605.11
P007111,O007111,UPI,Successful,661.7
P007112,O007112,Credit Card,Successful,1568.12
P007113,O007113,Cash,Successful,725.98
P007114,O007114,UPI,Failed,1088.44
P007115,O007115,Credit Card,Successful,197.74
P007116,O007116,Cash,Successful,1487.26
P007117,O007117,UPI,Successful,875.9
P007118,O007118,Credit Card,Successful,715.9
P007119,O007119,UPI,Refunded,925.3900000000001
P007120,O007120,Debit Card,Successful,263.66999999999996
P007121,O007121,Cash,Successful,730.08
P007122,O007122,Cash,Refunded,1233.4399999999998
P007123,O007123,Wallet,Successful,556.8399999999999
P007124,O007124,Wallet,Refunded,1811.58
P007125,O007125,Cash,Successful,1062.0700000000002
P007126,O007126,Credit Card,Failed,896.24
P007127,O007127,Debit Card,Successful,673.79
P007128,O007128,Credit Card,Successful,1320.84
P007129,O007129,Cash,Successful,1144.84
P007130,O007130,Cash,Successful,1418.29
P007131,O007131,Wallet,Successful,703.47
P007132,O007132,Cash,Successful,1402.76
P007133,O007133,Cash,Successful,1720.26
P007134,O007134,Wallet,Successful,484.52
P007135,O007135,Wallet,Successful,1511.21
P007136,O007136,UPI,Successful,719.48
P007137,O007137,Credit Card,Successful,130.28
P007138,O007138,Cash,Successful,662.49
P007139,O007139,Wallet,Successful,356.25
P007140,O007140,Debit Card,Successful,562.18
P007141,O007141,UPI,Successful,204.14
P007142,O007142,Credit Card,Successful,433.84
P007143,O007143,Debit Card,Successful,242.10000000000002
P007144,O007144,Credit Card,Successful,141.82999999999998
P007145,O007145,Credit Card,Successful,526.31
P007146,O007146,Credit Card,Successful,1540.1799999999998
P007147,O007147,Cash,Successful,1756.6399999999999
P007148,O007148,Wallet,Successful,1254.6100000000001
P007149,O007149,Credit Card,Successful,87.19999999999999
P007150,O007150,UPI,Successful,110.89000000000001
P007151,O007151,Wallet,Successful,115.77000000000001
P007152,O007152,Credit Card,Failed,620.6
P007153,O007153,Wallet,Successful,1634.76
P007154,O007154,Wallet,Successful,1377.3400000000001
P007155,O007155,Cash,Successful,515.14
P007156,O007156,Cash,Successful,626.91
P007157,O007157,Debit Card,Successful,1510.13
P007158,O007158,Wallet,Successful,1200.07
P007159,O007159,Credit Card,Successful,298.77000000000004
P007160,O007160,Wallet,Successful,248.37999999999997
P007161,O007161,UPI,Successful,1093.75
P007162,O007162,Credit Card,Successful,240.13
P007163,O007163,Debit Card,Successful,1385.62
P007164,O007164,Debit Card,Successful,455.94000000000005
P007165,O007165,Wallet,Successful,418.31
P007166,O007166,UPI,Successful,339.72999999999996
P007167,O007167,UPI,Successful,133.21
P007168,O007168,Debit Card,Successful,970.35
P007169,O007169,Debit Card,Successful,364.11
P007170,O007170,Cash,Successful,419.1
P007171,O007171,Wallet,Successful,1360.21
P007172,O007172,Debit Card,Successful,155.04000000000002
P007173,O007173,Wallet,Successful,430.58000000000004
P007174,O007174,UPI,Successful,362.34
P007175,O007175,Wallet,Successful,93.19
P007176,O007176,Debit Card,Successful,1079.17
P007177,O007177,Debit Card,Successful,379.88
P007178,O007178,Cash,Successful,1077.22
P007179,O007179,Debit Card,Successful,898.2800000000001
P007180,O007180,UPI,Successful,1121.02
P007181,O007181,Debit Card,Successful,1390.03
P007182,O007182,UPI,Successful,458.23
P007183,O007183,Cash,Successful,1192.02
P007184,O007184,Cash,Successful,1545.4299999999998
P007185,O007185,Wallet,Successful,1812.84
P007186,O007186,Wallet,Successful,1171.18
P007187,O007187,UPI,Successful,326.34
P007188,O007188,Debit Card,Successful,176.06
P007189,O007189,UPI,Failed,585.13
P007190,O007190,Debit Card,Successful,1574.28
P007191,O007191,Cash,Successful,1023.96
P007192,O007192,Wallet,Successful,1047.71
P007193,O007193,Wallet,Successful,1211.2700000000002
P007194,O007194,Cash,Successful,695.25
P007195,O007195,Debit Card,Successful,363.03
P007196,O007196,Debit Card,Failed,1588.61
P007197,O007197,UPI,Successful,1456.3700000000001
P007198,O007198,Wallet,Successful,976.28
P007199,O007199,Credit Card,Successful,761.54
P007200,O007200,UPI,Successful,773.9
P007201,O007201,Credit Card,Successful,146.02
P007202,O007202,Wallet,Successful,500.79
P007203,O007203,UPI,Successful,461.38000000000005
P007204,O007204,Debit Card,Successful,853.75
P007205,O007205,Wallet,Successful,486.7
P007206,O007206,Debit Card,Successful,344.09000000000003
P007207,O007207,Credit Card,Successful,1183.97
P007208,O007208,Credit Card,Failed,1471.6200000000001
P007209,O007209,Cash,Successful,189.41
P007210,O007210,UPI,Failed,471.28
P007211,O007211,Debit Card,Successful,1347.13
P007212,O007212,Cash,Successful,1514.28
P007213,O007213,Cash,Successful,820.3599999999999
P007214,O007214,Cash,Successful,1152.72
P007215,O007215,Debit Card,Successful,219.4
P007216,O007216,Wallet,Successful,1438.9399999999998
P007217,O007217,Wallet,Successful,1469.68
P007218,O007218,Wallet,Successful,1355.19
P007219,O007219,Credit Card,Successful,1409.8
P007220,O007220,UPI,Successful,139.17
P007221,O007221,Cash,Successful,388.44000000000005
P007222,O007222,Wallet,Successful,602.08
P007223,O007223,Cash,Successful,302.4
P007224,O007224,Credit Card,Refunded,1620.6200000000001
P007225,O007225,Cash,Successful,1177.75
P007226,O007226,Credit Card,Successful,1426.3500000000001
P007227,O007227,Credit Card,Successful,626.44
P007228,O007228,Wallet,Successful,1306.56
P007229,O007229,Cash,Successful,276.69
P007230,O007230,Debit Card,Successful,258.86
P007231,O007231,Credit Card,Successful,972.8100000000001
P007232,O007232,UPI,Successful,151.23
P007233,O007233,UPI,Successful,1805.97
P007234,O007234,Wallet,Successful,590.66
P007235,O007235,Credit Card,Successful,989.92
P007236,O007236,Credit Card,Successful,1423.66
P007237,O007237,Debit Card,Successful,834.28
P007238,O007238,Wallet,Successful,794.37
P007239,O007239,Cash,Successful,721.03
P007240,O007240,Debit Card,Refunded,599.0
P007241,O007241,Wallet,Failed,722.1800000000001
P007242,O007242,Debit Card,Successful,1800.76
P007243,O007243,Cash,Successful,1463.3000000000002
P007244,O007244,Debit Card,Successful,1086.01
P007245,O007245,UPI,Failed,840.59
P007246,O007246,UPI,Successful,1328.59
P007247,O007247,Debit Card,Successful,1168.93
P007248,O007248,Debit Card,Successful,1744.54
P007249,O007249,Debit Card,Failed,1326.26
P007250,O007250,Debit Card,Successful,1640.13
P007251,O007251,Debit Card,Successful,1574.4099999999999
P007252,O007252,Credit Card,Successful,1380.58
P007253,O007253,Cash,Failed,619.07
P007254,O007254,Wallet,Successful,666.79
P007255,O007255,Debit Card,Failed,1241.34
P007256,O007256,UPI,Successful,247.53
P007257,O007257,Credit Card,Successful,637.6700000000001
P007258,O007258,UPI,Successful,1563.44
P007259,O007259,Wallet,Successful,687.53
P007260,O007260,Credit Card,Successful,556.78
P007261,O007261,Wallet,Successful,903.34
P007262,O007262,Debit Card,Successful,533.6500000000001
P007263,O007263,Wallet,Successful,1138.72
P007264,O007264,Wallet,Successful,1436.49
P007265,O007265,UPI,Successful,1504.01
P007266,O007266,Debit Card,Successful,374.51
P007267,O007267,UPI,Successful,541.55
P007268,O007268,Credit Card,Successful,404.73
P007269,O007269,Debit Card,Failed,169.32
P007270,O007270,Debit Card,Successful,1177.44
P007271,O007271,Wallet,Successful,716.6
P007272,O007272,Cash,Successful,480.6700000000001
P007273,O007273,Debit Card,Successful,501.15
P007274,O007274,UPI,Successful,340.27
P007275,O007275,UPI,Successful,1191.28
P007276,O007276,Wallet,Successful,261.59
P007277,O007277,UPI,Successful,739.5699999999999
P007278,O007278,Wallet,Failed,110.92
P007279,O007279,Credit Card,Successful,808.2099999999999
P007280,O007280,UPI,Successful,766.13
P007281,O007281,Debit Card,Successful,1143.02
P007282,O007282,Credit Card,Successful,1174.26
P007283,O007283,Debit Card,Successful,133.04000000000002
P007284,O007284,Credit Card,Successful,224.25
P007285,O007285,Cash,Failed,1309.48
P007286,O007286,Wallet,Successful,1460.0900000000001
P007287,O007287,Cash,Successful,740.11
P007288,O007288,Credit Card,Successful,319.24
P007289,O007289,Cash,Successful,526.14
P007290,O007290,Cash,Successful,1067.25
P007291,O007291,UPI,Successful,1373.81
P007292,O007292,Cash,Successful,1115.27
P007293,O007293,Debit Card,Successful,124.98
P007294,O007294,Cash,Successful,999.0099999999999
P007295,O007295,Debit Card,Successful,1623.47
P007296,O007296,Debit Card,Successful,713.64
P007297,O007297,Cash,Successful,1728.6399999999999
P007298,O007298,Cash,Successful,1344.55
P007299,O007299,Credit Card,Successful,415.03
P007300,O007300,Wallet,Successful,298.7
P007301,O007301,Wallet,Successful,427.29
P007302,O007302,Cash,Successful,1310.98
P007303,O007303,Wallet,Successful,1179.24
P007304,O007304,Wallet,Successful,848.37
P007305,O007305,Cash,Successful,583.55
P007306,O007306,Debit Card,Successful,1415.56
P007307,O007307,Debit Card,Successful,365.21000000000004
P007308,O007308,Debit Card,Successful,601.99
P007309,O007309,UPI,Failed,188.98000000000002
P007310,O007310,UPI,Successful,593.18
P007311,O007311,Debit Card,Failed,1749.29
P007312,O007312,UPI,Successful,413.78999999999996
P007313,O007313,Wallet,Successful,446.40999999999997
P007314,O007314,Debit Card,Successful,1096.68
P007315,O007315,Wallet,Successful,991.82
P007316,O007316,Debit Card,Successful,339.53
P007317,O007317,UPI,Successful,288.79
P007318,O007318,Cash,Successful,277.85
P007319,O007319,UPI,Successful,1262.6499999999999
P007320,O007320,Credit Card,Successful,1069.47
P007321,O007321,UPI,Successful,1493.55
P007322,O007322,Credit Card,Successful,350.04999999999995
P007323,O007323,Wallet,Successful,822.0799999999999
P007324,O007324,Cash,Failed,1270.52
P007325,O007325,Wallet,Successful,431.1
P007326,O007326,Wallet,Successful,1208.0400000000002
P007327,O007327,UPI,Successful,767.8100000000001
P007328,O007328,Cash,Successful,811.74
P007329,O007329,Wallet,Successful,1243.29
P007330,O007330,Credit Card,Successful,948.41
P007331,O007331,Cash,Successful,1220.51
P007332,O007332,UPI,Refunded,1384.43
P007333,O007333,Cash,Successful,1129.74
P007334,O007334,Wallet,Successful,647.33
P007335,O007335,Cash,Successful,1122.41
P007336,O007336,Credit Card,Successful,362.63
P007337,O007337,Wallet,Successful,272.62
P007338,O007338,Cash,Successful,1015.4699999999999
P007339,O007339,Debit Card,Successful,1048.25
P007340,O007340,Credit Card,Successful,1645.36
P007341,O007341,UPI,Successful,1666.1200000000001
P007342,O007342,Wallet,Successful,1533.6599999999999
P007343,O007343,UPI,Successful,1571.54
P007344,O007344,Wallet,Successful,943.7800000000001
P007345,O007345,Credit Card,Successful,494.40999999999997
P007346,O007346,Debit Card,Successful,928.09
P007347,O007347,Cash,Successful,1086.21
P007348,O007348,UPI,Successful,959.0799999999999
P007349,O007349,Wallet,Successful,1252.81
P007350,O007350,Credit Card,Successful,1496.24
P007351,O007351,Cash,Refunded,393.93
P007352,O007352,Credit Card,Successful,261.5
P007353,O007353,Credit Card,Successful,1037.0
P007354,O007354,Cash,Successful,1664.4299999999998
P007355,O007355,Wallet,Successful,198.24
P007356,O007356,Debit Card,Successful,1411.74
P007357,O007357,UPI,Successful,1525.4
P007358,O007358,Debit Card,Failed,507.31000000000006
P007359,O007359,Wallet,Successful,1413.52
P007360,O007360,UPI,Successful,91.82
P007361,O007361,Wallet,Successful,922.85
P007362,O007362,UPI,Successful,605.49
P007363,O007363,Wallet,Successful,1457.1
P007364,O007364,Debit Card,Successful,728.86
P007365,O007365,UPI,Successful,758.95
P007366,O007366,Cash,Successful,1202.39
P007367,O007367,Credit Card,Successful,707.25
P007368,O007368,Cash,Successful,985.4100000000001
P007369,O007369,Credit Card,Successful,1906.4099999999999
P007370,O007370,Cash,Successful,386.77000000000004
P007371,O007371,Cash,Successful,756.8499999999999
P007372,O007372,Wallet,Successful,127.63
P007373,O007373,Cash,Successful,1574.8
P007374,O007374,Cash,Successful,220.04999999999998
P007375,O007375,Cash,Successful,253.01000000000002
P007376,O007376,Debit Card,Successful,1279.45
P007377,O007377,Credit Card,Refunded,848.01
P007378,O007378,UPI,Successful,1014.4299999999998
P007379,O007379,Debit Card,Successful,1255.5900000000001
P007380,O007380,UPI,Successful,578.8299999999999
P007381,O007381,Cash,Successful,583.11
P007382,O007382,UPI,Successful,387.59
P007383,O007383,UPI,Successful,1159.02
P007384,O007384,Cash,Successful,425.46000000000004
P007385,O007385,Credit Card,Successful,989.1000000000001
P007386,O007386,Debit Card,Successful,669.08
P007387,O007387,Cash,Successful,728.49
P007388,O007388,Cash,Successful,491.77000000000004
P007389,O007389,UPI,Successful,848.5400000000001
P007390,O007390,Credit Card,Successful,349.79
P007391,O007391,Cash,Successful,528.1700000000001
P007392,O007392,Credit Card,Successful,1341.32
P007393,O007393,Credit Card,Successful,398.91
P007394,O007394,Cash,Successful,1757.02
P007395,O007395,Debit Card,Successful,953.9
P007396,O007396,Credit Card,Successful,249.14999999999998
P007397,O007397,Debit Card,Successful,1408.03
P007398,O007398,Wallet,Successful,813.51
P007399,O007399,UPI,Successful,1089.33
P007400,O007400,Debit Card,Successful,422.34000000000003
P007401,O007401,UPI,Successful,597.55
P007402,O007402,Wallet,Successful,1392.3400000000001
P007403,O007403,Cash,Successful,328.95000000000005
P007404,O007404,Cash,Successful,1147.36
P007405,O007405,Credit Card,Successful,1250.8200000000002
P007406,O007406,Wallet,Successful,92.49
P007407,O007407,UPI,Successful,1690.3100000000002
P007408,O007408,Credit Card,Successful,196.99
P007409,O007409,Wallet,Successful,509.80999999999995
P007410,O007410,Debit Card,Failed,1681.7
P007411,O007411,Cash,Successful,223.32999999999998
P007412,O007412,Credit Card,Successful,1509.23
P007413,O007413,UPI,Failed,1012.6999999999999
P007414,O007414,UPI,Successful,1082.54
P007415,O007415,Credit Card,Successful,972.1800000000001
P007416,O007416,Debit Card,Successful,312.31
P007417,O007417,Credit Card,Successful,1019.69
P007418,O007418,UPI,Successful,1417.52
P007419,O007419,Wallet,Successful,209.81
P007420,O007420,Cash,Successful,586.44
P007421,O007421,Credit Card,Successful,903.14
P007422,O007422,Wallet,Successful,401.38
P007423,O007423,Credit Card,Successful,1411.21
P007424,O007424,UPI,Successful,1075.5600000000002
P007425,O007425,Debit Card,Successful,278.15
P007426,O007426,Cash,Successful,1076.03
P007427,O007427,Cash,Successful,709.64
P007428,O007428,Credit Card,Successful,439.69999999999993
P007429,O007429,Debit Card,Successful,1234.19
P007430,O007430,Credit Card,Failed,197.91
P007431,O007431,Debit Card,Successful,715.5
P007432,O007432,Wallet,Successful,757.62
P007433,O007433,Wallet,Successful,974.75
P007434,O007434,Cash,Successful,456.84000000000003
P007435,O007435,Credit Card,Successful,1327.45
P007436,O007436,UPI,Successful,1533.36
P007437,O007437,UPI,Successful,972.48
P007438,O007438,UPI,Successful,430.73
P007439,O007439,Debit Card,Successful,1413.95
P007440,O007440,Credit Card,Refunded,1806.3
P007441,O007441,Cash,Successful,1489.82
P007442,O007442,Wallet,Successful,566.8299999999999
P007443,O007443,Wallet,Successful,506.4100000000001
P007444,O007444,UPI,Successful,364.12
P007445,O007445,Wallet,Successful,472.67
P007446,O007446,Credit Card,Failed,412.27000000000004
P007447,O007447,Wallet,Successful,1400.67
P007448,O007448,Wallet,Successful,1236.3700000000001
P007449,O007449,Cash,Successful,306.84000000000003
P007450,O007450,Debit Card,Failed,841.02
P007451,O007451,UPI,Successful,335.1
P007452,O007452,Cash,Successful,932.99
P007453,O007453,Wallet,Successful,660.54
P007454,O007454,UPI,Successful,375.68
P007455,O007455,Wallet,Successful,401.9
P007456,O007456,Credit Card,Successful,1103.78
P007457,O007457,Debit Card,Successful,754.97
P007458,O007458,Cash,Successful,955.04
P007459,O007459,Credit Card,Successful,1589.1499999999999
P007460,O007460,Wallet,Successful,942.1999999999999
P007461,O007461,Credit Card,Successful,785.47
P007462,O007462,Debit Card,Successful,1754.02
P007463,O007463,Debit Card,Successful,496.22
P007464,O007464,Wallet,Successful,502.27000000000004
P007465,O007465,UPI,Successful,1361.8400000000001
P007466,O007466,UPI,Successful,1500.2400000000002
P007467,O007467,Credit Card,Successful,247.55
P007468,O007468,UPI,Successful,1682.93
P007469,O007469,UPI,Successful,92.25999999999999
P007470,O007470,Debit Card,Successful,1531.4299999999998
P007471,O007471,Credit Card,Successful,566.26
P007472,O007472,Cash,Successful,375.19
P007473,O007473,Wallet,Successful,942.0699999999999
P007475,O007475,Wallet,Successful,1508.92
P007476,O007476,Cash,Successful,1746.79
P007477,O007477,UPI,Successful,864.8300000000002
P007478,O007478,UPI,Successful,778.6999999999999
P007479,O007479,Credit Card,Successful,124.29
P007480,O007480,UPI,Successful,408.95
P007481,O007481,Cash,Successful,1037.52
P007482,O007482,Wallet,Successful,1134.6000000000001
P007483,O007483,Credit Card,Refunded,1563.8
P007484,O007484,Credit Card,Successful,490.65000000000003
P007485,O007485,Debit Card,Successful,1439.15
P007486,O007486,Credit Card,Successful,1474.1200000000001
P007487,O007487,Wallet,Successful,724.76
P007488,O007488,Wallet,Successful,1281.11
P007489,O007489,Cash,Successful,771.61
P007490,O007490,UPI,Successful,1741.15
P007491,O007491,Wallet,Successful,99.04
P007492,O007492,Cash,Successful,836.9
P007493,O007493,Wallet,Successful,526.3199999999999
P007494,O007494,Cash,Successful,1333.32
P007495,O007495,Credit Card,Failed,582.9699999999999
P007496,O007496,Cash,Successful,841.91
P007497,O007497,Wallet,Successful,1431.43
P007498,O007498,UPI,Successful,779.39
P007499,O007499,Debit Card,Successful,717.24
P007500,O007500,Debit Card,Failed,157.8
P007501,O007501,Debit Card,Successful,142.04999999999998
P007503,O007503,Credit Card,Successful,1157.8500000000001
P007504,O007504,UPI,Successful,1228.67
P007505,O007505,Cash,Successful,722.1
P007506,O007506,Credit Card,Successful,430.49
P007507,O007507,Cash,Successful,605.38
P007508,O007508,Debit Card,Successful,168.57
P007509,O007509,Cash,Successful,1247.1200000000001
P007510,O007510,Cash,Successful,864.98
P007511,O007511,UPI,Successful,972.98
P007512,O007512,UPI,Successful,1524.6
P007513,O007513,UPI,Successful,708.0400000000001
P007514,O007514,Cash,Successful,1620.48
P007515,O007515,Cash,Successful,93.52000000000001
P007516,O007516,UPI,Successful,1901.74
P007517,O007517,Debit Card,Successful,1265.51
P007518,O007518,Debit Card,Successful,683.87
P007519,O007519,UPI,Successful,975.21
P007520,O007520,UPI,Successful,1589.48
P007521,O007521,Credit Card,Successful,804.3499999999999
P007522,O007522,UPI,Successful,155.5
P007523,O007523,Cash,Successful,1588.44
P007524,O007524,UPI,Successful,767.6399999999999
P007525,O007525,Cash,Successful,1135.6299999999999
P007526,O007526,Credit Card,Successful,100.56
P007527,O007527,Debit Card,Successful,211.04
P007528,O007528,Credit Card,Successful,1171.37
P007529,O007529,UPI,Successful,769.45
P007530,O007530,Wallet,Successful,1459.85
P007531,O007531,Credit Card,Failed,1375.75
P007532,O007532,Cash,Successful,1593.77
P007533,O007533,Wallet,Successful,445.08
P007534,O007534,UPI,Successful,305.38
P007535,O007535,Wallet,Successful,649.36
P007536,O007536,UPI,Failed,572.7299999999999
P007537,O007537,Wallet,Failed,1222.5200000000002
P007538,O007538,Debit Card,Refunded,1095.3400000000001
P007539,O007539,UPI,Successful,635.73
P007540,O007540,Cash,Successful,245.09999999999997
P007541,O007541,UPI,Successful,108.1
P007542,O007542,Credit Card,Successful,494.11
P007543,O007543,UPI,Successful,1359.94
P007544,O007544,Debit Card,Failed,420.28000000000003
P007545,O007545,Debit Card,Successful,1737.11
P007546,O007546,Cash,Successful,941.0699999999999
P007547,O007547,UPI,Successful,1621.93
P007548,O007548,Wallet,Failed,771.74
P007549,O007549,Credit Card,Successful,1688.43
P007550,O007550,Debit Card,Refunded,1066.17
P007551,O007551,Debit Card,Successful,750.09
P007552,O007552,UPI,Successful,402.94
P007553,O007553,Debit Card,Successful,1694.3500000000001
P007554,O007554,Cash,Successful,684.37
P007555,O007555,Credit Card,Successful,182.0
P007556,O007556,Debit Card,Successful,526.61
P007557,O007557,Wallet,Successful,383.28999999999996
P007558,O007558,Debit Card,Successful,642.25
P007559,O007559,Wallet,Successful,1065.14
P007560,O007560,Cash,Successful,892.6099999999999
P007561,O007561,Wallet,Successful,1244.3899999999999
P007562,O007562,UPI,Successful,696.29
P007563,O007563,Credit Card,Successful,239.48
P007564,O007564,UPI,Successful,329.27
P007565,O007565,Debit Card,Successful,1553.1699999999998
P007566,O007566,Credit Card,Successful,264.25
P007567,O007567,Debit Card,Successful,1245.67
P007568,O007568,Credit Card,Successful,386.61
P007569,O007569,Debit Card,Successful,1086.56
P007570,O007570,Wallet,Successful,979.4200000000001
P007571,O007571,Debit Card,Successful,235.24
P007572,O007572,Debit Card,Successful,1246.88
P007573,O007573,Wallet,Successful,848.3
P007574,O007574,Cash,Failed,1222.8899999999999
P007575,O007575,Wallet,Successful,1562.8600000000001
P007576,O007576,Cash,Successful,130.24
P007577,O007577,Cash,Successful,1032.8400000000001
P007578,O007578,Cash,Successful,211.39000000000001
P007579,O007579,Debit Card,Successful,717.72
P007580,O007580,Wallet,Successful,91.67
P007581,O007581,Wallet,Successful,555.0999999999999
P007582,O007582,Credit Card,Successful,316.5
P007583,O007583,Debit Card,Successful,918.0600000000001
P007584,O007584,UPI,Successful,960.93
P007585,O007585,UPI,Successful,1489.6100000000001
P007586,O007586,Debit Card,Successful,1208.43
P007587,O007587,Wallet,Successful,1209.83
P007588,O007588,Debit Card,Successful,202.95
P007589,O007589,UPI,Successful,132.17000000000002
P007590,O007590,Cash,Successful,1593.22
P007591,O007591,Cash,Failed,710.73
P007592,O007592,Wallet,Successful,632.24
P007593,O007593,Credit Card,Successful,134.12
P007594,O007594,Cash,Refunded,264.4
P007595,O007595,Cash,Successful,1327.8500000000001
P007596,O007596,Cash,Successful,1052.77
P007597,O007597,Wallet,Successful,684.4300000000001
P007598,O007598,Wallet,Successful,1364.65
P007599,O007599,Debit Card,Successful,854.5999999999999
P007600,O007600,UPI,Successful,1287.94
P007601,O007601,Cash,Successful,725.3
P007602,O007602,UPI,Refunded,695.42
P007603,O007603,Credit Card,Successful,199.24
P007604,O007604,Cash,Successful,1066.3899999999999
P007605,O007605,Cash,Successful,255.26
P007606,O007606,Credit Card,Successful,1438.9299999999998
P007607,O007607,Wallet,Successful,368.65999999999997
P007608,O007608,Debit Card,Successful,556.19
P007609,O007609,Wallet,Successful,1773.93
P007610,O007610,UPI,Successful,706.01
P007611,O007611,Credit Card,Successful,309.4
P007612,O007612,Cash,Successful,1801.5500000000002
P007613,O007613,Cash,Successful,822.92
P007614,O007614,UPI,Successful,257.49
P007615,O007615,Cash,Successful,758.31
P007616,O007616,Wallet,Successful,1066.29
P007617,O007617,Credit Card,Successful,751.35
P007618,O007618,Wallet,Successful,1663.49
P007619,O007619,Wallet,Successful,435.03
P007620,O007620,Debit Card,Successful,319.84
P007621,O007621,Credit Card,Successful,404.43999999999994
P007622,O007622,Debit Card,Successful,198.0
P007623,O007623,Debit Card,Successful,766.72
P007624,O007624,Cash,Successful,1706.24
P007625,O007625,UPI,Refunded,656.1899999999999
P007626,O007626,Debit Card,Refunded,495.62
P007627,O007627,Cash,Successful,1388.95
P007628,O007628,Cash,Successful,482.73
P007629,O007629,Credit Card,Successful,869.9100000000001
P007630,O007630,Debit Card,Successful,115.49
P007631,O007631,Wallet,Successful,453.68000000000006
P007632,O007632,UPI,Successful,259.88
P007633,O007633,Wallet,Successful,265.07
P007634,O007634,Debit Card,Successful,711.8100000000001
P007635,O007635,Wallet,Successful,524.3399999999999
P007636,O007636,Debit Card,Successful,391.42
P007637,O007637,Wallet,Successful,1030.11
P007638,O007638,Debit Card,Successful,1556.26
P007639,O007639,Credit Card,Successful,1349.7
P007640,O007640,Cash,Successful,457.34000000000003
P007641,O007641,Cash,Successful,435.48
P007642,O007642,Credit Card,Successful,1347.32
P007643,O007643,Cash,Successful,974.0399999999998
P007644,O007644,Debit Card,Successful,1298.1399999999999
P007645,O007645,Wallet,Successful,99.24000000000001
P007646,O007646,UPI,Successful,204.99
P007647,O007647,UPI,Successful,1370.74
P007648,O007648,Credit Card,Successful,1244.5900000000001
P007649,O007649,Cash,Successful,563.93
P007650,O007650,Wallet,Successful,1760.48
P007651,O007651,UPI,Successful,609.86
P007652,O007652,Wallet,Successful,1502.9299999999998
P007653,O007653,UPI,Successful,867.41
P007654,O007654,Wallet,Successful,1079.49
P007655,O007655,Cash,Successful,996.52
P007656,O007656,Debit Card,Successful,336.71000000000004
P007657,O007657,Debit Card,Successful,142.57
P007658,O007658,Wallet,Successful,803.26
P007659,O007659,Cash,Successful,380.29
P007660,O007660,Debit Card,Successful,810.44
P007661,O007661,Debit Card,Successful,723.81
P007662,O007662,Debit Card,Successful,305.43
P007663,O007663,Wallet,Successful,1043.42
P007664,O007664,UPI,Successful,138.67
P007665,O007665,UPI,Successful,311.81
P007666,O007666,Credit Card,Successful,1383.97
P007667,O007667,Credit Card,Successful,962.6100000000001
P007668,O007668,Cash,Successful,514.02
P007669,O007669,UPI,Successful,419.73
P007670,O007670,Debit Card,Successful,1225.6399999999999
P007671,O007671,Wallet,Successful,432.83
P007672,O007672,UPI,Successful,1597.83
P007673,O007673,Debit Card,Successful,1588.4
P007674,O007674,UPI,Failed,287.74
P007675,O007675,UPI,Successful,1550.88
P007676,O007676,Cash,Successful,697.13
P007677,O007677,Debit Card,Successful,766.51
P007678,O007678,UPI,Successful,328.7
P007679,O007679,UPI,Successful,235.67000000000002
P007680,O007680,UPI,Successful,1584.52
P007681,O007681,Wallet,Successful,1085.61
P007682,O007682,Cash,Successful,959.21
P007683,O007683,Wallet,Successful,134.28
P007684,O007684,UPI,Successful,1409.83
P007685,O007685,Wallet,Successful,577.1800000000001
P007686,O007686,UPI,Successful,667.85
P007687,O007687,Wallet,Successful,589.64
P007688,O007688,Wallet,Successful,1493.98
P007689,O007689,Cash,Successful,620.7
P007690,O007690,Debit Card,Successful,423.73
P007691,O007691,Wallet,Successful,1028.1499999999999
P007692,O007692,Cash,Successful,1429.9299999999998
P007693,O007693,UPI,Successful,625.64
P007694,O007694,Credit Card,Successful,1224.2
P007695,O007695,Debit Card,Successful,500.22999999999996
P007696,O007696,UPI,Successful,1183.58
P007697,O007697,Debit Card,Successful,1178.09
P007698,O007698,Credit Card,Successful,1167.46
P007699,O007699,Debit Card,Successful,1195.26
P007700,O007700,UPI,Successful,281.0
P007701,O007701,UPI,Successful,1692.8400000000001
P007702,O007702,Cash,Successful,899.8500000000001
P007703,O007703,Debit Card,Successful,658.38
P007704,O007704,Credit Card,Successful,336.2
P007705,O007705,UPI,Failed,1190.42
P007706,O007706,Wallet,Successful,1023.58
P007707,O007707,Wallet,Successful,300.64
P007708,O007708,UPI,Successful,1419.71
P007709,O007709,UPI,Successful,212.48000000000002
P007710,O007710,Wallet,Successful,850.22
P007711,O007711,Credit Card,Successful,900.31
P007712,O007712,Wallet,Successful,1488.7199999999998
P007713,O007713,Debit Card,Successful,271.13
P007714,O007714,Cash,Successful,917.5799999999999
P007715,O007715,Cash,Successful,845.49
P007716,O007716,UPI,Successful,462.99
P007717,O007717,Wallet,Refunded,1819.91
P007718,O007718,UPI,Successful,1431.23
P007719,O007719,Wallet,Failed,1160.52
P007720,O007720,Debit Card,Successful,1278.02
P007721,O007721,Credit Card,Successful,1428.08
P007722,O007722,Debit Card,Successful,875.92
P007723,O007723,Cash,Successful,657.9399999999999
P007724,O007724,Wallet,Successful,1215.2399999999998
P007725,O007725,Debit Card,Successful,1158.3
P007726,O007726,Wallet,Successful,1117.31
P007727,O007727,Wallet,Successful,871.19
P007728,O007728,Credit Card,Successful,1249.5900000000001
P007729,O007729,Wallet,Successful,1766.4099999999999
P007730,O007730,UPI,Successful,1235.77
P007731,O007731,Cash,Successful,379.26000000000005
P007732,O007732,Wallet,Successful,861.49
P007733,O007733,Cash,Successful,1354.25
P007734,O007734,UPI,Refunded,304.67
P007735,O007735,Credit Card,Successful,1712.41
P007736,O007736,Wallet,Successful,238.22
P007737,O007737,Credit Card,Successful,1003.06
P007738,O007738,Cash,Successful,1513.27
P007739,O007739,Wallet,Successful,1471.67
P007740,O007740,Debit Card,Successful,1274.77
P007741,O007741,UPI,Successful,1878.77
P007742,O007742,Debit Card,Successful,1224.77
P007743,O007743,Credit Card,Successful,1836.4199999999998
P007744,O007744,UPI,Successful,1327.13
P007745,O007745,Credit Card,Successful,960.4499999999998
P007746,O007746,UPI,Successful,1222.63
P007747,O007747,Debit Card,Successful,405.28999999999996
P007748,O007748,Debit Card,Successful,1262.13
P007749,O007749,Wallet,Successful,1671.32
P007750,O007750,Credit Card,Successful,1181.6
P007751,O007751,Wallet,Successful,105.4
P007752,O007752,Debit Card,Successful,182.08999999999997
P007753,O007753,UPI,Successful,516.73
P007754,O007754,UPI,Successful,882.6099999999999
P007755,O007755,UPI,Successful,854.42
P007756,O007756,Credit Card,Successful,1464.88
P007757,O007757,Wallet,Successful,1430.73
P007758,O007758,Cash,Successful,675.2099999999999
P007759,O007759,Debit Card,Successful,1165.0500000000002
P007760,O007760,UPI,Successful,1152.02
P007761,O007761,Cash,Refunded,539.71
P007762,O007762,UPI,Successful,1322.13
P007763,O007763,Cash,Successful,501.79
P007764,O007764,Cash,Successful,1503.48
P007765,O007765,Debit Card,Successful,1286.45
P007766,O007766,Cash,Successful,1061.0900000000001
P007767,O007767,Credit Card,Successful,1365.52
P007768,O007768,UPI,Successful,891.6700000000001
P007769,O007769,Debit Card,Successful,1251.25
P007770,O007770,Credit Card,Successful,890.33
P007771,O007771,Cash,Failed,1948.0
P007772,O007772,Debit Card,Successful,1133.5
P007773,O007773,Credit Card,Successful,569.04
P007774,O007774,Debit Card,Successful,1457.48
P007775,O007775,Wallet,Successful,870.91
P007776,O007776,Debit Card,Successful,1497.5900000000001
P007777,O007777,Credit Card,Successful,1495.9499999999998
P007778,O007778,UPI,Successful,1259.3000000000002
P007779,O007779,Cash,Successful,1394.5300000000002
P007780,O007780,UPI,Successful,667.46
P007781,O007781,Credit Card,Successful,160.55
P007782,O007782,Wallet,Successful,963.3299999999999
P007783,O007783,Wallet,Successful,1162.23
P007784,O007784,Wallet,Successful,223.48
P007785,O007785,UPI,Failed,1456.5
P007786,O007786,Debit Card,Failed,1011.5700000000002
P007787,O007787,Debit Card,Successful,246.32
P007788,O007788,Debit Card,Successful,1084.3300000000002
P007789,O007789,Debit Card,Successful,306.0
P007790,O007790,Wallet,Successful,625.46
P007791,O007791,Debit Card,Successful,1288.3799999999999
P007792,O007792,Cash,Successful,215.70999999999998
P007793,O007793,Wallet,Successful,924.59
P007794,O007794,UPI,Successful,944.9099999999999
P007795,O007795,UPI,Successful,1499.51
P007796,O007796,Credit Card,Successful,1426.08
P007797,O007797,Credit Card,Successful,269.06
P007798,O007798,Cash,Successful,1397.61
P007799,O007799,UPI,Successful,927.73
P007800,O007800,UPI,Refunded,766.6600000000001
P007801,O007801,Cash,Successful,244.53000000000003
P007802,O007802,Cash,Successful,1860.76
P007803,O007803,Cash,Successful,868.4399999999999
P007804,O007804,UPI,Successful,1848.93
P007805,O007805,Cash,Successful,373.79
P007806,O007806,Wallet,Successful,1031.8999999999999
P007807,O007807,Cash,Successful,294.53999999999996
P007808,O007808,Debit Card,Successful,980.2099999999999
P007810,O007810,UPI,Successful,299.04999999999995
P007811,O007811,UPI,Successful,463.68000000000006
P007812,O007812,Wallet,Successful,1061.23
P007813,O007813,Cash,Successful,186.35
P007814,O007814,Credit Card,Successful,764.34
P007815,O007815,Debit Card,Successful,632.73
P007816,O007816,UPI,Successful,1269.16
P007817,O007817,UPI,Successful,143.86
P007818,O007818,Cash,Successful,1591.4
P007819,O007819,Debit Card,Successful,1229.5800000000002
P007820,O007820,Debit Card,Failed,624.1899999999999
P007821,O007821,Cash,Successful,439.25
P007822,O007822,UPI,Successful,1768.75
P007823,O007823,Debit Card,Successful,866.5300000000001
P007824,O007824,Cash,Successful,698.26
P007825,O007825,Credit Card,Successful,154.25
P007826,O007826,Debit Card,Successful,336.78000000000003
P007827,O007827,UPI,Successful,960.27
P007828,O007828,Debit Card,Successful,1065.5600000000002
P007829,O007829,Credit Card,Successful,1319.74
P007830,O007830,Cash,Successful,1538.17
P007831,O007831,Debit Card,Successful,640.81
P007832,O007832,Credit Card,Successful,288.54999999999995
P007833,O007833,Credit Card,Successful,1504.3100000000002
P007834,O007834,Credit Card,Successful,1042.9699999999998
P007835,O007835,Debit Card,Successful,1915.79
P007836,O007836,Wallet,Successful,1421.71
P007837,O007837,Cash,Successful,563.4200000000001
P007838,O007838,Credit Card,Successful,855.91
P007839,O007839,Cash,Failed,423.65000000000003
P007840,O007840,Credit Card,Successful,902.54
P007841,O007841,UPI,Successful,1300.39
P007842,O007842,UPI,Successful,1123.91
P007843,O007843,UPI,Successful,723.7900000000001
P007844,O007844,Cash,Successful,1539.56
P007845,O007845,Credit Card,Successful,233.89000000000001
P007846,O007846,UPI,Successful,274.87
P007847,O007847,Cash,Successful,798.75
P007848,O007848,UPI,Failed,1180.97
P007849,O007849,Credit Card,Successful,1404.17
P007850,O007850,UPI,Successful,777.9
P007851,O007851,Debit Card,Successful,1011.7099999999999
P007852,O007852,UPI,Successful,157.26000000000002
P007853,O007853,Debit Card,Successful,635.16
P007854,O007854,Wallet,Successful,1068.31
P007855,O007855,Wallet,Successful,435.85
P007856,O007856,UPI,Refunded,378.84
P007857,O007857,Cash,Failed,192.42999999999998
P007858,O007858,Cash,Successful,756.09
P007859,O007859,Cash,Failed,1593.7099999999998
P007860,O007860,Cash,Failed,1219.56
P007861,O007861,Cash,Successful,1581.28
P007862,O007862,Debit Card,Successful,145.67000000000002
P007863,O007863,UPI,Successful,1806.1000000000001
P007864,O007864,UPI,Successful,817.85
P007865,O007865,UPI,Successful,1646.8400000000001
P007866,O007866,Cash,Successful,1549.97
P007867,O007867,Cash,Successful,802.6199999999999
P007868,O007868,Wallet,Successful,141.34
P007869,O007869,Debit Card,Successful,1104.48
P007870,O007870,UPI,Successful,709.66
P007871,O007871,UPI,Successful,373.14
P007872,O007872,Credit Card,Successful,431.91
P007873,O007873,Wallet,Successful,890.8
P007874,O007874,UPI,Successful,236.8
P007875,O007875,UPI,Successful,1373.3
P007876,O007876,Cash,Successful,381.96000000000004
P007877,O007877,Credit Card,Successful,1033.0400000000002
P007878,O007878,Debit Card,Successful,328.9
P007879,O007879,Credit Card,Successful,1222.8799999999999
P007880,O007880,Cash,Successful,1227.71
P007881,O007881,Cash,Successful,428.37
P007882,O007882,Debit Card,Successful,1420.7
P007883,O007883,Debit Card,Successful,200.07
P007884,O007884,Credit Card,Successful,1228.64
P007885,O007885,Credit Card,Successful,986.69
P007886,O007886,Cash,Successful,305.32000000000005
P007887,O007887,Wallet,Failed,1140.27
P007888,O007888,Cash,Successful,353.09
P007889,O007889,Wallet,Successful,1277.16
P007890,O007890,Cash,Successful,1044.1200000000001
P007891,O007891,Credit Card,Successful,1280.76
P007892,O007892,Credit Card,Successful,1570.5
P007893,O007893,Credit Card,Successful,1341.23
P007894,O007894,Credit Card,Successful,1005.7299999999999
P007895,O007895,UPI,Successful,1641.0
P007896,O007896,Wallet,Successful,1752.32
P007897,O007897,Credit Card,Successful,1463.48
P007898,O007898,Cash,Successful,1802.9299999999998
P007899,O007899,Credit Card,Successful,1570.4
P007900,O007900,Credit Card,Successful,526.03
P007901,O007901,Credit Card,Successful,352.26
P007902,O007902,Cash,Successful,913.62
P007903,O007903,Wallet,Successful,1869.0600000000002
P007904,O007904,Credit Card,Successful,204.77000000000004
P007905,O007905,Credit Card,Successful,1176.44
P007906,O007906,Cash,Successful,1666.9199999999998
P007907,O007907,Cash,Successful,1419.54
P007908,O007908,Debit Card,Successful,985.22
P007909,O007909,UPI,Successful,685.8699999999999
P007910,O007910,Debit Card,Successful,373.51
P007911,O007911,Debit Card,Successful,1909.9599999999998
P007912,O007912,Debit Card,Successful,1656.54
P007913,O007913,UPI,Successful,1470.77
P007914,O007914,Wallet,Successful,1848.66
P007915,O007915,Wallet,Successful,164.92000000000002
P007916,O007916,UPI,Successful,1137.8799999999999
P007917,O007917,Debit Card,Successful,456.1
P007918,O007918,Debit Card,Successful,1480.9499999999998
P007919,O007919,UPI,Successful,255.01000000000002
P007920,O007920,Cash,Successful,542.0500000000001
P007921,O007921,Cash,Successful,1270.23
P007922,O007922,Credit Card,Successful,1291.8200000000002
P007923,O007923,UPI,Successful,1900.3899999999999
P007924,O007924,Credit Card,Successful,1181.6399999999999
P007925,O007925,Cash,Successful,484.61
P007926,O007926,Credit Card,Successful,952.21
P007927,O007927,Credit Card,Successful,1872.67
P007928,O007928,Credit Card,Successful,1315.12
P007929,O007929,Debit Card,Successful,1649.36
P007930,O007930,UPI,Successful,116.74000000000001
P007931,O007931,Wallet,Successful,743.13
P007932,O007932,UPI,Failed,1398.36
P007933,O007933,UPI,Successful,141.67000000000002
P007934,O007934,Debit Card,Successful,988.29
P007935,O007935,Debit Card,Successful,668.78
P007936,O007936,Credit Card,Refunded,1178.31
P007937,O007937,Debit Card,Successful,369.74
P007938,O007938,Credit Card,Successful,1087.82
P007939,O007939,Debit Card,Failed,1864.43
P007940,O007940,Debit Card,Successful,561.3000000000001
P007941,O007941,Cash,Successful,951.73
P007942,O007942,Credit Card,Successful,138.78
P007943,O007943,Debit Card,Successful,906.83
P007944,O007944,Wallet,Successful,866.71
P007945,O007945,Wallet,Failed,945.6300000000001
P007946,O007946,UPI,Refunded,559.21
P007947,O007947,Debit Card,Successful,716.7900000000001
P007948,O007948,Credit Card,Failed,1232.99
P007949,O007949,Cash,Successful,1716.9699999999998
P007950,O007950,UPI,Successful,428.61
P007951,O007951,Debit Card,Successful,1382.23
P007952,O007952,Wallet,Successful,856.6400000000001
P007953,O007953,Cash,Failed,245.25
P007954,O007954,Cash,Successful,993.27
P007955,O007955,Cash,Successful,1052.0900000000001
P007956,O007956,Credit Card,Successful,928.9000000000001
P007957,O007957,Cash,Successful,260.9
P007958,O007958,UPI,Successful,1720.17
P007959,O007959,UPI,Successful,139.98
P007960,O007960,Debit Card,Successful,540.56
P007961,O007961,Debit Card,Successful,1163.9199999999998
P007962,O007962,Credit Card,Successful,438.16
P007963,O007963,Cash,Successful,284.68
P007964,O007964,UPI,Successful,854.0600000000001
P007965,O007965,UPI,Successful,1330.69
P007966,O007966,Credit Card,Successful,784.9
P007967,O007967,Wallet,Refunded,1149.52
P007968,O007968,UPI,Successful,1527.93
P007969,O007969,Cash,Successful,1792.24
P007970,O007970,Wallet,Successful,514.4000000000001
P007971,O007971,Cash,Successful,978.6300000000001
P007972,O007972,Cash,Successful,470.35999999999996
P007973,O007973,UPI,Successful,1651.73
P007974,O007974,Cash,Successful,1620.1
P007975,O007975,Credit Card,Successful,507.75
P007976,O007976,UPI,Successful,934.5800000000002
P007977,O007977,Cash,Successful,1472.87
P007978,O007978,Credit Card,Successful,823.8400000000001
P007979,O007979,Wallet,Successful,1139.16
P007980,O007980,Credit Card,Refunded,1429.19
P007981,O007981,UPI,Refunded,1731.08
P007982,O007982,Cash,Successful,839.1500000000001
P007983,O007983,UPI,Successful,1812.51
P007984,O007984,Cash,Successful,1182.15
P007985,O007985,Cash,Successful,351.52
P007986,O007986,Debit Card,Successful,1131.3300000000002
P007987,O007987,Wallet,Successful,573.9
P007988,O007988,Cash,Successful,685.53
P007989,O007989,Debit Card,Successful,1399.3999999999999
P007990,O007990,Credit Card,Successful,1854.12
P007991,O007991,UPI,Failed,1411.5700000000002
P007992,O007992,Cash,Successful,548.5699999999999
P007993,O007993,UPI,Successful,828.7
P007994,O007994,UPI,Successful,1473.54
P007995,O007995,Debit Card,Successful,1607.52
P007996,O007996,Cash,Successful,1622.68
P007997,O007997,Cash,Failed,903.29
P007998,O007998,Debit Card,Successful,1549.6599999999999
P007999,O007999,UPI,Successful,1351.24
P008000,O008000,Wallet,Successful,170.34
P008001,O008001,Cash,Successful,588.5300000000001
P008002,O008002,Cash,Successful,1475.4099999999999
P008003,O008003,Debit Card,Successful,814.86
P008004,O008004,Credit Card,Successful,500.22
P008005,O008005,Cash,Successful,490.31
P008006,O008006,Wallet,Successful,702.73
P008007,O008007,Debit Card,Successful,447.59
P008008,O008008,Wallet,Successful,80.88
P008009,O008009,Cash,Successful,402.55
P008010,O008010,UPI,Successful,1430.65
P008011,O008011,Debit Card,Successful,193.10999999999999
P008012,O008012,Wallet,Successful,833.09
P008013,O008013,Debit Card,Successful,756.3900000000001
P008014,O008014,Wallet,Successful,1237.75
P008015,O008015,Debit Card,Successful,552.56
P008016,O008016,Cash,Successful,622.7700000000001
P008017,O008017,Debit Card,Successful,91.23
P008018,O008018,Debit Card,Successful,1776.63
P008019,O008019,Credit Card,Successful,1306.23
P008020,O008020,UPI,Successful,495.33
P008021,O008021,Wallet,Successful,1267.17
P008022,O008022,Cash,Successful,244.1
P008023,O008023,Debit Card,Successful,603.9300000000001
P008024,O008024,Credit Card,Successful,1041.81
P008025,O008025,Debit Card,Successful,948.33
P008026,O008026,Cash,Successful,942.6099999999999
P008027,O008027,Cash,Successful,502.28999999999996
P008028,O008028,Debit Card,Successful,1425.0900000000001
P008029,O008029,UPI,Successful,821.88
P008030,O008030,Wallet,Successful,329.53000000000003
P008031,O008031,Cash,Successful,1288.57
P008032,O008032,UPI,Failed,1648.77
P008033,O008033,Wallet,Successful,701.88
P008034,O008034,Debit Card,Successful,1062.3999999999999
P008035,O008035,Debit Card,Successful,988.5899999999999
P008036,O008036,UPI,Successful,1678.44
P008037,O008037,Wallet,Successful,415.32
P008038,O008038,Wallet,Successful,1159.9
P008039,O008039,Credit Card,Refunded,1202.48
P008040,O008040,Cash,Successful,471.09999999999997
P008041,O008041,Wallet,Successful,768.19
P008042,O008042,Wallet,Successful,726.5699999999999
P008043,O008043,UPI,Successful,1201.18
P008044,O008044,UPI,Successful,1519.7
P008045,O008045,Cash,Successful,381.89
P008046,O008046,UPI,Successful,475.49
P008047,O008047,Cash,Successful,1194.57
P008048,O008048,Debit Card,Successful,1505.24
P008049,O008049,Cash,Successful,391.05
P008050,O008050,Cash,Successful,787.94
P008051,O008051,Credit Card,Successful,1416.71
P008052,O008052,Credit Card,Successful,240.92000000000002
P008053,O008053,Credit Card,Successful,642.5999999999999
P008054,O008054,Wallet,Successful,1087.9
P008055,O008055,UPI,Successful,1465.29
P008056,O008056,Credit Card,Failed,944.6099999999999
P008057,O008057,UPI,Successful,853.8499999999999
P008058,O008058,Cash,Successful,1784.7
P008059,O008059,Cash,Successful,164.85999999999999
P008060,O008060,Debit Card,Successful,865.3
P008061,O008061,Credit Card,Successful,784.1599999999999
P008062,O008062,Cash,Successful,445.96000000000004
P008063,O008063,Cash,Successful,1144.96
P008064,O008064,Cash,Successful,383.91
P008065,O008065,Wallet,Failed,867.53
P008066,O008066,Wallet,Successful,889.66
P008067,O008067,Credit Card,Successful,1365.3400000000001
P008068,O008068,UPI,Successful,1381.1000000000001
P008069,O008069,Credit Card,Successful,480.35999999999996
P008070,O008070,Cash,Successful,1611.5100000000002
P008071,O008071,UPI,Successful,1698.4099999999999
P008072,O008072,UPI,Successful,255.39000000000001
P008073,O008073,Wallet,Successful,1687.0
P008074,O008074,UPI,Failed,832.47
P008075,O008075,Debit Card,Successful,1709.58
P008076,O008076,Credit Card,Successful,1806.81
P008077,O008077,Wallet,Successful,1708.19
P008078,O008078,Debit Card,Successful,659.0600000000001
P008079,O008079,UPI,Successful,1272.9199999999998
P008080,O008080,Credit Card,Successful,901.4799999999999
P008081,O008081,Cash,Successful,747.14
P008082,O008082,Cash,Failed,515.22
P008083,O008083,Credit Card,Successful,723.1800000000001
P008084,O008084,Debit Card,Successful,1166.32
P008085,O008085,UPI,Successful,1254.46
P008086,O008086,Wallet,Successful,1435.65
P008087,O008087,Credit Card,Successful,570.49
P008088,O008088,UPI,Successful,1014.45
P008089,O008089,Wallet,Successful,1087.54
P008090,O008090,UPI,Refunded,429.10999999999996
P008091,O008091,Debit Card,Successful,734.33
P008092,O008092,Credit Card,Successful,637.97
P008093,O008093,Credit Card,Successful,1402.88
P008094,O008094,Debit Card,Successful,1858.74
P008095,O008095,Cash,Successful,1168.73
P008096,O008096,Debit Card,Successful,950.79
P008097,O008097,Credit Card,Successful,514.08
P008098,O008098,UPI,Successful,1672.51
P008099,O008099,Credit Card,Successful,532.56
P008100,O008100,UPI,Successful,777.99
P008101,O008101,Debit Card,Successful,458.43
P008102,O008102,UPI,Successful,1771.7600000000002
P008103,O008103,UPI,Successful,145.54
P008104,O008104,Debit Card,Successful,372.76
P008105,O008105,UPI,Successful,1113.9099999999999
P008106,O008106,Credit Card,Successful,346.71
P008107,O008107,Debit Card,Successful,1616.96
P008108,O008108,Cash,Successful,529.5
P008109,O008109,UPI,Successful,1314.5900000000001
P008110,O008110,Wallet,Successful,1032.6699999999998
P008111,O008111,Wallet,Successful,938.6099999999999
P008112,O008112,Wallet,Failed,1583.3200000000002
P008113,O008113,Cash,Failed,828.63
P008114,O008114,Debit Card,Successful,837.02
P008115,O008115,Wallet,Failed,422.01
P008116,O008116,UPI,Successful,373.1
P008117,O008117,UPI,Successful,1479.1999999999998
P008118,O008118,UPI,Successful,274.58
P008119,O008119,Credit Card,Successful,804.95
P008120,O008120,Wallet,Successful,824.8199999999999
P008121,O008121,Debit Card,Successful,1337.32
P008122,O008122,Debit Card,Successful,488.10999999999996
P008123,O008123,Credit Card,Successful,1465.17
P008124,O008124,UPI,Successful,362.57000000000005
P008125,O008125,Credit Card,Successful,1425.5600000000002
P008126,O008126,UPI,Successful,1490.6599999999999
P008127,O008127,Cash,Successful,397.70000000000005
P008128,O008128,Wallet,Refunded,1214.8700000000001
P008129,O008129,Credit Card,Successful,1328.4699999999998
P008130,O008130,UPI,Successful,1734.07
P008131,O008131,Wallet,Successful,867.8100000000001
P008132,O008132,Cash,Successful,409.49
P008133,O008133,Wallet,Successful,1527.0100000000002
P008134,O008134,Debit Card,Successful,1447.1499999999999
P008135,O008135,Debit Card,Successful,113.41
P008136,O008136,UPI,Successful,1324.5100000000002
P008137,O008137,Debit Card,Successful,1574.6200000000001
P008138,O008138,Cash,Successful,701.7800000000001
P008139,O008139,Wallet,Successful,110.33
P008140,O008140,UPI,Successful,805.49
P008141,O008141,UPI,Successful,1367.57
P008142,O008142,Wallet,Successful,308.23
P008143,O008143,UPI,Successful,1125.76
P008144,O008144,Credit Card,Successful,1131.03
P008145,O008145,Debit Card,Successful,249.96000000000004
P008146,O008146,Credit Card,Successful,925.03
P008147,O008147,Credit Card,Successful,250.41000000000003
P008148,O008148,UPI,Successful,1080.25
P008149,O008149,Wallet,Successful,715.16
P008150,O008150,Credit Card,Successful,493.49999999999994
P008151,O008151,Wallet,Successful,1393.6699999999998
P008152,O008152,Wallet,Successful,777.28
P008153,O008153,Credit Card,Successful,1373.69
P008154,O008154,Cash,Successful,1597.19
P008155,O008155,UPI,Successful,318.75
P008156,O008156,Wallet,Successful,291.57
P008157,O008157,Credit Card,Successful,88.76
P008158,O008158,UPI,Successful,500.33
P008159,O008159,Cash,Successful,1353.9699999999998
P008160,O008160,Debit Card,Successful,1368.66
P008161,O008161,Wallet,Successful,1736.05
P008162,O008162,UPI,Successful,1388.8700000000001
P008163,O008163,Credit Card,Successful,131.53
P008164,O008164,Debit Card,Successful,691.04
P008165,O008165,Cash,Successful,85.76
P008166,O008166,Cash,Successful,132.55
P008167,O008167,Debit Card,Successful,745.87
P008168,O008168,Cash,Successful,772.99
P008169,O008169,UPI,Successful,950.4300000000001
P008170,O008170,Cash,Successful,212.91
P008171,O008171,Credit Card,Successful,862.47
P008172,O008172,Cash,Successful,196.07
P008173,O008173,Debit Card,Successful,735.62
P008174,O008174,Wallet,Successful,688.32
P008175,O008175,Credit Card,Successful,490.79
P008176,O008176,Credit Card,Successful,549.79
P008177,O008177,Wallet,Failed,72.53999999999999
P008178,O008178,UPI,Successful,703.01
P008179,O008179,Debit Card,Successful,187.33999999999997
P008180,O008180,UPI,Successful,1660.8400000000001
P008181,O008181,Debit Card,Successful,232.48
P008182,O008182,Credit Card,Successful,1502.0
P008183,O008183,Wallet,Successful,1008.14
P008184,O008184,Debit Card,Successful,840.3299999999999
P008185,O008185,UPI,Successful,1388.5900000000001
P008186,O008186,UPI,Failed,1350.98
P008187,O008187,Cash,Successful,524.4599999999999
P008188,O008188,Cash,Successful,115.07999999999998
P008189,O008189,Cash,Successful,1186.6799999999998
P008190,O008190,Wallet,Successful,275.24
P008191,O008191,Credit Card,Successful,969.4200000000001
P008192,O008192,Cash,Successful,1409.85
P008193,O008193,Debit Card,Failed,996.8700000000001
P008194,O008194,Debit Card,Successful,610.26
P008195,O008195,Wallet,Successful,389.95000000000005
P008196,O008196,Credit Card,Successful,106.77999999999999
P008197,O008197,Credit Card,Successful,1111.39
P008198,O008198,Debit Card,Successful,838.6300000000001
P008199,O008199,Wallet,Successful,771.25
P008200,O008200,Credit Card,Successful,364.55
P008201,O008201,Cash,Successful,518.24
P008202,O008202,UPI,Failed,1708.69
P008203,O008203,UPI,Failed,108.28000000000002
P008204,O008204,Cash,Successful,635.06
P008205,O008205,Cash,Successful,128.78
P008206,O008206,Cash,Successful,434.75
P008207,O008207,Debit Card,Successful,1452.49
P008208,O008208,Debit Card,Successful,379.62
P008209,O008209,UPI,Successful,1129.83
P008210,O008210,Cash,Successful,615.6
P008211,O008211,Wallet,Successful,919.75
P008212,O008212,Credit Card,Successful,1208.83
P008213,O008213,Debit Card,Successful,559.53
P008214,O008214,Wallet,Successful,192.17
P008215,O008215,Credit Card,Successful,400.03999999999996
P008216,O008216,UPI,Successful,735.52
P008217,O008217,Credit Card,Successful,841.7699999999999
P008218,O008218,Wallet,Successful,1579.34
P008219,O008219,Wallet,Successful,98.7
P008220,O008220,UPI,Successful,1269.54
P008221,O008221,Wallet,Successful,230.59
P008222,O008222,Debit Card,Successful,174.44
P008223,O008223,Wallet,Successful,1220.4399999999998
P008224,O008224,Cash,Successful,1298.51
P008225,O008225,Credit Card,Refunded,589.86
P008226,O008226,UPI,Successful,455.11999999999995
P008227,O008227,Wallet,Successful,1010.1600000000001
P008228,O008228,Credit Card,Successful,1406.3200000000002
P008229,O008229,Cash,Successful,1258.28
P008230,O008230,UPI,Successful,473.95000000000005
P008231,O008231,Wallet,Successful,1131.4
P008232,O008232,Credit Card,Successful,520.24
P008233,O008233,UPI,Successful,1119.3400000000001
P008234,O008234,Debit Card,Successful,425.31
P008235,O008235,Debit Card,Successful,323.94
P008236,O008236,Wallet,Successful,1351.67
P008237,O008237,Credit Card,Successful,1118.3200000000002
P008238,O008238,Cash,Successful,102.67
P008239,O008239,Credit Card,Successful,1306.35
P008240,O008240,Cash,Successful,1136.04
P008241,O008241,Cash,Successful,683.8
P008242,O008242,Credit Card,Successful,702.29
P008243,O008243,Wallet,Successful,904.12
P008244,O008244,Debit Card,Successful,588.03
P008245,O008245,UPI,Successful,1588.77
P008246,O008246,Debit Card,Successful,990.0800000000002
P008247,O008247,UPI,Successful,1790.75
P008248,O008248,UPI,Successful,877.4300000000001
P008249,O008249,Debit Card,Successful,1379.53
P008250,O008250,Credit Card,Successful,148.81
P008251,O008251,Debit Card,Failed,783.83
P008252,O008252,Wallet,Successful,1348.98
P008253,O008253,UPI,Successful,250.21000000000004
P008254,O008254,Wallet,Successful,1317.69
P008255,O008255,Wallet,Failed,256.36
P008256,O008256,Debit Card,Successful,1518.32
P008257,O008257,Debit Card,Successful,1521.98
P008258,O008258,UPI,Successful,1034.22
P008259,O008259,Debit Card,Successful,223.48
P008260,O008260,Wallet,Successful,983.9599999999999
P008261,O008261,Debit Card,Refunded,1206.8700000000001
P008262,O008262,Cash,Successful,1555.6100000000001
P008263,O008263,UPI,Successful,134.06
P008264,O008264,Debit Card,Successful,1198.1699999999998
P008265,O008265,Cash,Successful,265.77000000000004
P008266,O008266,Credit Card,Successful,1397.4099999999999
P008267,O008267,Debit Card,Successful,1421.59
P008268,O008268,Credit Card,Successful,1640.85
P008269,O008269,Debit Card,Successful,1221.45
P008270,O008270,UPI,Successful,892.97
P008271,O008271,UPI,Successful,1330.31
P008272,O008272,Cash,Successful,976.44
P008273,O008273,UPI,Successful,400.35999999999996
P008274,O008274,Credit Card,Successful,1348.17
P008275,O008275,Debit Card,Successful,740.28
P008276,O008276,UPI,Failed,1047.76
P008277,O008277,Cash,Successful,463.95
P008278,O008278,UPI,Successful,271.73999999999995
P008279,O008279,Credit Card,Successful,1033.39
P008280,O008280,Cash,Successful,1149.21
P008281,O008281,Debit Card,Successful,661.62
P008282,O008282,Credit Card,Successful,623.4699999999999
P008283,O008283,Debit Card,Successful,749.6999999999999
P008284,O008284,Debit Card,Successful,1179.45
P008285,O008285,Wallet,Successful,725.99
P008286,O008286,Wallet,Successful,1625.4899999999998
P008287,O008287,Debit Card,Successful,225.01
P008288,O008288,Wallet,Successful,1824.94
P008289,O008289,Wallet,Successful,1013.1400000000001
P008290,O008290,Cash,Successful,665.97
P008291,O008291,Credit Card,Successful,86.19999999999999
P008292,O008292,Debit Card,Successful,1451.1599999999999
P008293,O008293,Credit Card,Successful,1699.66
P008294,O008294,Debit Card,Successful,1708.3500000000001
P008295,O008295,UPI,Successful,647.56
P008296,O008296,Wallet,Successful,195.34
P008297,O008297,UPI,Successful,650.84
P008298,O008298,Wallet,Successful,562.2
P008299,O008299,Wallet,Successful,215.92999999999998
P008300,O008300,Credit Card,Successful,1026.41
P008301,O008301,UPI,Successful,1122.25
P008302,O008302,Debit Card,Successful,1230.21
P008303,O008303,Cash,Failed,138.60000000000002
P008304,O008304,Wallet,Successful,536.24
P008305,O008305,Cash,Successful,639.05
P008306,O008306,Credit Card,Successful,1722.3899999999999
P008307,O008307,Debit Card,Failed,1400.3600000000001
P008308,O008308,Wallet,Successful,554.7700000000001
P008309,O008309,Debit Card,Successful,925.0
P008310,O008310,Debit Card,Successful,713.9599999999999
P008311,O008311,UPI,Successful,865.4
P008312,O008312,Credit Card,Successful,582.06
P008313,O008313,Cash,Successful,729.67
P008314,O008314,UPI,Successful,286.51
P008315,O008315,Credit Card,Failed,1180.63
P008316,O008316,Debit Card,Successful,759.49
P008317,O008317,UPI,Successful,823.6799999999998
P008318,O008318,UPI,Successful,1051.16
P008319,O008319,Cash,Successful,1498.63
P008320,O008320,Debit Card,Successful,184.31
P008321,O008321,Debit Card,Successful,720.7
P008322,O008322,Wallet,Successful,1411.73
P008323,O008323,Wallet,Successful,554.11
P008324,O008324,Wallet,Successful,874.6700000000001
P008325,O008325,Debit Card,Successful,241.32999999999998
P008326,O008326,Debit Card,Successful,1265.65
P008327,O008327,UPI,Successful,184.40000000000003
P008328,O008328,UPI,Successful,1009.2599999999999
P008329,O008329,Debit Card,Successful,629.5500000000001
P008330,O008330,UPI,Successful,685.12
P008331,O008331,Cash,Successful,1059.77
P008332,O008332,Debit Card,Successful,1057.46
P008333,O008333,Cash,Successful,791.44
P008334,O008334,UPI,Failed,490.92
P008335,O008335,Wallet,Failed,1033.6
P008336,O008336,Cash,Successful,577.34
P008337,O008337,UPI,Successful,258.53
P008338,O008338,Cash,Successful,1471.41
P008339,O008339,UPI,Successful,1045.65
P008340,O008340,Cash,Successful,244.61999999999998
P008341,O008341,Credit Card,Successful,378.41999999999996
P008342,O008342,Credit Card,Refunded,274.81
P008343,O008343,Credit Card,Successful,1189.7399999999998
P008344,O008344,Debit Card,Successful,1473.3700000000001
P008345,O008345,Wallet,Successful,782.8199999999999
P008346,O008346,Wallet,Successful,1327.21
P008347,O008347,Wallet,Successful,1905.09
P008348,O008348,UPI,Successful,1467.65
P008349,O008349,Debit Card,Successful,1547.5900000000001
P008350,O008350,Debit Card,Failed,1574.3600000000001
P008351,O008351,UPI,Successful,452.07
P008352,O008352,Cash,Successful,170.19
P008353,O008353,Cash,Successful,1175.88
P008354,O008354,Debit Card,Successful,556.6800000000001
P008355,O008355,Wallet,Successful,685.4200000000001
P008356,O008356,Wallet,Successful,204.14
P008357,O008357,Debit Card,Refunded,1261.3
P008358,O008358,Cash,Successful,771.69
P008359,O008359,UPI,Successful,412.1
P008360,O008360,Credit Card,Failed,1193.3700000000001
P008361,O008361,Cash,Successful,1448.6799999999998
P008362,O008362,Debit Card,Successful,943.28
P008363,O008363,Credit Card,Successful,1053.03
P008364,O008364,Wallet,Successful,377.39
P008365,O008365,UPI,Successful,352.88
P008366,O008366,UPI,Successful,772.24
P008367,O008367,Wallet,Successful,1317.3899999999999
P008368,O008368,Cash,Successful,1385.41
P008369,O008369,Credit Card,Successful,1027.6999999999998
P008370,O008370,Credit Card,Successful,675.07
P008371,O008371,Cash,Successful,1507.9299999999998
P008372,O008372,Cash,Successful,551.6800000000001
P008373,O008373,UPI,Successful,508.59
P008374,O008374,UPI,Successful,1144.1299999999999
P008375,O008375,Debit Card,Successful,1354.3
P008376,O008376,Cash,Successful,1507.6399999999999
P008377,O008377,UPI,Successful,1148.86
P008378,O008378,Credit Card,Successful,1264.95
P008379,O008379,Cash,Successful,128.12
P008380,O008380,Cash,Successful,529.9699999999999
P008381,O008381,UPI,Successful,1534.15
P008382,O008382,Wallet,Successful,728.5
P008383,O008383,Cash,Failed,482.22
P008384,O008384,Cash,Refunded,1459.14
P008385,O008385,Cash,Successful,1657.5
P008386,O008386,Wallet,Successful,956.33
P008387,O008387,Debit Card,Successful,781.25
P008388,O008388,UPI,Successful,1355.46
P008389,O008389,Wallet,Successful,1166.84
P008390,O008390,Cash,Successful,1351.67
P008391,O008391,Debit Card,Successful,1098.31
P008392,O008392,Cash,Successful,376.92
P008393,O008393,Credit Card,Successful,888.5500000000001
P008394,O008394,UPI,Successful,642.75
P008395,O008395,Cash,Successful,136.18
P008396,O008396,Cash,Successful,458.40000000000003
P008397,O008397,UPI,Successful,377.0
P008398,O008398,Cash,Successful,239.28
P008399,O008399,UPI,Successful,733.1099999999999
P008400,O008400,Cash,Successful,867.74
P008401,O008401,UPI,Successful,665.91
P008402,O008402,Credit Card,Successful,657.59
P008403,O008403,Cash,Successful,906.8199999999999
P008404,O008404,Credit Card,Successful,275.13
P008405,O008405,Cash,Refunded,1062.86
P008406,O008406,Cash,Successful,1020.1699999999998
P008407,O008407,Debit Card,Successful,1318.78
P008408,O008408,Wallet,Successful,645.42
P008409,O008409,UPI,Successful,1152.4199999999998
P008410,O008410,Cash,Successful,1206.3200000000002
P008411,O008411,Credit Card,Failed,976.8799999999999
P008412,O008412,UPI,Successful,1316.54
P008413,O008413,Wallet,Successful,944.49
P008414,O008414,Debit Card,Successful,650.9
P008415,O008415,Wallet,Failed,1149.49
P008416,O008416,Debit Card,Successful,1872.05
P008417,O008417,Wallet,Successful,1660.62
P008418,O008418,Credit Card,Refunded,1772.68
P008419,O008419,Cash,Successful,277.91
P008420,O008420,Wallet,Successful,743.4499999999999
P008421,O008421,Cash,Successful,837.03
P008422,O008422,Cash,Successful,671.74
P008423,O008423,Credit Card,Successful,435.54
P008424,O008424,Credit Card,Successful,1680.3500000000001
P008425,O008425,Credit Card,Successful,1308.53
P008426,O008426,Credit Card,Failed,987.5100000000001
P008427,O008427,Cash,Successful,777.01
P008428,O008428,Debit Card,Successful,787.6700000000001
P008429,O008429,Wallet,Successful,1343.96
P008430,O008430,Cash,Successful,896.46
P008431,O008431,Credit Card,Successful,901.16
P008432,O008432,UPI,Successful,223.68
P008433,O008433,Debit Card,Successful,955.24
P008434,O008434,Debit Card,Successful,319.42
P008435,O008435,Wallet,Successful,177.79
P008436,O008436,Cash,Successful,1365.13
P008437,O008437,UPI,Successful,518.5
P008438,O008438,Wallet,Successful,1407.4099999999999
P008439,O008439,Cash,Successful,1135.52
P008440,O008440,Wallet,Successful,934.17
P008441,O008441,Cash,Refunded,438.51
P008442,O008442,Wallet,Successful,296.02
P008443,O008443,Debit Card,Successful,985.26
P008444,O008444,Credit Card,Successful,1686.77
P008445,O008445,Wallet,Successful,182.57999999999998
P008446,O008446,Cash,Successful,1055.17
P008447,O008447,Debit Card,Successful,401.33000000000004
P008448,O008448,Wallet,Successful,1233.06
P008449,O008449,Credit Card,Successful,1034.02
P008450,O008450,Cash,Successful,256.99
P008451,O008451,Wallet,Failed,1061.1599999999999
P008452,O008452,Cash,Successful,1441.5099999999998
P008453,O008453,Cash,Successful,838.6700000000001
P008454,O008454,Wallet,Successful,552.9200000000001
P008455,O008455,Wallet,Successful,369.82
P008456,O008456,Credit Card,Successful,1648.6299999999999
P008457,O008457,Wallet,Successful,823.5
P008458,O008458,Credit Card,Successful,627.42
P008459,O008459,Debit Card,Successful,378.15999999999997
P008460,O008460,UPI,Successful,1797.48
P008461,O008461,UPI,Successful,941.1799999999998
P008462,O008462,UPI,Successful,208.68
P008463,O008463,Credit Card,Successful,157.87
P008464,O008464,UPI,Refunded,1749.71
P008465,O008465,Cash,Successful,1178.45
P008466,O008466,Debit Card,Successful,270.45
P008467,O008467,Debit Card,Successful,1232.98
P008468,O008468,UPI,Successful,830.43
P008469,O008469,Cash,Successful,1371.74
P008470,O008470,Credit Card,Successful,448.97999999999996
P008471,O008471,Credit Card,Successful,730.8499999999999
P008472,O008472,UPI,Successful,411.03000000000003
P008473,O008473,Debit Card,Successful,575.6
P008474,O008474,UPI,Successful,430.46999999999997
P008475,O008475,Credit Card,Successful,143.89
P008476,O008476,Debit Card,Successful,166.82
P008477,O008477,Debit Card,Successful,1493.14
P008478,O008478,UPI,Successful,1152.66
P008479,O008479,UPI,Successful,333.62
P008480,O008480,Debit Card,Successful,1123.02
P008481,O008481,Credit Card,Successful,1144.14
P008482,O008482,Debit Card,Successful,167.04
P008483,O008483,Cash,Successful,212.18
P008484,O008484,Debit Card,Successful,827.8
P008485,O008485,Wallet,Successful,732.03
P008486,O008486,Wallet,Failed,1397.03
P008487,O008487,Wallet,Successful,1009.9099999999999
P008488,O008488,Cash,Successful,133.16
P008489,O008489,Cash,Failed,1155.57
P008490,O008490,Wallet,Successful,379.44
P008491,O008491,Debit Card,Successful,506.97
P008492,O008492,Cash,Successful,1274.19
P008493,O008493,Wallet,Successful,1498.0300000000002
P008494,O008494,Credit Card,Failed,665.43
P008495,O008495,Debit Card,Successful,256.96999999999997
P008496,O008496,Debit Card,Successful,1476.93
P008497,O008497,Credit Card,Successful,1752.51
P008498,O008498,Debit Card,Successful,1393.2800000000002
P008499,O008499,Debit Card,Successful,546.5
P008500,O008500,UPI,Successful,325.23
P008501,O008501,Wallet,Refunded,1362.19
P008502,O008502,UPI,Successful,635.1199999999999
P008503,O008503,Debit Card,Successful,201.89999999999998
P008504,O008504,UPI,Successful,1017.09
P008505,O008505,Wallet,Successful,450.93
P008506,O008506,Credit Card,Successful,759.28
P008507,O008507,UPI,Successful,503.09999999999997
P008508,O008508,Credit Card,Successful,1584.35
P008509,O008509,Credit Card,Successful,1244.86
P008510,O008510,UPI,Successful,746.08
P008511,O008511,Credit Card,Successful,933.0600000000002
P008512,O008512,Credit Card,Successful,953.75
P008513,O008513,Cash,Successful,1422.66
P008514,O008514,Wallet,Successful,303.82
P008515,O008515,UPI,Successful,1075.81
P008516,O008516,Credit Card,Successful,627.77
P008517,O008517,Wallet,Successful,1128.0700000000002
P008518,O008518,UPI,Successful,1060.68
P008519,O008519,Cash,Successful,113.2
P008520,O008520,Credit Card,Successful,867.6200000000001
P008521,O008521,Cash,Successful,1169.02
P008522,O008522,Cash,Successful,501.34
P008523,O008523,UPI,Successful,300.77000000000004
P008524,O008524,Credit Card,Successful,434.69
P008525,O008525,Debit Card,Successful,1050.3600000000001
P008526,O008526,Debit Card,Failed,901.46
P008527,O008527,UPI,Successful,1564.9099999999999
P008528,O008528,Wallet,Successful,550.58
P008529,O008529,Debit Card,Successful,675.85
P008530,O008530,Cash,Successful,857.42
P008531,O008531,Credit Card,Successful,828.0
P008532,O008532,Cash,Successful,851.48
P008533,O008533,Wallet,Successful,592.61
P008534,O008534,Cash,Successful,412.69
P008535,O008535,Cash,Failed,1557.31
P008536,O008536,UPI,Successful,137.03
P008537,O008537,Cash,Successful,693.6600000000001
P008538,O008538,Wallet,Successful,229.25
P008539,O008539,UPI,Successful,1059.2
P008540,O008540,UPI,Successful,658.27
P008541,O008541,Debit Card,Successful,151.58
P008542,O008542,Debit Card,Successful,212.39
P008543,O008543,Debit Card,Failed,396.96
P008544,O008544,Credit Card,Successful,1577.21
P008545,O008545,Debit Card,Successful,1441.43
P008546,O008546,UPI,Successful,1414.7399999999998
P008547,O008547,UPI,Successful,432.04
P008548,O008548,Debit Card,Failed,190.85000000000002
P008549,O008549,UPI,Failed,587.7900000000001
P008550,O008550,Cash,Successful,402.4
P008551,O008551,Credit Card,Successful,1089.44
P008552,O008552,Credit Card,Successful,1707.6299999999999
P008553,O008553,Credit Card,Successful,462.24
P008554,O008554,Cash,Successful,526.91
P008555,O008555,Debit Card,Successful,660.29
P008556,O008556,UPI,Successful,1238.1200000000001
P008557,O008557,UPI,Successful,1090.42
P008558,O008558,Credit Card,Successful,1798.3999999999999
P008559,O008559,Cash,Successful,1250.03
P008560,O008560,UPI,Successful,1334.91
P008561,O008561,UPI,Successful,206.97000000000003
P008562,O008562,Debit Card,Successful,1677.04
P008563,O008563,Wallet,Successful,1235.82
P008564,O008564,Debit Card,Successful,1053.3899999999999
P008565,O008565,Wallet,Successful,713.11
P008566,O008566,UPI,Successful,206.53
P008567,O008567,UPI,Successful,269.13
P008568,O008568,Debit Card,Successful,96.00999999999999
P008569,O008569,Cash,Successful,1897.3799999999999
P008570,O008570,Debit Card,Successful,1461.55
P008571,O008571,Cash,Failed,1279.0
P008572,O008572,Debit Card,Successful,1406.6100000000001
P008573,O008573,Wallet,Failed,774.06
P008574,O008574,Cash,Successful,214.79999999999998
P008575,O008575,Wallet,Successful,199.13
P008576,O008576,Credit Card,Successful,1485.27
P008577,O008577,Debit Card,Successful,97.58999999999999
P008578,O008578,UPI,Successful,1193.48
P008579,O008579,UPI,Failed,1119.06
P008580,O008580,Credit Card,Successful,890.3899999999999
P008581,O008581,Credit Card,Successful,1754.63
P008582,O008582,Credit Card,Successful,409.52
P008583,O008583,UPI,Successful,1170.19
P008584,O008584,Debit Card,Failed,1239.19
P008585,O008585,UPI,Successful,1925.1100000000001
P008586,O008586,Cash,Successful,1730.49
P008587,O008587,Debit Card,Successful,297.36
P008588,O008588,Wallet,Successful,575.0799999999999
P008589,O008589,Cash,Successful,1496.56
P008590,O008590,Credit Card,Successful,401.9200000000001
P008591,O008591,Cash,Successful,594.3100000000001
P008592,O008592,Credit Card,Failed,1101.04
P008593,O008593,Cash,Successful,1142.92
P008594,O008594,UPI,Successful,1150.8000000000002
P008595,O008595,Credit Card,Successful,1376.48
P008596,O008596,UPI,Successful,1358.39
P008597,O008597,UPI,Successful,1126.2199999999998
P008598,O008598,Cash,Successful,1665.5500000000002
P008599,O008599,Wallet,Successful,584.25
P008600,O008600,Debit Card,Successful,129.56
P008601,O008601,Cash,Successful,638.0600000000001
P008602,O008602,UPI,Failed,1330.6100000000001
P008603,O008603,Debit Card,Successful,205.45
P008604,O008604,Wallet,Successful,1288.5900000000001
P008605,O008605,Debit Card,Successful,790.67
P008606,O008606,UPI,Failed,1485.08
P008607,O008607,Cash,Successful,1469.85
P008608,O008608,UPI,Successful,1180.92
P008609,O008609,Wallet,Successful,232.28
P008610,O008610,Cash,Successful,142.99
P008611,O008611,Debit Card,Successful,344.15999999999997
P008612,O008612,Wallet,Successful,641.39
P008613,O008613,Wallet,Successful,509.43
P008614,O008614,Debit Card,Successful,749.1899999999999
P008615,O008615,Wallet,Successful,302.99
P008616,O008616,Debit Card,Successful,1332.55
P008617,O008617,UPI,Successful,1355.47
P008618,O008618,Cash,Successful,907.8699999999999
P008619,O008619,Credit Card,Successful,1759.74
P008620,O008620,UPI,Successful,274.38
P008621,O008621,Credit Card,Successful,292.31
P008623,O008623,Wallet,Successful,1579.0100000000002
P008624,O008624,Credit Card,Successful,858.6800000000001
P008625,O008625,Debit Card,Successful,1509.28
P008626,O008626,Credit Card,Successful,473.02
P008627,O008627,Debit Card,Successful,1448.27
P008628,O008628,Debit Card,Successful,628.91
P008629,O008629,Wallet,Failed,1180.9899999999998
P008630,O008630,Wallet,Successful,1666.33
P008631,O008631,Wallet,Successful,1431.23
P008632,O008632,Wallet,Successful,1563.75
P008633,O008633,UPI,Successful,156.92999999999998
P008634,O008634,Credit Card,Successful,995.8399999999999
P008635,O008635,UPI,Failed,1445.6299999999999
P008636,O008636,Wallet,Successful,637.61
P008637,O008637,Credit Card,Successful,1423.74
P008638,O008638,Debit Card,Successful,279.96000000000004
P008639,O008639,Credit Card,Successful,418.59000000000003
P008640,O008640,Debit Card,Successful,1260.77
P008641,O008641,Wallet,Successful,874.26
P008642,O008642,UPI,Successful,412.60999999999996
P008643,O008643,Cash,Successful,515.26
P008644,O008644,Cash,Successful,1105.27
P008645,O008645,Cash,Successful,1338.75
P008646,O008646,Debit Card,Failed,403.57000000000005
P008647,O008647,UPI,Successful,1832.04
P008648,O008648,Wallet,Successful,93.75
P008649,O008649,Credit Card,Successful,1424.9899999999998
P008650,O008650,UPI,Successful,624.6
P008651,O008651,Wallet,Successful,794.8499999999999
P008652,O008652,UPI,Successful,872.61
P008653,O008653,Credit Card,Successful,1140.42
P008654,O008654,Cash,Successful,1273.13
P008655,O008655,Credit Card,Successful,1634.35
P008656,O008656,Debit Card,Successful,176.24
P008657,O008657,Debit Card,Successful,1267.02
P008658,O008658,Wallet,Successful,667.38
P008659,O008659,Credit Card,Successful,1569.53
P008660,O008660,UPI,Successful,932.1000000000001
P008661,O008661,Cash,Successful,104.07000000000001
P008662,O008662,Wallet,Successful,1280.67
P008663,O008663,Wallet,Successful,1539.62
P008664,O008664,Cash,Successful,235.59
P008665,O008665,Cash,Successful,949.56
P008666,O008666,Credit Card,Successful,1244.82
P008667,O008667,Cash,Successful,441.84
P008668,O008668,Credit Card,Successful,1016.4499999999999
P008669,O008669,Credit Card,Successful,164.05
P008670,O008670,UPI,Successful,1626.9099999999999
P008671,O008671,Wallet,Successful,1117.15
P008672,O008672,Cash,Successful,1436.31
P008673,O008673,Cash,Successful,811.7
P008674,O008674,Credit Card,Successful,159.51000000000002
P008675,O008675,Wallet,Successful,707.49
P008676,O008676,Debit Card,Refunded,861.19
P008677,O008677,UPI,Successful,1560.9
P008678,O008678,Credit Card,Successful,1254.73
P008679,O008679,Credit Card,Refunded,1223.77
P008680,O008680,Credit Card,Failed,1095.52
P008681,O008681,Debit Card,Successful,1904.22
P008682,O008682,Debit Card,Successful,1497.4399999999998
P008683,O008683,Debit Card,Successful,980.06
P008684,O008684,Cash,Successful,903.6699999999998
P008685,O008685,Debit Card,Successful,828.71
P008686,O008686,Cash,Successful,1392.9499999999998
P008687,O008687,Cash,Successful,1162.3000000000002
P008688,O008688,Cash,Successful,487.59999999999997
P008689,O008689,Debit Card,Successful,919.63
P008690,O008690,Wallet,Successful,1352.5
P008691,O008691,Cash,Successful,1331.4099999999999
P008692,O008692,Cash,Successful,1068.47
P008693,O008693,Credit Card,Successful,706.64
P008694,O008694,UPI,Successful,908.89
P008695,O008695,Cash,Successful,1141.0
P008696,O008696,UPI,Successful,746.38
P008697,O008697,Debit Card,Successful,1421.9499999999998
P008698,O008698,Debit Card,Successful,1011.73
P008699,O008699,Credit Card,Successful,1266.61
P008700,O008700,UPI,Successful,270.46
P008701,O008701,Wallet,Failed,1448.49
P008702,O008702,Wallet,Successful,1106.8
P008703,O008703,Debit Card,Successful,580.4
P008704,O008704,Debit Card,Successful,322.78999999999996
P008705,O008705,UPI,Successful,585.96
P008706,O008706,UPI,Successful,711.4300000000001
P008707,O008707,UPI,Successful,279.38
P008708,O008708,UPI,Successful,1224.47
P008709,O008709,Debit Card,Successful,528.73
P008710,O008710,Wallet,Failed,1330.93
P008711,O008711,Wallet,Successful,1181.9399999999998
P008712,O008712,Wallet,Successful,626.1400000000001
P008713,O008713,Cash,Failed,598.5
P008714,O008714,Credit Card,Successful,1551.6799999999998
P008715,O008715,Credit Card,Successful,1880.3300000000002
P008716,O008716,UPI,Successful,889.0699999999999
P008717,O008717,Wallet,Successful,1039.21
P008718,O008718,Credit Card,Successful,1909.0800000000002
P008719,O008719,UPI,Successful,1678.8400000000001
P008720,O008720,Wallet,Successful,193.77
P008721,O008721,Cash,Refunded,835.19
P008722,O008722,Cash,Successful,1252.03
P008723,O008723,Debit Card,Successful,428.56
P008724,O008724,UPI,Successful,1531.6799999999998
P008725,O008725,Debit Card,Successful,975.55
P008726,O008726,Wallet,Successful,976.07
P008727,O008727,Wallet,Successful,469.30000000000007
P008728,O008728,Credit Card,Successful,518.0799999999999
P008729,O008729,Cash,Successful,253.54000000000002
P008730,O008730,Debit Card,Successful,1600.8400000000001
P008731,O008731,Debit Card,Successful,750.8
P008732,O008732,Credit Card,Failed,328.64
P008733,O008733,Debit Card,Successful,263.63
P008734,O008734,Wallet,Successful,708.69
P008735,O008735,Credit Card,Successful,1010.1100000000001
P008736,O008736,Wallet,Successful,1389.34
P008737,O008737,Wallet,Successful,1838.54
P008738,O008738,Credit Card,Successful,1143.79
P008739,O008739,Cash,Successful,761.46
P008740,O008740,Credit Card,Successful,768.4300000000001
P008741,O008741,UPI,Successful,1107.85
P008742,O008742,Wallet,Successful,962.36
P008743,O008743,Cash,Successful,1033.75
P008744,O008744,Cash,Successful,957.76
P008745,O008745,Credit Card,Successful,171.74
P008746,O008746,Cash,Successful,1003.0500000000001
P008747,O008747,Debit Card,Successful,130.9
P008748,O008748,Wallet,Successful,325.64000000000004
P008749,O008749,Cash,Successful,678.9300000000001
P008750,O008750,UPI,Successful,1117.94
P008751,O008751,UPI,Failed,415.33
P008752,O008752,UPI,Successful,438.61
P008753,O008753,Wallet,Successful,745.28
P008754,O008754,UPI,Successful,392.03999999999996
P008755,O008755,Wallet,Successful,1667.8300000000002
P008756,O008756,Cash,Successful,1432.33
P008757,O008757,Debit Card,Successful,1624.1499999999999
P008758,O008758,UPI,Successful,1080.11
P008759,O008759,Cash,Successful,1375.53
P008760,O008760,Cash,Successful,1482.5900000000001
P008761,O008761,Credit Card,Successful,572.22
P008762,O008762,Credit Card,Successful,922.54
P008763,O008763,UPI,Successful,873.89
P008764,O008764,Wallet,Successful,1085.9299999999998
P008765,O008765,Cash,Successful,1395.47
P008766,O008766,Cash,Successful,790.1600000000001
P008767,O008767,Debit Card,Successful,1050.02
P008768,O008768,Debit Card,Successful,559.36
P008769,O008769,Wallet,Successful,1801.13
P008770,O008770,UPI,Successful,188.39
P008771,O008771,Debit Card,Successful,1467.42
P008772,O008772,Cash,Successful,1219.6299999999999
P008773,O008773,Cash,Successful,703.9399999999999
P008774,O008774,Cash,Successful,647.2
P008775,O008775,Cash,Successful,846.67
P008776,O008776,Credit Card,Successful,1262.04
P008777,O008777,Cash,Failed,305.83000000000004
P008778,O008778,Debit Card,Successful,538.39
P008779,O008779,UPI,Successful,241.76999999999998
P008780,O008780,Credit Card,Successful,800.2
P008781,O008781,Credit Card,Successful,734.7
P008782,O008782,Credit Card,Successful,1080.08
P008783,O008783,UPI,Successful,1853.9499999999998
P008784,O008784,Cash,Successful,1479.38
P008785,O008785,Credit Card,Successful,1579.15
P008786,O008786,Wallet,Successful,1050.1999999999998
P008787,O008787,Debit Card,Successful,568.52
P008788,O008788,UPI,Successful,783.59
P008789,O008789,Cash,Successful,532.12
P008790,O008790,Cash,Successful,256.52000000000004
P008791,O008791,Credit Card,Successful,691.9200000000001
P008792,O008792,Debit Card,Successful,1356.3899999999999
P008793,O008793,Credit Card,Successful,1158.87
P008794,O008794,Debit Card,Successful,1594.52
P008795,O008795,UPI,Successful,456.27
P008796,O008796,Cash,Successful,948.66
P008797,O008797,Wallet,Successful,1335.95
P008798,O008798,Cash,Successful,943.95
P008799,O008799,UPI,Successful,767.6
P008800,O008800,UPI,Successful,1603.93
P008801,O008801,Debit Card,Successful,887.84
P008802,O008802,Debit Card,Successful,1774.3500000000001
P008803,O008803,UPI,Successful,575.1600000000001
P008804,O008804,Credit Card,Successful,1533.26
P008805,O008805,Cash,Failed,575.21
P008806,O008806,UPI,Successful,482.4
P008807,O008807,Credit Card,Successful,662.79
P008808,O008808,Wallet,Successful,781.8699999999999
P008809,O008809,Debit Card,Successful,768.18
P008810,O008810,Debit Card,Successful,1334.48
P008811,O008811,Cash,Successful,1325.86
P008812,O008812,Wallet,Successful,658.91
P008813,O008813,Credit Card,Successful,867.4700000000001
P008814,O008814,Credit Card,Refunded,688.2
P008815,O008815,Debit Card,Successful,184.97
P008816,O008816,Cash,Successful,1180.66
P008817,O008817,UPI,Successful,341.73
P008818,O008818,Cash,Successful,1512.8799999999999
P008819,O008819,Credit Card,Successful,629.01
P008820,O008820,Wallet,Successful,1226.58
P008821,O008821,Debit Card,Successful,1236.07
P008822,O008822,Debit Card,Successful,361.47
P008823,O008823,Debit Card,Successful,838.5600000000001
P008824,O008824,Credit Card,Successful,463.03000000000003
P008825,O008825,Wallet,Successful,963.2499999999999
P008826,O008826,Wallet,Successful,877.69
P008827,O008827,Debit Card,Successful,310.46000000000004
P008828,O008828,Debit Card,Successful,1106.9099999999999
P008829,O008829,Wallet,Refunded,749.0600000000001
P008830,O008830,UPI,Refunded,1061.8999999999999
P008831,O008831,Debit Card,Successful,1772.51
P008832,O008832,Debit Card,Successful,862.86
P008833,O008833,Cash,Successful,993.9
P008834,O008834,Debit Card,Refunded,864.45
P008835,O008835,Wallet,Successful,979.3300000000002
P008836,O008836,Wallet,Successful,585.27
P008837,O008837,UPI,Successful,1498.56
P008838,O008838,Wallet,Successful,628.64
P008839,O008839,UPI,Successful,542.54
P008840,O008840,Wallet,Successful,1121.8100000000002
P008841,O008841,Credit Card,Successful,589.61
P008842,O008842,UPI,Successful,260.23999999999995
P008843,O008843,UPI,Successful,352.5
P008844,O008844,Credit Card,Successful,1353.97
P008845,O008845,UPI,Successful,90.38
P008846,O008846,UPI,Successful,317.57
P008847,O008847,Credit Card,Successful,1210.11
P008848,O008848,Credit Card,Successful,1398.52
P008849,O008849,UPI,Failed,1167.8799999999999
P008850,O008850,Credit Card,Successful,1667.33
P008851,O008851,Cash,Successful,1311.31
P008852,O008852,Wallet,Successful,881.3000000000001
P008853,O008853,Credit Card,Successful,606.61
P008854,O008854,Wallet,Successful,1089.97
P008855,O008855,UPI,Successful,1041.11
P008856,O008856,UPI,Successful,149.05
P008857,O008857,UPI,Failed,1343.87
P008858,O008858,Credit Card,Successful,1035.48
P008859,O008859,UPI,Successful,1611.54
P008860,O008860,UPI,Successful,1152.12
P008861,O008861,Cash,Successful,614.69
P008862,O008862,UPI,Successful,1333.53
P008863,O008863,Credit Card,Successful,1226.4499999999998
P008864,O008864,Cash,Refunded,839.12
P008865,O008865,UPI,Successful,1395.41
P008866,O008866,Wallet,Successful,523.0600000000001
P008867,O008867,Cash,Successful,980.53
P008868,O008868,Wallet,Successful,294.88
P008869,O008869,Wallet,Successful,1596.38
P008870,O008870,Credit Card,Successful,1075.6200000000001
P008871,O008871,Debit Card,Successful,336.33
P008872,O008872,Debit Card,Successful,121.25999999999999
P008873,O008873,UPI,Successful,621.77
P008874,O008874,UPI,Successful,1260.19
P008875,O008875,Cash,Successful,504.6
P008876,O008876,Debit Card,Successful,1527.27
P008877,O008877,UPI,Successful,1626.92
P008878,O008878,Cash,Successful,1112.25
P008879,O008879,Wallet,Failed,542.92
P008880,O008880,UPI,Successful,1664.49
P008881,O008881,Wallet,Successful,1226.79
P008882,O008882,UPI,Successful,230.75
P008883,O008883,Debit Card,Successful,999.47
P008884,O008884,UPI,Successful,1628.84
P008885,O008885,UPI,Successful,906.29
P008886,O008886,Wallet,Successful,1610.4299999999998
P008887,O008887,Credit Card,Successful,1482.31
P008888,O008888,Cash,Failed,788.33
P008889,O008889,UPI,Successful,1812.0
P008890,O008890,Wallet,Successful,310.62
P008891,O008891,Credit Card,Successful,346.45000000000005
P008892,O008892,Cash,Failed,540.31
P008893,O008893,Debit Card,Successful,782.44
P008894,O008894,Cash,Successful,408.11
P008895,O008895,Cash,Successful,688.01
P008896,O008896,UPI,Successful,294.95
P008897,O008897,Credit Card,Successful,812.0
P008898,O008898,Debit Card,Successful,1574.0
P008899,O008899,Credit Card,Successful,1012.1899999999999
P008900,O008900,Wallet,Successful,1550.2
P008901,O008901,Credit Card,Refunded,261.82000000000005
P008902,O008902,Credit Card,Successful,640.16
P008903,O008903,Wallet,Successful,134.61
P008904,O008904,Cash,Successful,608.2
P008905,O008905,Credit Card,Successful,902.65
P008906,O008906,Debit Card,Failed,1067.56
P008907,O008907,Credit Card,Successful,151.52
P008908,O008908,Wallet,Successful,159.69
P008909,O008909,Cash,Successful,605.84
P008910,O008910,Credit Card,Successful,1159.81
P008911,O008911,Debit Card,Successful,101.66
P008912,O008912,Cash,Successful,1256.51
P008913,O008913,UPI,Successful,331.03
P008914,O008914,Cash,Successful,1648.0
P008915,O008915,Wallet,Successful,694.1099999999999
P008916,O008916,UPI,Successful,184.60999999999999
P008917,O008917,Cash,Successful,1380.7
P008918,O008918,Credit Card,Successful,721.03
P008919,O008919,Wallet,Successful,1552.82
P008920,O008920,Cash,Successful,1017.86
P008921,O008921,Cash,Successful,1097.1399999999999
P008922,O008922,UPI,Successful,1190.44
P008923,O008923,Wallet,Successful,692.53
P008924,O008924,Wallet,Failed,1165.54
P008925,O008925,Wallet,Successful,161.3
P008926,O008926,UPI,Successful,1356.09
P008927,O008927,Credit Card,Successful,945.6500000000001
P008928,O008928,Credit Card,Successful,1050.66
P008929,O008929,Debit Card,Successful,571.19
P008930,O008930,Cash,Failed,235.53
P008931,O008931,Debit Card,Successful,964.2800000000001
P008932,O008932,UPI,Successful,712.43
P008933,O008933,Debit Card,Successful,412.16999999999996
P008934,O008934,UPI,Successful,142.99
P008935,O008935,Credit Card,Successful,955.94
P008936,O008936,Credit Card,Successful,310.9
P008937,O008937,Debit Card,Successful,1856.8400000000001
P008938,O008938,Debit Card,Failed,360.46999999999997
P008939,O008939,UPI,Successful,113.56
P008940,O008940,UPI,Successful,453.25
P008941,O008941,Debit Card,Successful,370.28000000000003
P008942,O008942,Cash,Successful,1438.08
P008943,O008943,Cash,Successful,637.21
P008944,O008944,Credit Card,Failed,564.24
P008945,O008945,UPI,Successful,1539.3400000000001
P008946,O008946,Credit Card,Successful,271.25
P008947,O008947,Wallet,Successful,241.59
P008948,O008948,UPI,Successful,624.6300000000001
P008949,O008949,Wallet,Successful,625.81
P008950,O008950,UPI,Successful,1265.79
P008951,O008951,Credit Card,Failed,1815.4699999999998
P008952,O008952,Cash,Successful,1529.73
P008953,O008953,Credit Card,Successful,1230.28
P008954,O008954,Debit Card,Successful,1714.42
P008955,O008955,Credit Card,Successful,1352.72
P008956,O008956,Wallet,Successful,258.94
P008957,O008957,Cash,Successful,899.87
P008958,O008958,Credit Card,Successful,901.97
P008959,O008959,Wallet,Successful,635.67
P008960,O008960,Cash,Successful,372.34000000000003
P008961,O008961,Credit Card,Successful,1118.62
P008962,O008962,Wallet,Successful,590.11
P008963,O008963,UPI,Successful,1025.6799999999998
P008964,O008964,Cash,Successful,685.1899999999999
P008965,O008965,Wallet,Successful,1001.1399999999999
P008966,O008966,Debit Card,Successful,735.27
P008967,O008967,Wallet,Successful,715.45
P008968,O008968,Credit Card,Successful,1047.98
P008969,O008969,UPI,Failed,1428.86
P008970,O008970,Cash,Successful,771.1699999999998
P008971,O008971,Debit Card,Successful,1060.58
P008972,O008972,Credit Card,Successful,1386.7800000000002
P008973,O008973,Credit Card,Successful,268.8
P008974,O008974,Wallet,Successful,397.62
P008975,O008975,Debit Card,Successful,642.29
P008976,O008976,Wallet,Successful,568.57
P008977,O008977,Debit Card,Successful,1954.4799999999998
P008978,O008978,UPI,Successful,1116.86
P008979,O008979,Cash,Successful,913.9000000000001
P008980,O008980,UPI,Successful,1020.4699999999999
P008981,O008981,Wallet,Failed,1580.96
P008982,O008982,Debit Card,Successful,444.95
P008983,O008983,Credit Card,Successful,955.1099999999999
P008984,O008984,Cash,Successful,473.01000000000005
P008985,O008985,UPI,Successful,1198.76
P008986,O008986,Cash,Successful,1271.6599999999999
P008987,O008987,Cash,Successful,1758.5
P008988,O008988,Credit Card,Refunded,720.45
P008989,O008989,Wallet,Successful,371.12
P008990,O008990,Cash,Successful,1639.27
P008991,O008991,Credit Card,Successful,1464.8200000000002
P008992,O008992,Credit Card,Successful,433.03
P008993,O008993,Wallet,Successful,555.3
P008994,O008994,Wallet,Successful,572.1
P008995,O008995,Debit Card,Successful,887.0300000000001
P008996,O008996,Cash,Successful,1275.74
P008997,O008997,UPI,Successful,262.89
P008998,O008998,UPI,Successful,1130.99
P008999,O008999,Cash,Successful,696.5200000000001
P009000,O009000,Wallet,Successful,422.4
P009001,O009001,UPI,Successful,736.23
P009002,O009002,UPI,Successful,897.1600000000001
P009003,O009003,Wallet,Successful,1517.5500000000002
P009004,O009004,Wallet,Successful,923.22
P009005,O009005,Wallet,Successful,1102.23
P009006,O009006,Cash,Successful,220.8
P009007,O009007,Debit Card,Successful,194.23000000000002
P009008,O009008,UPI,Successful,316.09000000000003
P009009,O009009,Cash,Successful,280.15000000000003
P009010,O009010,UPI,Successful,934.56
P009011,O009011,Cash,Successful,817.03
P009012,O009012,UPI,Successful,77.89999999999999
P009013,O009013,Debit Card,Successful,761.9399999999999
P009014,O009014,Credit Card,Successful,288.44
P009015,O009015,Cash,Successful,1509.48
P009016,O009016,Wallet,Successful,743.4599999999999
P009017,O009017,Credit Card,Successful,726.24
P009018,O009018,Debit Card,Successful,1167.29
P009019,O009019,Cash,Successful,762.78
P009020,O009020,Credit Card,Successful,1327.3600000000001
P009021,O009021,Credit Card,Successful,1463.75
P009022,O009022,UPI,Successful,805.5000000000001
P009023,O009023,Cash,Successful,624.6199999999999
P009024,O009024,Wallet,Successful,838.0999999999999
P009025,O009025,Credit Card,Successful,1125.64
P009026,O009026,Wallet,Refunded,1354.43
P009027,O009027,UPI,Successful,602.54
P009028,O009028,Wallet,Successful,189.62
P009029,O009029,UPI,Successful,1013.5100000000001
P009030,O009030,UPI,Successful,1732.1499999999999
P009031,O009031,Credit Card,Successful,1606.75
P009032,O009032,Cash,Successful,1392.76
P009033,O009033,Debit Card,Successful,413.61
P009034,O009034,Wallet,Successful,1150.0
P009035,O009035,Cash,Successful,225.19
P009036,O009036,Wallet,Successful,746.34
P009037,O009037,Wallet,Successful,571.4100000000001
P009038,O009038,Credit Card,Failed,1292.73
P009039,O009039,UPI,Successful,384.83
P009040,O009040,Cash,Successful,1432.73
P009041,O009041,Credit Card,Successful,174.27999999999997
P009042,O009042,Credit Card,Successful,1036.58
P009043,O009043,Cash,Successful,641.1099999999999
P009044,O009044,Wallet,Successful,1609.15
P009045,O009045,UPI,Successful,1175.8999999999999
P009046,O009046,Credit Card,Successful,485.72999999999996
P009047,O009047,Credit Card,Successful,389.27
P009048,O009048,UPI,Successful,1147.46
P009049,O009049,Debit Card,Successful,536.33
P009050,O009050,Credit Card,Successful,402.45
P009051,O009051,Credit Card,Successful,1015.56
P009052,O009052,Cash,Successful,1431.7900000000002
P009053,O009053,Credit Card,Successful,533.01
P009054,O009054,Credit Card,Successful,881.7700000000001
P009055,O009055,UPI,Successful,1354.0900000000001
P009056,O009056,Cash,Successful,1509.2400000000002
P009057,O009057,UPI,Successful,1563.72
P009058,O009058,UPI,Failed,687.39
P009059,O009059,Credit Card,Successful,1326.1799999999998
P009060,O009060,UPI,Successful,887.87
P009061,O009061,Debit Card,Successful,268.39
P009062,O009062,Wallet,Successful,570.74
P009063,O009063,Debit Card,Successful,1176.66
P009064,O009064,Cash,Successful,1499.61
P009065,O009065,Wallet,Successful,1456.37
P009066,O009066,Credit Card,Failed,1062.93
P009067,O009067,UPI,Successful,819.53
P009068,O009068,Cash,Failed,325.27000000000004
P009069,O009069,UPI,Successful,258.86
P009070,O009070,Cash,Successful,1010.7400000000001
P009071,O009071,UPI,Successful,1298.92
P009072,O009072,UPI,Failed,588.09
P009073,O009073,Cash,Successful,1095.8400000000001
P009074,O009074,Cash,Successful,1022.24
P009075,O009075,Wallet,Failed,1700.5
P009076,O009076,Credit Card,Successful,461.26000000000005
P009077,O009077,Wallet,Successful,1155.79
P009078,O009078,Credit Card,Successful,759.5600000000001
P009079,O009079,Debit Card,Successful,470.48
P009080,O009080,Wallet,Successful,584.96
P009081,O009081,Wallet,Refunded,591.29
P009082,O009082,UPI,Successful,900.38
P009083,O009083,Wallet,Successful,994.01
P009084,O009084,UPI,Successful,1238.83
P009085,O009085,Credit Card,Successful,1165.04
P009086,O009086,Wallet,Successful,496.17999999999995
P009087,O009087,Credit Card,Successful,1544.67
P009088,O009088,Wallet,Successful,1520.55
P009089,O009089,Credit Card,Successful,1037.0400000000002
P009090,O009090,Wallet,Successful,128.91
P009091,O009091,Debit Card,Successful,365.61
P009092,O009092,UPI,Refunded,1469.54
P009093,O009093,Debit Card,Successful,723.47
P009094,O009094,UPI,Successful,308.92
P009095,O009095,Wallet,Successful,738.5500000000001
P009096,O009096,Wallet,Refunded,386.17
P009097,O009097,Wallet,Successful,1583.75
P009098,O009098,Cash,Successful,1597.3899999999999
P009099,O009099,Cash,Successful,612.9
P009100,O009100,Wallet,Successful,353.59000000000003
P009101,O009101,Credit Card,Successful,584.41
P009102,O009102,UPI,Successful,248.65000000000003
P009103,O009103,UPI,Successful,563.2
P009104,O009104,Debit Card,Failed,1238.43
P009105,O009105,Cash,Successful,485.50000000000006
P009106,O009106,UPI,Successful,985.82
P009107,O009107,Debit Card,Successful,239.95000000000002
P009108,O009108,Cash,Successful,675.56
P009109,O009109,Debit Card,Failed,159.19
P009110,O009110,Wallet,Successful,804.8199999999999
P009111,O009111,UPI,Refunded,753.37
P009112,O009112,Wallet,Successful,1588.3899999999999
P009113,O009113,Debit Card,Successful,729.49
P009114,O009114,Credit Card,Successful,1051.6
P009115,O009115,UPI,Successful,1790.08
P009116,O009116,Wallet,Successful,1174.22
P009117,O009117,UPI,Successful,925.4000000000001
P009118,O009118,Debit Card,Successful,280.29
P009119,O009119,Debit Card,Successful,1273.8
P009120,O009120,Wallet,Successful,1253.8799999999999
P009121,O009121,Cash,Successful,302.43
P009122,O009122,Cash,Successful,466.39
P009123,O009123,Cash,Successful,896.5799999999999
P009124,O009124,Credit Card,Successful,143.28
P009125,O009125,Credit Card,Successful,1426.21
P009126,O009126,Credit Card,Successful,505.35999999999996
P009127,O009127,UPI,Successful,974.09
P009128,O009128,Cash,Successful,459.55
P009129,O009129,Credit Card,Successful,754.6800000000001
P009130,O009130,Cash,Successful,362.82
P009131,O009131,Wallet,Successful,1112.47
P009132,O009132,Credit Card,Successful,1361.44
P009133,O009133,Credit Card,Successful,1305.6200000000001
P009134,O009134,Cash,Successful,443.46
P009135,O009135,UPI,Successful,745.8700000000001
P009136,O009136,Credit Card,Successful,646.2
P009137,O009137,Wallet,Successful,1710.5900000000001
P009138,O009138,Wallet,Failed,1309.17
P009139,O009139,Wallet,Successful,285.68
P009140,O009140,Cash,Successful,368.32
P009141,O009141,UPI,Successful,1316.24
P009142,O009142,Wallet,Successful,359.24
P009143,O009143,Wallet,Successful,1519.71
P009144,O009144,UPI,Successful,1861.3
P009145,O009145,Credit Card,Successful,1493.48
P009146,O009146,Credit Card,Failed,133.75
P009147,O009147,Cash,Successful,987.2299999999999
P009148,O009148,Credit Card,Failed,658.75
P009149,O009149,Cash,Failed,1153.54
P009150,O009150,Cash,Successful,490.18000000000006
P009151,O009151,Debit Card,Successful,700.74
P009152,O009152,Credit Card,Successful,221.49999999999997
P009153,O009153,Wallet,Successful,569.51
P009154,O009154,Debit Card,Successful,1910.3999999999999
P009155,O009155,UPI,Successful,1652.99
P009156,O009156,Credit Card,Successful,1459.69
P009157,O009157,UPI,Successful,1774.1499999999999
P009158,O009158,Wallet,Successful,387.1
P009159,O009159,Cash,Failed,951.6
P009160,O009160,Debit Card,Successful,1023.5600000000001
P009161,O009161,UPI,Successful,854.6700000000001
P009162,O009162,UPI,Successful,669.6800000000001
P009163,O009163,Cash,Successful,1297.1399999999999
P009164,O009164,UPI,Successful,740.8499999999999
P009165,O009165,Debit Card,Successful,1137.0100000000002
P009166,O009166,Credit Card,Successful,1096.96
P009167,O009167,Cash,Failed,321.68
P009168,O009168,Wallet,Successful,169.33999999999997
P009169,O009169,Cash,Successful,1553.22
P009170,O009170,Wallet,Successful,735.0099999999999
P009171,O009171,Credit Card,Successful,1281.3400000000001
P009172,O009172,Wallet,Failed,596.38
P009173,O009173,Cash,Successful,1666.76
P009174,O009174,UPI,Successful,1580.46
P009175,O009175,Credit Card,Successful,774.66
P009176,O009176,Wallet,Successful,719.51
P009177,O009177,UPI,Successful,559.01
P009178,O009178,Credit Card,Refunded,122.86
P009179,O009179,Wallet,Successful,1377.1399999999999
P009180,O009180,Credit Card,Successful,486.69000000000005
P009181,O009181,Wallet,Successful,1690.1000000000001
P009182,O009182,Wallet,Successful,1636.96
P009183,O009183,Cash,Successful,1232.6100000000001
P009184,O009184,UPI,Successful,332.71000000000004
P009185,O009185,Credit Card,Successful,250.51000000000002
P009186,O009186,Debit Card,Successful,1218.38
P009187,O009187,Debit Card,Successful,1400.77
P009188,O009188,Cash,Successful,613.34
P009189,O009189,Credit Card,Successful,739.89
P009190,O009190,Cash,Successful,721.8
P009191,O009191,Debit Card,Successful,1534.44
P009192,O009192,Cash,Successful,1188.76
P009193,O009193,Debit Card,Successful,264.71999999999997
P009194,O009194,Cash,Failed,1280.3000000000002
P009195,O009195,Wallet,Successful,95.66
P009196,O009196,Credit Card,Successful,1233.0900000000001
P009197,O009197,Cash,Failed,1162.1
P009198,O009198,Cash,Successful,1256.1200000000001
P009199,O009199,Wallet,Successful,1129.06
P009200,O009200,Debit Card,Successful,313.35
P009201,O009201,UPI,Successful,1324.9699999999998
P009202,O009202,Wallet,Refunded,1286.46
P009203,O009203,Cash,Successful,1022.79
P009204,O009204,Cash,Successful,546.58
P009205,O009205,Debit Card,Successful,409.88
P009206,O009206,Wallet,Failed,464.40999999999997
P009207,O009207,Debit Card,Successful,95.02000000000001
P009208,O009208,Credit Card,Successful,114.66
P009209,O009209,Credit Card,Successful,572.62
P009210,O009210,Wallet,Failed,1660.7199999999998
P009211,O009211,Debit Card,Successful,947.3499999999999
P009212,O009212,UPI,Successful,632.52
P009213,O009213,Credit Card,Successful,100.63
P009214,O009214,UPI,Successful,1733.8300000000002
P009215,O009215,Cash,Successful,767.8
P009216,O009216,Debit Card,Successful,1416.6299999999999
P009217,O009217,UPI,Successful,1423.71
P009218,O009218,Wallet,Successful,144.13
P009219,O009219,Credit Card,Successful,1579.25
P009220,O009220,Wallet,Successful,1106.36
P009221,O009221,Wallet,Successful,746.73
P009222,O009222,Debit Card,Successful,1175.69
P009223,O009223,Wallet,Successful,1428.3799999999999
P009224,O009224,UPI,Successful,1236.48
P009225,O009225,Wallet,Successful,1175.13
P009226,O009226,Wallet,Successful,1051.31
P009227,O009227,Wallet,Successful,1367.64
P009228,O009228,Wallet,Refunded,1384.6599999999999
P009229,O009229,Credit Card,Successful,1017.05
P009230,O009230,UPI,Failed,238.13
P009231,O009231,Cash,Successful,1180.44
P009232,O009232,Cash,Successful,351.49
P009233,O009233,UPI,Successful,89.22
P009234,O009234,Credit Card,Successful,435.05
P009235,O009235,UPI,Successful,294.06
P009236,O009236,UPI,Successful,281.76
P009237,O009237,Credit Card,Successful,499.85
P009238,O009238,Cash,Successful,1033.75
P009239,O009239,Wallet,Successful,371.76
P009240,O009240,Wallet,Successful,568.3699999999999
P009241,O009241,Credit Card,Successful,1346.31
P009242,O009242,Cash,Successful,1548.4299999999998
P009243,O009243,UPI,Successful,662.24
P009244,O009244,Debit Card,Successful,1324.46
P009245,O009245,Credit Card,Successful,1209.45
P009246,O009246,Credit Card,Successful,400.65000000000003
P009247,O009247,Wallet,Successful,1247.41
P009248,O009248,Cash,Successful,1826.17
P009249,O009249,Debit Card,Successful,1338.69
P009250,O009250,UPI,Successful,457.65
P009251,O009251,Wallet,Successful,186.0
P009252,O009252,Wallet,Successful,522.1
P009253,O009253,Wallet,Successful,578.4399999999999
P009254,O009254,Debit Card,Successful,645.6600000000001
P009255,O009255,Cash,Successful,972.89
P009256,O009256,Cash,Successful,877.0
P009257,O009257,Credit Card,Successful,885.74
P009258,O009258,Credit Card,Successful,683.17
P009259,O009259,Credit Card,Failed,281.20000000000005
P009260,O009260,UPI,Failed,771.9
P009261,O009261,Cash,Successful,1872.55
P009262,O009262,Credit Card,Successful,999.27
P009263,O009263,Wallet,Failed,769.49
P009264,O009264,Cash,Successful,253.75
P009265,O009265,Debit Card,Successful,435.90000000000003
P009266,O009266,Wallet,Successful,966.7199999999999
P009267,O009267,UPI,Successful,775.6
P009268,O009268,Debit Card,Failed,135.51
P009269,O009269,Cash,Refunded,227.73000000000002
P009270,O009270,Debit Card,Failed,612.01
P009271,O009271,Credit Card,Successful,345.94
P009272,O009272,Credit Card,Failed,1792.41
P009273,O009273,Debit Card,Successful,140.60999999999999
P009274,O009274,Credit Card,Successful,1433.08
P009275,O009275,Credit Card,Successful,1186.45
P009276,O009276,UPI,Successful,746.74
P009277,O009277,Debit Card,Successful,910.3700000000001
P009278,O009278,Wallet,Successful,797.26
P009279,O009279,Debit Card,Successful,879.78
P009280,O009280,Cash,Successful,276.62
P009281,O009281,UPI,Successful,264.03
P009282,O009282,Credit Card,Failed,892.8
P009283,O009283,Wallet,Successful,187.95000000000002
P009284,O009284,Cash,Successful,617.58
P009285,O009285,Credit Card,Successful,1452.1899999999998
P009286,O009286,Credit Card,Failed,1581.1
P009287,O009287,Debit Card,Successful,1179.1100000000001
P009288,O009288,UPI,Successful,823.6099999999999
P009289,O009289,UPI,Successful,126.19
P009290,O009290,Cash,Successful,240.12
P009291,O009291,Debit Card,Successful,1309.47
P009292,O009292,Debit Card,Successful,1274.6100000000001
P009293,O009293,Debit Card,Successful,630.31
P009294,O009294,Debit Card,Refunded,1458.03
P009295,O009295,Wallet,Successful,1358.53
P009296,O009296,Wallet,Successful,1149.8500000000001
P009297,O009297,Debit Card,Successful,1241.39
P009298,O009298,Debit Card,Successful,461.21
P009299,O009299,Wallet,Successful,869.3
P009300,O009300,Cash,Successful,1078.13
P009301,O009301,Debit Card,Successful,1082.95
P009302,O009302,Cash,Failed,1684.03
P009303,O009303,Cash,Successful,1507.07
P009304,O009304,Wallet,Successful,192.18
P009305,O009305,Debit Card,Failed,320.67
P009306,O009306,UPI,Successful,1173.22
P009307,O009307,Cash,Successful,540.45
P009308,O009308,Wallet,Successful,391.74
P009309,O009309,Cash,Successful,1269.0100000000002
P009310,O009310,Wallet,Successful,933.7900000000001
P009311,O009311,Credit Card,Successful,1557.5
P009312,O009312,UPI,Successful,661.1999999999999
P009313,O009313,Debit Card,Successful,617.1
P009314,O009314,UPI,Refunded,360.72
P009315,O009315,Cash,Successful,994.53
P009316,O009316,Cash,Successful,1190.79
P009317,O009317,UPI,Refunded,353.65999999999997
P009318,O009318,UPI,Successful,558.36
P009319,O009319,Credit Card,Successful,370.1
P009320,O009320,UPI,Refunded,1233.25
P009321,O009321,UPI,Successful,481.53000000000003
P009322,O009322,UPI,Successful,384.21
P009323,O009323,UPI,Successful,181.86
P009324,O009324,Debit Card,Successful,1438.57
P009325,O009325,Wallet,Successful,250.11
P009326,O009326,Credit Card,Successful,119.18
P009327,O009327,Debit Card,Successful,203.95000000000002
P009328,O009328,UPI,Successful,751.01
P009329,O009329,Wallet,Successful,1042.5600000000002
P009330,O009330,Credit Card,Refunded,836.01
P009331,O009331,Cash,Successful,782.01
P009332,O009332,Debit Card,Successful,1839.93
P009333,O009333,Debit Card,Successful,1170.45
P009334,O009334,Debit Card,Successful,548.11
P009335,O009335,Wallet,Successful,275.69
P009336,O009336,Credit Card,Successful,1366.16
P009337,O009337,Debit Card,Successful,989.1400000000001
P009338,O009338,Credit Card,Successful,1429.06
P009339,O009339,Wallet,Successful,1572.87
P009340,O009340,Credit Card,Successful,1055.26
P009341,O009341,Wallet,Successful,229.42000000000002
P009342,O009342,Wallet,Successful,140.04
P009343,O009343,UPI,Successful,1651.26
P009344,O009344,Cash,Successful,1270.96
P009345,O009345,Wallet,Successful,1044.48
P009346,O009346,UPI,Successful,1135.4
P009347,O009347,Cash,Successful,1001.9699999999999
P009348,O009348,UPI,Successful,1060.6699999999998
P009349,O009349,Wallet,Successful,483.7300000000001
P009350,O009350,UPI,Successful,789.37
P009351,O009351,UPI,Successful,106.9
P009352,O009352,UPI,Successful,980.55
P009353,O009353,Credit Card,Successful,535.66
P009354,O009354,UPI,Successful,1251.28
P009355,O009355,Debit Card,Successful,1634.83
P009356,O009356,Credit Card,Successful,991.0799999999999
P009357,O009357,Credit Card,Failed,719.82
P009358,O009358,Credit Card,Successful,459.92
P009359,O009359,Wallet,Successful,528.8
P009360,O009360,Debit Card,Successful,1737.34
P009361,O009361,Cash,Successful,930.58
P009362,O009362,Cash,Successful,909.9599999999999
P009363,O009363,Wallet,Successful,528.21
P009364,O009364,Credit Card,Successful,1256.1
P009365,O009365,Debit Card,Successful,744.71
P009366,O009366,Credit Card,Successful,636.3
P009367,O009367,Credit Card,Successful,412.4
P009368,O009368,Wallet,Successful,419.71
P009369,O009369,Debit Card,Successful,514.31
P009370,O009370,UPI,Successful,1133.29
P009371,O009371,Cash,Successful,495.49
P009372,O009372,Cash,Successful,168.6
P009373,O009373,Cash,Successful,638.22
P009374,O009374,Credit Card,Successful,1024.51
P009375,O009375,UPI,Successful,206.17
P009376,O009376,UPI,Successful,791.33
P009377,O009377,Credit Card,Successful,157.92
P009378,O009378,Credit Card,Successful,1178.33
P009379,O009379,Debit Card,Successful,1598.8
P009380,O009380,Cash,Successful,1778.1100000000001
P009381,O009381,Cash,Successful,1095.91
P009382,O009382,UPI,Successful,1118.48
P009383,O009383,Cash,Successful,1246.01
P009384,O009384,Cash,Successful,1640.77
P009385,O009385,Debit Card,Successful,1420.73
P009386,O009386,Credit Card,Successful,729.87
P009387,O009387,Credit Card,Successful,1156.32
P009388,O009388,Wallet,Successful,300.91999999999996
P009389,O009389,UPI,Successful,1418.57
P009390,O009390,Wallet,Successful,1408.1000000000001
P009391,O009391,Debit Card,Successful,1323.33
P009392,O009392,Credit Card,Successful,1320.19
P009393,O009393,Debit Card,Successful,858.4300000000001
P009394,O009394,Credit Card,Successful,1303.35
P009395,O009395,Wallet,Successful,1769.01
P009396,O009396,Wallet,Successful,1716.71
P009397,O009397,UPI,Successful,857.6600000000001
P009398,O009398,Wallet,Successful,995.8299999999999
P009399,O009399,UPI,Failed,790.78
P009400,O009400,Debit Card,Successful,561.1
P009401,O009401,Cash,Successful,695.05
P009402,O009402,UPI,Failed,358.25
P009403,O009403,Wallet,Successful,1881.9199999999998
P009404,O009404,Cash,Successful,900.7
P009405,O009405,Debit Card,Failed,1612.17
P009406,O009406,Wallet,Successful,788.01
P009407,O009407,Debit Card,Successful,633.19
P009408,O009408,Wallet,Successful,282.95000000000005
P009409,O009409,UPI,Successful,527.5
P009410,O009410,Cash,Successful,1308.36
P009411,O009411,Wallet,Successful,1120.72
P009412,O009412,Wallet,Successful,834.98
P009413,O009413,Wallet,Successful,835.96
P009414,O009414,UPI,Successful,1565.4899999999998
P009415,O009415,Credit Card,Successful,402.06
P009416,O009416,Wallet,Successful,1767.28
P009417,O009417,Cash,Successful,1008.91
P009418,O009418,Cash,Successful,1535.94
P009419,O009419,Wallet,Successful,888.87
P009420,O009420,Cash,Successful,519.5
P009421,O009421,Wallet,Successful,960.5000000000001
P009422,O009422,Debit Card,Failed,164.9
P009423,O009423,Wallet,Successful,1318.52
P009424,O009424,Wallet,Successful,1307.1100000000001
P009425,O009425,Wallet,Successful,516.1999999999999
P009426,O009426,Credit Card,Failed,517.33
P009427,O009427,Credit Card,Successful,1630.94
P009428,O009428,Wallet,Successful,1268.52
P009429,O009429,Cash,Successful,1181.79
P009430,O009430,Credit Card,Successful,715.29
P009431,O009431,Wallet,Successful,1365.33
P009432,O009432,Debit Card,Successful,536.11
P009433,O009433,Cash,Successful,105.75000000000001
P009434,O009434,Cash,Successful,737.43
P009435,O009435,UPI,Successful,1587.87
P009436,O009436,Wallet,Successful,1116.6599999999999
P009437,O009437,Cash,Successful,426.15999999999997
P009438,O009438,Credit Card,Successful,1297.78
P009439,O009439,Wallet,Refunded,1370.1
P009440,O009440,Debit Card,Refunded,948.44
P009441,O009441,Cash,Successful,1371.25
P009442,O009442,Debit Card,Successful,1219.14
P009443,O009443,Cash,Successful,281.69
P009444,O009444,Debit Card,Successful,1583.3600000000001
P009445,O009445,Wallet,Failed,290.92999999999995
P009446,O009446,Debit Card,Successful,1474.87
P009447,O009447,Credit Card,Successful,892.28
P009448,O009448,UPI,Successful,1220.72
P009449,O009449,UPI,Successful,1925.48
P009450,O009450,Credit Card,Successful,873.11
P009451,O009451,Wallet,Successful,760.9000000000001
P009452,O009452,Debit Card,Successful,1345.78
P009453,O009453,Debit Card,Failed,268.11
P009454,O009454,Credit Card,Successful,151.7
P009455,O009455,UPI,Successful,1092.1100000000001
P009456,O009456,UPI,Successful,387.17
P009457,O009457,Wallet,Successful,463.34
P009458,O009458,Debit Card,Successful,1471.27
P009459,O009459,Credit Card,Successful,1138.3
P009460,O009460,Debit Card,Successful,1517.01
P009461,O009461,Credit Card,Successful,1657.8799999999999
P009462,O009462,UPI,Successful,321.39
P009463,O009463,Wallet,Successful,1655.03
P009464,O009464,Wallet,Successful,1391.16
P009465,O009465,UPI,Refunded,148.95
P009466,O009466,UPI,Successful,1714.39
P009467,O009467,Debit Card,Refunded,689.47
P009468,O009468,Cash,Refunded,1401.15
P009469,O009469,Wallet,Successful,1227.85
P009470,O009470,Wallet,Failed,813.85
P009471,O009471,Cash,Successful,831.88
P009472,O009472,Cash,Successful,449.1500000000001
P009473,O009473,Cash,Successful,798.2900000000001
P009474,O009474,UPI,Successful,275.42
P009475,O009475,UPI,Successful,1789.15
P009476,O009476,Cash,Successful,1036.8999999999999
P009477,O009477,Credit Card,Successful,1144.63
P009478,O009478,Wallet,Successful,878.3300000000002
P009479,O009479,Cash,Successful,306.65999999999997
P009480,O009480,Debit Card,Successful,829.91
P009481,O009481,Wallet,Successful,517.97
P009482,O009482,Credit Card,Successful,101.09
P009483,O009483,Cash,Successful,1149.97
P009484,O009484,Credit Card,Successful,1512.01
P009485,O009485,Wallet,Successful,1417.9199999999998
P009486,O009486,Wallet,Successful,435.67
P009487,O009487,Cash,Failed,1468.1
P009488,O009488,Credit Card,Successful,505.4699999999999
P009489,O009489,Wallet,Failed,472.54
P009490,O009490,UPI,Successful,1921.3300000000002
P009491,O009491,Cash,Successful,102.44
P009492,O009492,Cash,Successful,417.45
P009493,O009493,UPI,Failed,825.5899999999999
P009494,O009494,Credit Card,Failed,394.73
P009495,O009495,Wallet,Successful,340.67
P009496,O009496,Debit Card,Successful,1227.77
P009497,O009497,UPI,Successful,1406.8000000000002
P009498,O009498,UPI,Failed,1220.6599999999999
P009499,O009499,UPI,Successful,276.73
P009500,O009500,UPI,Successful,1473.5
P009501,O009501,Debit Card,Successful,1807.51
P009502,O009502,Credit Card,Successful,454.91999999999996
P009503,O009503,Wallet,Successful,882.24
P009504,O009504,Cash,Failed,741.1600000000001
P009505,O009505,UPI,Successful,1352.18
P009506,O009506,Wallet,Successful,1956.84
P009507,O009507,UPI,Successful,1762.1399999999999
P009508,O009508,Wallet,Successful,869.8999999999999
P009509,O009509,Credit Card,Successful,254.56
P009510,O009510,Debit Card,Successful,614.29
P009511,O009511,Debit Card,Successful,724.74
P009512,O009512,Cash,Successful,1065.04
P009513,O009513,Debit Card,Successful,1480.75
P009514,O009514,Credit Card,Failed,430.44000000000005
P009515,O009515,Cash,Successful,904.6800000000001
P009516,O009516,UPI,Successful,467.31
P009517,O009517,Debit Card,Successful,1710.6
P009518,O009518,Wallet,Successful,1959.22
P009519,O009519,UPI,Successful,1624.17
P009520,O009520,UPI,Successful,599.03
P009521,O009521,Cash,Successful,515.39
P009522,O009522,Credit Card,Successful,845.48
P009523,O009523,Debit Card,Successful,1334.27
P009524,O009524,Cash,Successful,104.72
P009525,O009525,Wallet,Successful,1423.1
P009526,O009526,Wallet,Refunded,1610.77
P009527,O009527,Debit Card,Successful,136.84
P009528,O009528,Debit Card,Successful,685.83
P009529,O009529,Debit Card,Successful,1354.2
P009530,O009530,UPI,Successful,473.54999999999995
P009531,O009531,UPI,Successful,294.84999999999997
P009532,O009532,Wallet,Failed,929.04
P009533,O009533,UPI,Successful,1330.41
P009534,O009534,Wallet,Successful,1432.19
P009535,O009535,Cash,Successful,105.38
P009536,O009536,Wallet,Successful,1289.06
P009537,O009537,Wallet,Successful,914.9000000000001
P009538,O009538,Credit Card,Successful,478.57
P009539,O009539,UPI,Successful,1056.91
P009540,O009540,Credit Card,Successful,1731.38
P009541,O009541,UPI,Successful,587.85
P009542,O009542,UPI,Successful,541.25
P009543,O009543,Wallet,Successful,1082.1
P009544,O009544,Wallet,Successful,167.53
P009545,O009545,Credit Card,Successful,1340.33
P009546,O009546,Cash,Successful,1117.42
P009547,O009547,UPI,Successful,1229.48
P009548,O009548,Wallet,Successful,417.89
P009549,O009549,UPI,Successful,1524.3000000000002
P009550,O009550,Debit Card,Successful,791.88
P009551,O009551,Cash,Successful,255.90000000000003
P009552,O009552,Wallet,Successful,1689.54
P009553,O009553,Cash,Successful,1234.61
P009554,O009554,Cash,Successful,391.83
P009555,O009555,Cash,Successful,497.02
P009556,O009556,Credit Card,Successful,600.1700000000001
P009557,O009557,UPI,Successful,1423.06
P009558,O009558,Debit Card,Successful,1260.26
P009559,O009559,Credit Card,Successful,628.93
P009560,O009560,Cash,Successful,822.61
P009561,O009561,Debit Card,Failed,457.92999999999995
P009562,O009562,UPI,Successful,1332.77
P009563,O009563,Cash,Successful,330.6
P009564,O009564,Debit Card,Successful,556.65
P009565,O009565,Cash,Successful,1061.6999999999998
P009566,O009566,Credit Card,Successful,1649.54
P009567,O009567,Wallet,Successful,988.76
P009568,O009568,Credit Card,Successful,1732.1100000000001
P009569,O009569,Cash,Successful,1395.55
P009570,O009570,Wallet,Successful,1049.68
P009571,O009571,Wallet,Successful,526.4
P009572,O009572,Wallet,Successful,1377.1799999999998
P009573,O009573,Wallet,Successful,332.54999999999995
P009574,O009574,UPI,Refunded,550.26
P009575,O009575,Cash,Successful,1485.79
P009576,O009576,Credit Card,Successful,1392.15
P009577,O009577,UPI,Successful,807.4200000000001
P009578,O009578,Wallet,Successful,986.06
P009579,O009579,Debit Card,Successful,688.52
P009580,O009580,Debit Card,Successful,794.8299999999999
P009581,O009581,Wallet,Successful,1070.1100000000001
P009582,O009582,Credit Card,Successful,1349.7
P009583,O009583,UPI,Successful,1112.7
P009584,O009584,Credit Card,Successful,1662.58
P009585,O009585,Cash,Successful,794.0799999999999
P009586,O009586,UPI,Successful,192.94000000000003
P009587,O009587,Wallet,Successful,1352.8899999999999
P009588,O009588,UPI,Successful,822.62
P009589,O009589,UPI,Successful,1440.08
P009590,O009590,UPI,Refunded,294.24
P009591,O009591,Credit Card,Successful,1055.26
P009592,O009592,Credit Card,Successful,778.13
P009593,O009593,Wallet,Successful,666.4
P009594,O009594,Credit Card,Successful,979.39
P009595,O009595,Cash,Successful,1228.66
P009596,O009596,Credit Card,Successful,1614.53
P009597,O009597,Wallet,Successful,490.29
P009598,O009598,Debit Card,Successful,485.45
P009599,O009599,Cash,Successful,1026.6499999999999
P009600,O009600,Wallet,Successful,534.24
P009601,O009601,Wallet,Successful,964.6499999999999
P009602,O009602,Debit Card,Successful,362.86
P009603,O009603,Credit Card,Successful,583.23
P009604,O009604,UPI,Successful,576.37
P009605,O009605,Debit Card,Successful,1396.02
P009606,O009606,Credit Card,Successful,1464.63
P009607,O009607,Debit Card,Successful,1557.98
P009608,O009608,Cash,Successful,866.04
P009609,O009609,Credit Card,Successful,714.71
P009610,O009610,Cash,Successful,232.04000000000002
P009611,O009611,Wallet,Successful,333.5
P009612,O009612,Wallet,Successful,1506.91
P009613,O009613,Debit Card,Successful,835.21
P009614,O009614,Cash,Successful,1906.0400000000002
P009615,O009615,Credit Card,Successful,1117.3300000000002
P009616,O009616,UPI,Successful,577.6600000000001
P009617,O009617,Credit Card,Successful,567.1899999999999
P009618,O009618,Cash,Successful,1616.73
P009619,O009619,Cash,Successful,736.65
P009620,O009620,Wallet,Successful,324.59000000000003
P009621,O009621,Credit Card,Successful,598.69
P009622,O009622,Debit Card,Successful,1124.16
P009623,O009623,Debit Card,Successful,321.14000000000004
P009624,O009624,Cash,Successful,206.98000000000002
P009625,O009625,UPI,Successful,856.13
P009626,O009626,Wallet,Successful,197.36
P009627,O009627,Wallet,Successful,683.59
P009628,O009628,Debit Card,Successful,517.39
P009629,O009629,Credit Card,Successful,638.6099999999999
P009630,O009630,Credit Card,Successful,749.22
P009631,O009631,Cash,Successful,380.83
P009632,O009632,Wallet,Successful,682.85
P009633,O009633,Credit Card,Successful,750.36
P009634,O009634,UPI,Successful,1570.5800000000002
P009635,O009635,Credit Card,Successful,1195.8400000000001
P009636,O009636,Wallet,Successful,1322.21
P009637,O009637,Credit Card,Successful,1283.84
P009638,O009638,Wallet,Successful,234.15
P009639,O009639,Wallet,Failed,1004.35
P009640,O009640,Wallet,Successful,1189.5
P009641,O009641,Cash,Successful,1232.7
P009642,O009642,Wallet,Successful,315.71000000000004
P009643,O009643,Debit Card,Successful,420.55999999999995
P009644,O009644,Cash,Successful,1438.82
P009645,O009645,Wallet,Successful,994.4
P009646,O009646,Wallet,Successful,953.9
P009647,O009647,Cash,Successful,731.6099999999999
P009648,O009648,Cash,Successful,393.99
P009649,O009649,UPI,Successful,1264.5
P009650,O009650,UPI,Successful,1371.0
P009651,O009651,UPI,Successful,1531.89
P009652,O009652,Wallet,Successful,140.8
P009653,O009653,UPI,Successful,1304.03
P009654,O009654,Credit Card,Failed,252.94
P009655,O009655,Cash,Successful,1374.7199999999998
P009656,O009656,Cash,Failed,935.4
P009657,O009657,UPI,Successful,1310.37
P009658,O009658,Cash,Refunded,1189.79
P009659,O009659,Credit Card,Successful,1472.44
P009660,O009660,Cash,Successful,1815.98
P009661,O009661,Debit Card,Successful,513.72
P009662,O009662,Credit Card,Successful,762.9000000000001
P009663,O009663,Wallet,Successful,971.8399999999999
P009664,O009664,UPI,Successful,332.17
P009665,O009665,Cash,Successful,1767.05
P009666,O009666,UPI,Successful,737.56
P009667,O009667,UPI,Successful,234.18
P009668,O009668,UPI,Successful,345.56
P009669,O009669,Cash,Successful,908.67
P009670,O009670,Cash,Successful,1762.5800000000002
P009671,O009671,UPI,Successful,1248.1599999999999
P009672,O009672,Wallet,Successful,506.61
P009673,O009673,UPI,Successful,473.80999999999995
P009674,O009674,UPI,Successful,1770.72
P009675,O009675,UPI,Successful,159.04
P009676,O009676,Cash,Successful,1626.1399999999999
P009677,O009677,Debit Card,Successful,1425.19
P009678,O009678,Wallet,Successful,1021.1999999999998
P009679,O009679,Cash,Successful,1759.74
P009680,O009680,Cash,Failed,339.92
P009681,O009681,UPI,Successful,1704.6000000000001
P009682,O009682,Wallet,Successful,491.41999999999996
P009683,O009683,Wallet,Successful,1126.8999999999999
P009684,O009684,Debit Card,Failed,792.6400000000001
P009685,O009685,Credit Card,Successful,1032.0500000000002
P009686,O009686,Credit Card,Successful,605.22
P009687,O009687,Debit Card,Successful,1374.98
P009688,O009688,UPI,Successful,1364.8400000000001
P009689,O009689,Wallet,Successful,1874.6
P009690,O009690,UPI,Successful,1046.82
P009691,O009691,Credit Card,Successful,828.6999999999998
P009692,O009692,UPI,Successful,1304.3600000000001
P009693,O009693,Debit Card,Successful,1579.71
P009694,O009694,Wallet,Successful,994.6099999999999
P009695,O009695,UPI,Successful,1260.6
P009696,O009696,Credit Card,Successful,875.5799999999999
P009697,O009697,Credit Card,Successful,648.9100000000001
P009698,O009698,Debit Card,Successful,1255.5
P009699,O009699,Cash,Successful,1308.9299999999998
P009700,O009700,Wallet,Successful,474.53000000000003
P009701,O009701,Cash,Successful,190.33
P009702,O009702,Cash,Successful,983.5900000000001
P009703,O009703,Wallet,Successful,1282.37
P009704,O009704,Cash,Successful,439.42999999999995
P009705,O009705,Wallet,Successful,1256.1999999999998
P009706,O009706,Cash,Successful,880.07
P009707,O009707,Debit Card,Successful,533.02
P009708,O009708,Wallet,Successful,373.21000000000004
P009709,O009709,Cash,Successful,1553.64
P009710,O009710,UPI,Successful,465.73
P009711,O009711,Credit Card,Refunded,564.47
P009712,O009712,Debit Card,Successful,618.0400000000001
P009713,O009713,Credit Card,Successful,545.75
P009714,O009714,Cash,Successful,365.72999999999996
P009715,O009715,UPI,Successful,586.94
P009716,O009716,Wallet,Successful,981.24
P009717,O009717,Credit Card,Successful,1108.05
P009718,O009718,Cash,Successful,387.51000000000005
P009719,O009719,Debit Card,Successful,1312.93
P009720,O009720,Debit Card,Successful,606.28
P009721,O009721,Debit Card,Successful,1594.02
P009722,O009722,Cash,Successful,600.51
P009723,O009723,Debit Card,Successful,1570.41
P009724,O009724,Wallet,Successful,727.52
P009725,O009725,UPI,Successful,963.41
P009726,O009726,Credit Card,Successful,566.69
P009727,O009727,UPI,Successful,596.69
P009728,O009728,Credit Card,Successful,909.31
P009729,O009729,Wallet,Successful,1404.82
P009730,O009730,Debit Card,Successful,1706.8300000000002
P009731,O009731,Wallet,Failed,1165.0
P009732,O009732,Cash,Failed,386.74
P009733,O009733,UPI,Successful,1391.27
P009734,O009734,Wallet,Successful,1171.25
P009735,O009735,Debit Card,Successful,641.3
P009736,O009736,Wallet,Successful,1734.6399999999999
P009737,O009737,Credit Card,Successful,1479.98
P009738,O009738,Debit Card,Successful,201.69
P009739,O009739,Wallet,Failed,104.58999999999999
P009740,O009740,Cash,Successful,156.8
P009741,O009741,Debit Card,Successful,1320.49
P009742,O009742,UPI,Successful,1243.63
P009743,O009743,Debit Card,Successful,1337.49
P009744,O009744,Credit Card,Successful,1027.28
P009745,O009745,Debit Card,Successful,616.06
P009746,O009746,UPI,Successful,375.96000000000004
P009747,O009747,Cash,Successful,1859.25
P009748,O009748,Cash,Successful,1386.03
P009749,O009749,UPI,Successful,492.32000000000005
P009750,O009750,Wallet,Failed,321.49
P009751,O009751,Credit Card,Successful,789.34
P009752,O009752,Credit Card,Successful,180.81
P009753,O009753,UPI,Successful,303.95
P009754,O009754,Debit Card,Successful,675.6300000000001
P009755,O009755,Cash,Successful,552.63
P009756,O009756,Cash,Successful,1092.66
P009757,O009757,Cash,Successful,1282.6
P009758,O009758,Wallet,Successful,1464.8999999999999
P009759,O009759,Cash,Successful,975.6000000000001
P009760,O009760,Wallet,Successful,1379.0500000000002
P009761,O009761,UPI,Successful,799.9000000000001
P009762,O009762,Debit Card,Failed,367.46
P009763,O009763,Cash,Successful,957.81
P009764,O009764,UPI,Successful,649.0699999999999
P009765,O009765,Wallet,Successful,106.31
P009766,O009766,Credit Card,Successful,1160.68
P009767,O009767,Credit Card,Successful,413.92999999999995
P009768,O009768,Wallet,Successful,1781.5
P009769,O009769,Cash,Failed,1333.95
P009770,O009770,Wallet,Successful,387.23
P009771,O009771,Wallet,Failed,136.26
P009772,O009772,Cash,Successful,88.08000000000001
P009773,O009773,UPI,Successful,1463.34
P009774,O009774,Debit Card,Successful,322.95
P009775,O009775,Credit Card,Failed,877.46
P009776,O009776,UPI,Successful,179.08
P009777,O009777,Cash,Successful,731.03
P009778,O009778,Credit Card,Successful,1549.61
P009779,O009779,UPI,Successful,771.2199999999999
P009780,O009780,Credit Card,Successful,1286.1799999999998
P009781,O009781,Cash,Successful,1365.6599999999999
P009782,O009782,Wallet,Successful,1029.2900000000002
P009783,O009783,UPI,Successful,1462.7800000000002
P009784,O009784,Wallet,Successful,1769.73
P009785,O009785,Debit Card,Successful,1155.3400000000001
P009786,O009786,UPI,Failed,1058.62
P009787,O009787,Credit Card,Successful,1333.89
P009788,O009788,Debit Card,Successful,335.71999999999997
P009789,O009789,Credit Card,Successful,1447.86
P009790,O009790,Wallet,Successful,436.8
P009791,O009791,Debit Card,Successful,593.84
P009792,O009792,UPI,Successful,801.6400000000001
P009793,O009793,Credit Card,Successful,288.92
P009794,O009794,UPI,Successful,900.6899999999999
P009795,O009795,Wallet,Failed,418.92999999999995
P009796,O009796,Cash,Successful,1352.91
P009797,O009797,Credit Card,Failed,1356.3
P009798,O009798,UPI,Successful,848.5200000000001
P009799,O009799,Wallet,Successful,952.72
P009800,O009800,Wallet,Successful,236.22
P009801,O009801,Debit Card,Successful,1464.23
P009802,O009802,Wallet,Successful,671.93
P009803,O009803,Debit Card,Refunded,553.76
P009804,O009804,Credit Card,Successful,1849.82
P009805,O009805,UPI,Successful,1225.42
P009806,O009806,Debit Card,Successful,188.54000000000002
P009807,O009807,Debit Card,Successful,1353.3400000000001
P009808,O009808,UPI,Refunded,1519.06
P009809,O009809,Wallet,Successful,775.68
P009810,O009810,Cash,Successful,240.54
P009811,O009811,Wallet,Successful,988.7600000000001
P009812,O009812,Credit Card,Successful,1440.19
P009813,O009813,Credit Card,Successful,221.89000000000001
P009814,O009814,UPI,Successful,377.53000000000003
P009815,O009815,Wallet,Successful,1229.3700000000001
P009816,O009816,Credit Card,Successful,1054.0400000000002
P009817,O009817,Cash,Failed,1525.19
P009818,O009818,Cash,Successful,1314.23
P009819,O009819,Wallet,Successful,1489.81
P009820,O009820,Credit Card,Successful,937.23
P009821,O009821,Wallet,Successful,1302.4299999999998
P009822,O009822,Debit Card,Failed,171.86
P009823,O009823,Credit Card,Successful,496.91999999999996
P009824,O009824,Debit Card,Successful,1180.1599999999999
P009825,O009825,UPI,Successful,1096.6
P009826,O009826,Debit Card,Successful,965.57
P009827,O009827,Credit Card,Successful,882.98
P009828,O009828,Credit Card,Successful,461.22
P009829,O009829,UPI,Successful,408.2
P009830,O009830,Cash,Successful,1403.6100000000001
P009831,O009831,UPI,Successful,263.24
P009832,O009832,Credit Card,Refunded,783.8299999999999
P009833,O009833,Credit Card,Failed,1255.7799999999997
P009834,O009834,Credit Card,Successful,363.46999999999997
P009835,O009835,Debit Card,Successful,276.84999999999997
P009836,O009836,Credit Card,Successful,1127.84
P009837,O009837,UPI,Successful,661.72
P009838,O009838,Debit Card,Successful,829.98
P009839,O009839,UPI,Successful,923.1200000000001
P009840,O009840,Cash,Successful,669.5
P009841,O009841,Credit Card,Successful,1239.95
P009842,O009842,UPI,Successful,1518.31
P009843,O009843,Cash,Successful,1529.54
P009844,O009844,Cash,Successful,1120.04
P009845,O009845,Credit Card,Successful,620.24
P009846,O009846,Wallet,Successful,828.47
P009847,O009847,Cash,Successful,624.9599999999999
P009848,O009848,Debit Card,Failed,699.3499999999999
P009849,O009849,Credit Card,Successful,88.43
P009850,O009850,Debit Card,Successful,162.23
P009851,O009851,Wallet,Successful,1456.59
P009852,O009852,Credit Card,Failed,665.98
P009853,O009853,Debit Card,Successful,1542.6899999999998
P009854,O009854,Credit Card,Successful,835.61
P009855,O009855,Wallet,Successful,1176.16
P009856,O009856,Cash,Successful,1029.75
P009857,O009857,Cash,Successful,403.30999999999995
P009858,O009858,Wallet,Successful,682.18
P009859,O009859,UPI,Successful,1051.31
P009860,O009860,Wallet,Successful,649.29
P009861,O009861,Cash,Successful,390.2
P009862,O009862,Debit Card,Successful,1025.79
P009863,O009863,Credit Card,Successful,618.3
P009864,O009864,Debit Card,Refunded,1062.8600000000001
P009865,O009865,Wallet,Successful,477.60999999999996
P009866,O009866,Debit Card,Successful,1475.77
P009867,O009867,Cash,Successful,543.93
P009868,O009868,Credit Card,Successful,1448.8700000000001
P009869,O009869,UPI,Successful,604.28
P009870,O009870,UPI,Successful,1148.53
P009871,O009871,Cash,Successful,334.35
P009872,O009872,Wallet,Successful,1202.47
P009873,O009873,Cash,Successful,343.39
P009874,O009874,Wallet,Successful,1623.42
P009875,O009875,Debit Card,Successful,739.26
P009876,O009876,Wallet,Successful,242.97
P009877,O009877,UPI,Successful,706.46
P009878,O009878,Debit Card,Successful,1113.26
P009879,O009879,Wallet,Successful,219.54000000000002
P009880,O009880,UPI,Failed,1033.2900000000002
P009881,O009881,Cash,Failed,836.3299999999999
P009882,O009882,Wallet,Successful,529.02
P009883,O009883,Credit Card,Successful,1138.54
P009884,O009884,UPI,Failed,165.73
P009885,O009885,Wallet,Successful,855.95
P009886,O009886,Credit Card,Successful,836.25
P009887,O009887,Credit Card,Successful,252.37
P009888,O009888,Debit Card,Successful,336.93
P009889,O009889,UPI,Successful,676.94
P009890,O009890,Wallet,Successful,1074.0700000000002
P009891,O009891,Cash,Failed,159.54
P009892,O009892,Debit Card,Successful,121.15
P009893,O009893,Debit Card,Successful,418.77
P009894,O009894,Debit Card,Successful,822.8299999999999
P009895,O009895,Debit Card,Successful,139.1
P009896,O009896,UPI,Successful,1210.89
P009897,O009897,Cash,Successful,337.18
P009898,O009898,Debit Card,Successful,1448.17
P009899,O009899,Wallet,Refunded,399.02
P009900,O009900,UPI,Successful,716.49
P009901,O009901,UPI,Successful,992.01
P009902,O009902,Credit Card,Successful,755.3399999999999
P009903,O009903,Wallet,Successful,133.24
P009904,O009904,Wallet,Successful,1809.87
P009905,O009905,Credit Card,Successful,596.12
P009906,O009906,Cash,Successful,327.35
P009907,O009907,Debit Card,Successful,315.38
P009908,O009908,Debit Card,Successful,1534.0
P009909,O009909,Wallet,Successful,289.62
P009910,O009910,Wallet,Successful,534.25
P009911,O009911,Cash,Successful,163.54
P009912,O009912,Cash,Successful,1056.47
P009913,O009913,Debit Card,Successful,1081.24
P009914,O009914,Credit Card,Successful,1099.01
P009915,O009915,Credit Card,Successful,1280.61
P009916,O009916,Debit Card,Successful,1034.1699999999998
P009917,O009917,UPI,Successful,1547.06
P009918,O009918,Credit Card,Successful,958.5699999999999
P009919,O009919,Debit Card,Successful,632.37
P009920,O009920,UPI,Successful,132.28
P009921,O009921,Wallet,Successful,1367.72
P009922,O009922,Cash,Successful,762.54
P009923,O009923,Wallet,Successful,1032.17
P009924,O009924,Credit Card,Successful,1427.26
P009925,O009925,Debit Card,Successful,84.59
P009926,O009926,Cash,Refunded,1162.97
P009927,O009927,Wallet,Failed,651.97
P009928,O009928,Debit Card,Successful,238.39
P009929,O009929,Debit Card,Successful,980.96
P009930,O009930,Credit Card,Successful,944.02
P009931,O009931,Cash,Refunded,1312.3700000000001
P009932,O009932,Credit Card,Successful,1005.4300000000001
P009933,O009933,Debit Card,Successful,1495.22
P009934,O009934,UPI,Successful,873.43
P009935,O009935,UPI,Failed,678.69
P009936,O009936,Credit Card,Successful,588.95
P009937,O009937,Wallet,Successful,420.63
P009938,O009938,Debit Card,Successful,1125.5
P009939,O009939,Cash,Successful,1041.1
P009940,O009940,Cash,Successful,1729.29
P009941,O009941,Wallet,Successful,864.83
P009942,O009942,Cash,Successful,838.49
P009943,O009943,Credit Card,Successful,322.98
P009944,O009944,Cash,Successful,1144.7900000000002
P009945,O009945,Debit Card,Successful,1227.14
P009946,O009946,Credit Card,Successful,498.5799999999999
P009947,O009947,UPI,Successful,113.74
P009948,O009948,UPI,Successful,1056.3899999999999
P009949,O009949,Cash,Successful,115.77000000000001
P009950,O009950,Wallet,Successful,633.26
P009951,O009951,UPI,Successful,1076.8300000000002
P009952,O009952,UPI,Successful,603.27
P009953,O009953,Debit Card,Successful,468.49
P009954,O009954,Wallet,Successful,1523.62
P009955,O009955,UPI,Successful,564.3199999999999
P009956,O009956,Credit Card,Successful,384.67999999999995
P009957,O009957,Debit Card,Successful,724.5600000000001
P009958,O009958,Credit Card,Successful,306.74
P009959,O009959,Debit Card,Successful,1337.52
P009960,O009960,Debit Card,Successful,1279.5900000000001
P009961,O009961,Debit Card,Successful,108.41000000000001
P009962,O009962,Debit Card,Successful,1298.53
P009963,O009963,Cash,Successful,632.63
P009964,O009964,Debit Card,Failed,1266.7
P009965,O009965,Wallet,Successful,1358.82
P009966,O009966,Cash,Successful,543.64
P009967,O009967,Wallet,Successful,423.86
P009968,O009968,Cash,Successful,1310.6799999999998
P009969,O009969,Debit Card,Successful,1352.97
P009970,O009970,Credit Card,Successful,1214.1399999999999
P009971,O009971,Debit Card,Successful,910.41
P009972,O009972,Cash,Successful,877.1700000000001
P009973,O009973,Debit Card,Successful,586.92
P009974,O009974,Credit Card,Successful,832.88
P009975,O009975,Cash,Successful,1160.8400000000001
P009976,O009976,Debit Card,Successful,1217.5100000000002
P009977,O009977,UPI,Successful,438.43
P009978,O009978,Wallet,Successful,737.37
P009979,O009979,UPI,Successful,917.5799999999999
P009980,O009980,Credit Card,Successful,911.96
P009981,O009981,Cash,Successful,892.8199999999999
P009982,O009982,Wallet,Successful,1575.12
P009983,O009983,Wallet,Successful,1760.45
P009984,O009984,Cash,Successful,351.59999999999997
P009985,O009985,Wallet,Successful,1335.6999999999998
P009986,O009986,UPI,Successful,791.93
P009987,O009987,Credit Card,Successful,876.0899999999999
P009988,O009988,UPI,Successful,223.91000000000003
P009989,O009989,UPI,Failed,180.54000000000002
P009990,O009990,Debit Card,Successful,1663.4199999999998
P009991,O009991,UPI,Successful,1157.07
P009992,O009992,Credit Card,Successful,743.98
P009993,O009993,Wallet,Successful,1381.9399999999998
P009994,O009994,Credit Card,Successful,209.47999999999996
P009995,O009995,UPI,Successful,986.7600000000001
P009996,O009996,Credit Card,Successful,1131.01
P009997,O009997,Cash,Successful,703.26
P009998,O009998,Cash,Successful,519.74
P009999,O009999,Debit Card,Successful,1880.5
P010000,O010000,UPI,Successful,596.3
P010001,O010001,Cash,Successful,248.58
P010002,O010002,UPI,Successful,1267.8000000000002
P010003,O010003,Debit Card,Successful,918.49
P010004,O010004,Debit Card,Successful,1154.27
P010005,O010005,Wallet,Successful,1335.48
P010006,O010006,Cash,Successful,1203.8500000000001
P010007,O010007,Cash,Successful,441.6
P010008,O010008,Debit Card,Successful,1572.1299999999999
P010009,O010009,Cash,Failed,411.84000000000003
P010010,O010010,Debit Card,Successful,254.78
P010011,O010011,Cash,Successful,476.52
P010012,O010012,Cash,Successful,984.9
P010013,O010013,UPI,Successful,349.4
P010014,O010014,Debit Card,Successful,684.8100000000001
P010015,O010015,UPI,Successful,1021.87
P010016,O010016,Cash,Successful,687.87
P010017,O010017,UPI,Successful,244.10999999999999
P010018,O010018,Wallet,Successful,386.9
P010019,O010019,Credit Card,Successful,1287.35
P010020,O010020,Credit Card,Successful,1700.89
P010021,O010021,UPI,Successful,355.58
P010022,O010022,Debit Card,Successful,977.84
P010023,O010023,Debit Card,Refunded,1672.81
P010024,O010024,Credit Card,Successful,592.52
P010025,O010025,Wallet,Successful,1434.15
P010026,O010026,UPI,Successful,1415.7
P010027,O010027,Cash,Successful,638.52
P010028,O010028,Wallet,Successful,191.22
P010029,O010029,Debit Card,Successful,1291.0500000000002
P010030,O010030,Credit Card,Successful,547.73
P010031,O010031,Wallet,Successful,109.31
P010032,O010032,Cash,Successful,969.6700000000001
P010033,O010033,UPI,Failed,236.92000000000002
P010034,O010034,Cash,Successful,1387.3
P010035,O010035,Wallet,Failed,325.77
P010036,O010036,UPI,Successful,596.0799999999999
P010037,O010037,UPI,Successful,1152.2399999999998
P010038,O010038,Debit Card,Successful,1487.3
P010039,O010039,Debit Card,Successful,1637.94
P010040,O010040,Credit Card,Successful,770.56
P010041,O010041,Cash,Successful,1603.71
P010042,O010042,UPI,Successful,772.45
P010043,O010043,Cash,Refunded,1292.28
P010044,O010044,Wallet,Successful,779.8100000000001
P010045,O010045,Cash,Successful,1788.29
P010046,O010046,Wallet,Successful,1283.04
P010047,O010047,UPI,Successful,182.36
P010048,O010048,UPI,Failed,229.87
P010049,O010049,UPI,Successful,1367.53
P010050,O010050,Credit Card,Successful,1366.13
P010051,O010051,Cash,Failed,696.87
P010052,O010052,Cash,Successful,1048.09
P010053,O010053,Debit Card,Successful,1655.15
P010054,O010054,Wallet,Successful,220.5
P010055,O010055,Wallet,Successful,347.07
P010056,O010056,Credit Card,Successful,1105.49
P010057,O010057,Credit Card,Successful,191.26999999999998
P010058,O010058,Wallet,Successful,745.62
P010059,O010059,Cash,Successful,421.9100000000001
P010060,O010060,Wallet,Successful,1128.65
P010061,O010061,Credit Card,Failed,84.61000000000001
P010062,O010062,Wallet,Failed,270.1
P010063,O010063,Cash,Successful,232.16000000000003
P010064,O010064,Debit Card,Successful,618.8100000000001
P010065,O010065,Cash,Successful,446.05000000000007
P010066,O010066,Credit Card,Successful,378.5
P010067,O010067,Wallet,Successful,776.43
P010068,O010068,Wallet,Successful,471.15
P010069,O010069,Debit Card,Successful,254.36
P010070,O010070,Cash,Successful,1114.45
P010071,O010071,UPI,Refunded,1339.9499999999998
P010072,O010072,Wallet,Successful,982.7299999999999
P010073,O010073,Credit Card,Successful,1338.06
P010074,O010074,Credit Card,Successful,1419.81
P010075,O010075,Wallet,Successful,374.07
P010076,O010076,Debit Card,Successful,889.55
P010077,O010077,Credit Card,Failed,859.79
P010078,O010078,Credit Card,Failed,593.04
P010079,O010079,Debit Card,Successful,915.57
P010080,O010080,Debit Card,Successful,905.77
P010081,O010081,UPI,Failed,1516.5
P010082,O010082,Wallet,Successful,1390.92
P010083,O010083,UPI,Successful,276.61
P010084,O010084,Cash,Successful,386.45
P010085,O010085,Credit Card,Successful,452.48
P010086,O010086,Credit Card,Successful,568.9100000000001
P010087,O010087,UPI,Successful,943.0
P010088,O010088,UPI,Successful,721.32
P010089,O010089,Credit Card,Successful,1653.0900000000001
P010090,O010090,Wallet,Successful,234.23999999999998
P010091,O010091,Debit Card,Successful,415.33000000000004
P010092,O010092,Debit Card,Successful,1327.87
P010093,O010093,Debit Card,Successful,1158.98
P010094,O010094,Cash,Successful,962.1599999999999
P010095,O010095,Wallet,Successful,964.06
P010096,O010096,Debit Card,Successful,561.7199999999999
P010097,O010097,Wallet,Successful,1478.54
P010098,O010098,Debit Card,Successful,1030.8700000000001
P010099,O010099,Credit Card,Successful,163.39000000000001
P010100,O010100,UPI,Successful,321.69000000000005
P010101,O010101,UPI,Failed,1400.1499999999999
P010102,O010102,Wallet,Successful,562.1700000000001
P010103,O010103,UPI,Successful,1530.1499999999999
P010104,O010104,Wallet,Successful,1337.52
P010105,O010105,Credit Card,Successful,510.52
P010106,O010106,UPI,Successful,290.39
P010107,O010107,Credit Card,Successful,1402.46
P010108,O010108,Credit Card,Successful,1133.25
P010109,O010109,Credit Card,Successful,594.75
P010110,O010110,UPI,Successful,803.24
P010111,O010111,Cash,Successful,1065.27
P010112,O010112,Credit Card,Successful,73.64
P010113,O010113,Credit Card,Successful,1025.05
P010114,O010114,Wallet,Successful,1048.6
P010115,O010115,Wallet,Successful,207.86999999999998
P010116,O010116,Cash,Failed,1196.67
P010117,O010117,Cash,Successful,1226.54
P010118,O010118,Wallet,Successful,625.28
P010119,O010119,Cash,Successful,364.15
P010120,O010120,UPI,Failed,1064.98
P010121,O010121,Wallet,Successful,312.17
P010122,O010122,Wallet,Refunded,1425.99
P010123,O010123,Debit Card,Successful,775.25
P010124,O010124,Cash,Successful,1705.7900000000002
P010125,O010125,Credit Card,Refunded,1160.9099999999999
P010126,O010126,Credit Card,Successful,465.52
P010127,O010127,Wallet,Successful,883.62
P010128,O010128,Credit Card,Successful,905.16
P010129,O010129,Cash,Successful,1434.2
P010130,O010130,Credit Card,Successful,1280.36
P010131,O010131,Wallet,Successful,1219.8700000000001
P010132,O010132,Wallet,Successful,587.96
P010133,O010133,Wallet,Successful,1046.8799999999999
P010134,O010134,Wallet,Successful,311.7
P010135,O010135,Cash,Successful,429.30000000000007
P010136,O010136,UPI,Successful,640.17
P010137,O010137,Cash,Successful,187.83
P010138,O010138,Debit Card,Successful,1775.79
P010139,O010139,UPI,Failed,296.36
P010140,O010140,Debit Card,Successful,1224.94
P010141,O010141,Cash,Failed,1030.17
P010142,O010142,Credit Card,Successful,1335.5
P010143,O010143,UPI,Successful,1461.48
P010144,O010144,UPI,Successful,1501.84
P010145,O010145,Cash,Successful,796.09
P010146,O010146,Credit Card,Successful,1311.44
P010147,O010147,Wallet,Successful,199.06
P010148,O010148,Cash,Successful,724.54
P010149,O010149,Cash,Successful,1711.6
P010150,O010150,Wallet,Failed,1745.92
P010151,O010151,Wallet,Successful,233.02999999999997
P010152,O010152,Credit Card,Successful,1087.5
P010153,O010153,UPI,Successful,641.3100000000001
P010154,O010154,Cash,Successful,1453.34
P010155,O010155,Debit Card,Successful,1398.93
P010156,O010156,Wallet,Successful,96.94000000000001
P010157,O010157,UPI,Successful,1703.28
P010158,O010158,Credit Card,Successful,479.8399999999999
P010159,O010159,Credit Card,Successful,1730.75
P010160,O010160,UPI,Successful,1313.85
P010161,O010161,Debit Card,Successful,324.28999999999996
P010162,O010162,Wallet,Successful,1081.49
P010163,O010163,UPI,Successful,483.85
P010164,O010164,Credit Card,Successful,240.83
P010165,O010165,Cash,Successful,1497.79
P010166,O010166,Wallet,Successful,437.89
P010167,O010167,Wallet,Successful,887.8000000000001
P010168,O010168,Credit Card,Successful,1838.81
P010169,O010169,Credit Card,Refunded,232.22
P010170,O010170,Cash,Successful,1119.6699999999998
P010171,O010171,Wallet,Successful,1117.74
P010172,O010172,Wallet,Successful,1308.4199999999998
P010173,O010173,Credit Card,Failed,1419.21
P010174,O010174,Debit Card,Successful,812.33
P010175,O010175,Credit Card,Successful,1210.71
P010176,O010176,Cash,Successful,1614.6799999999998
P010177,O010177,Debit Card,Successful,1666.04
P010178,O010178,Debit Card,Successful,834.71
P010179,O010179,Cash,Successful,884.8
P010180,O010180,UPI,Successful,1043.11
P010181,O010181,Debit Card,Successful,1450.57
P010182,O010182,Cash,Successful,944.7
P010183,O010183,Credit Card,Successful,308.99
P010184,O010184,Cash,Successful,668.0500000000001
P010185,O010185,UPI,Successful,1370.3100000000002
P010186,O010186,Cash,Successful,1021.6800000000001
P010187,O010187,Credit Card,Successful,1182.3400000000001
P010188,O010188,UPI,Failed,772.8000000000001
P010189,O010189,Wallet,Successful,360.42
P010190,O010190,UPI,Successful,239.48999999999998
P010191,O010191,Cash,Successful,794.3199999999999
P010192,O010192,Credit Card,Successful,438.9
P010193,O010193,Wallet,Successful,1903.53
P010194,O010194,Debit Card,Successful,442.93
P010195,O010195,Credit Card,Successful,878.7
P010196,O010196,Debit Card,Successful,86.78999999999999
P010197,O010197,Debit Card,Successful,465.73999999999995
P010198,O010198,Credit Card,Successful,449.11
P010199,O010199,UPI,Successful,1201.5700000000002
P010200,O010200,Credit Card,Failed,774.1700000000001
P010201,O010201,Wallet,Successful,119.78
P010202,O010202,Credit Card,Successful,598.01
P010203,O010203,Debit Card,Successful,1002.04
P010204,O010204,UPI,Successful,954.9300000000001
P010205,O010205,Wallet,Successful,158.01
P010206,O010206,Wallet,Successful,1711.41
P010207,O010207,Debit Card,Failed,549.8299999999999
P010208,O010208,Debit Card,Successful,1724.13
P010209,O010209,Debit Card,Successful,429.83000000000004
P010210,O010210,UPI,Successful,1040.66
P010211,O010211,Wallet,Successful,700.5
P010212,O010212,UPI,Successful,1022.6899999999999
P010213,O010213,Cash,Failed,1006.62
P010214,O010214,Cash,Successful,103.82000000000001
P010215,O010215,UPI,Successful,737.98
P010216,O010216,Cash,Refunded,115.97
P010217,O010217,UPI,Successful,1096.38
P010218,O010218,Cash,Successful,1574.2900000000002
P010219,O010219,UPI,Successful,807.62
P010220,O010220,Credit Card,Successful,848.4999999999999
P010221,O010221,Wallet,Successful,161.58
P010222,O010222,UPI,Successful,806.8
P010223,O010223,Credit Card,Successful,258.71
P010224,O010224,Credit Card,Successful,159.38
P010225,O010225,Credit Card,Successful,359.87
P010226,O010226,UPI,Successful,1598.9099999999999
P010227,O010227,Cash,Failed,1884.74
P010228,O010228,UPI,Successful,1332.92
P010229,O010229,Cash,Refunded,1589.98
P010230,O010230,Debit Card,Successful,1197.69
P010231,O010231,UPI,Successful,299.25
P010232,O010232,UPI,Successful,1014.1899999999999
P010233,O010233,Wallet,Successful,1325.48
P010234,O010234,Debit Card,Successful,829.5999999999999
P010235,O010235,Debit Card,Successful,1050.9799999999998
P010236,O010236,Credit Card,Successful,1094.35
P010237,O010237,Wallet,Successful,874.17
P010238,O010238,Wallet,Successful,484.59000000000003
P010239,O010239,Cash,Successful,1004.0799999999999
P010240,O010240,UPI,Successful,184.04
P010241,O010241,Wallet,Successful,406.46
P010242,O010242,Cash,Failed,1639.06
P010243,O010243,UPI,Successful,836.0
P010244,O010244,Credit Card,Successful,1324.19
P010245,O010245,Debit Card,Successful,1391.41
P010246,O010246,Cash,Failed,656.28
P010247,O010247,Debit Card,Failed,1172.97
P010248,O010248,UPI,Successful,241.91
P010249,O010249,Wallet,Successful,1596.3600000000001
P010250,O010250,UPI,Successful,1102.31
P010251,O010251,Debit Card,Successful,1600.16
P010252,O010252,Wallet,Successful,1668.0900000000001
P010253,O010253,Debit Card,Successful,721.51
P010254,O010254,Wallet,Successful,1653.23
P010255,O010255,UPI,Successful,1071.63
P010256,O010256,Cash,Successful,348.49
P010257,O010257,Wallet,Successful,1415.68
P010258,O010258,Cash,Successful,1418.98
P010259,O010259,Cash,Successful,230.54
P010260,O010260,Cash,Successful,1562.23
P010261,O010261,UPI,Successful,887.94
P010262,O010262,Debit Card,Successful,112.58000000000001
P010263,O010263,Credit Card,Successful,1049.1100000000001
P010264,O010264,Debit Card,Successful,1510.46
P010265,O010265,Cash,Successful,891.76
P010266,O010266,Wallet,Successful,1185.9099999999999
P010267,O010267,Cash,Successful,1480.6200000000001
P010268,O010268,Wallet,Successful,1671.49
P010269,O010269,Credit Card,Successful,392.0
P010270,O010270,Wallet,Successful,703.89
P010271,O010271,UPI,Successful,243.64999999999998
P010272,O010272,Wallet,Successful,1169.71
P010273,O010273,Wallet,Successful,1668.88
P010274,O010274,Debit Card,Successful,386.34
P010275,O010275,Debit Card,Successful,734.63
P010276,O010276,UPI,Failed,1648.04
P010277,O010277,Debit Card,Successful,1295.65
P010278,O010278,Wallet,Successful,177.84
P010279,O010279,Wallet,Successful,807.2
P010280,O010280,Cash,Successful,1649.58
P010281,O010281,Wallet,Successful,786.1999999999999
P010282,O010282,Credit Card,Successful,929.53
P010283,O010283,Cash,Successful,1150.61
P010284,O010284,Wallet,Successful,1308.09
P010285,O010285,Wallet,Successful,895.8799999999999
P010286,O010286,Debit Card,Successful,282.35
P010287,O010287,Cash,Successful,1441.8700000000001
P010288,O010288,Cash,Successful,1831.0
P010289,O010289,UPI,Failed,1878.45
P010290,O010290,Cash,Successful,1209.67
P010291,O010291,UPI,Successful,1007.33
P010292,O010292,Debit Card,Successful,523.47
P010293,O010293,Credit Card,Successful,278.36999999999995
P010294,O010294,Wallet,Successful,1668.8100000000002
P010295,O010295,Credit Card,Successful,267.7
P010296,O010296,UPI,Failed,500.97
P010297,O010297,Wallet,Successful,1201.27
P010298,O010298,Cash,Failed,1256.98
P010299,O010299,Wallet,Successful,1380.88
P010300,O010300,UPI,Successful,1135.01
P010301,O010301,Cash,Successful,838.01
P010302,O010302,UPI,Successful,337.40000000000003
P010303,O010303,Wallet,Successful,1610.5500000000002
P010304,O010304,UPI,Successful,1537.84
P010305,O010305,Cash,Successful,837.5200000000001
P010306,O010306,Credit Card,Successful,928.0899999999999
P010307,O010307,Wallet,Successful,672.62
P010308,O010308,Credit Card,Successful,1251.3200000000002
P010309,O010309,Credit Card,Successful,1252.0700000000002
P010310,O010310,Wallet,Successful,414.27000000000004
P010311,O010311,Debit Card,Successful,790.7199999999999
P010312,O010312,UPI,Successful,1254.49
P010313,O010313,UPI,Successful,1461.3400000000001
P010314,O010314,Cash,Successful,572.26
P010315,O010315,Cash,Successful,1227.92
P010316,O010316,Wallet,Successful,610.3599999999999
P010317,O010317,Debit Card,Successful,255.2
P010318,O010318,Credit Card,Successful,1332.3899999999999
P010319,O010319,Credit Card,Successful,1203.25
P010320,O010320,Credit Card,Successful,807.87
P010321,O010321,Wallet,Successful,1138.37
P010322,O010322,Debit Card,Successful,1389.64
P010323,O010323,UPI,Successful,1232.83
P010324,O010324,Cash,Successful,1478.82
P010325,O010325,Credit Card,Successful,493.84
P010326,O010326,Wallet,Failed,1321.68
P010327,O010327,Wallet,Successful,730.68
P010328,O010328,Debit Card,Successful,127.09
P010329,O010329,Debit Card,Successful,136.89000000000001
P010330,O010330,UPI,Successful,1067.6000000000001
P010331,O010331,Credit Card,Successful,515.26
P010332,O010332,Debit Card,Successful,605.25
P010333,O010333,UPI,Successful,1042.3500000000001
P010334,O010334,Wallet,Failed,1290.0099999999998
P010335,O010335,Debit Card,Successful,868.5000000000001
P010336,O010336,Cash,Successful,1081.73
P010337,O010337,Wallet,Successful,1629.63
P010338,O010338,Debit Card,Successful,1307.04
P010339,O010339,Wallet,Successful,525.26
P010340,O010340,Credit Card,Successful,1618.42
P010341,O010341,Cash,Successful,648.92
P010342,O010342,Wallet,Successful,1026.7199999999998
P010343,O010343,Credit Card,Successful,1246.46
P010344,O010344,Wallet,Successful,1062.29
P010345,O010345,UPI,Successful,1256.55
P010346,O010346,Cash,Successful,1637.63
P010347,O010347,Credit Card,Successful,1610.83
P010348,O010348,Credit Card,Successful,788.48
P010349,O010349,Credit Card,Successful,1571.02
P010350,O010350,UPI,Successful,570.6700000000001
P010351,O010351,UPI,Successful,933.18
P010352,O010352,Debit Card,Successful,1128.77
P010353,O010353,UPI,Successful,1439.4299999999998
P010354,O010354,Wallet,Failed,150.34
P010355,O010355,UPI,Successful,1429.25
P010356,O010356,UPI,Successful,1560.33
P010357,O010357,Debit Card,Successful,1348.43
P010358,O010358,Debit Card,Successful,286.64
P010359,O010359,Cash,Successful,1254.12
P010360,O010360,UPI,Successful,953.3299999999999
P010361,O010361,Debit Card,Successful,92.72999999999999
P010362,O010362,Credit Card,Successful,1616.04
P010363,O010363,Wallet,Successful,358.66
P010364,O010364,UPI,Successful,632.0600000000001
P010365,O010365,Credit Card,Successful,130.26000000000002
P010366,O010366,Debit Card,Successful,562.03
P010367,O010367,Debit Card,Successful,965.1299999999999
P010368,O010368,UPI,Successful,1382.7199999999998
P010369,O010369,Wallet,Successful,1900.26
P010370,O010370,Debit Card,Successful,887.65
P010371,O010371,UPI,Failed,852.16
P010372,O010372,Credit Card,Successful,344.95
P010373,O010373,Wallet,Successful,899.45
P010374,O010374,Cash,Successful,1596.42
P010375,O010375,Credit Card,Successful,400.04
P010376,O010376,Wallet,Successful,462.0799999999999
P010377,O010377,Cash,Successful,1630.94
P010378,O010378,Credit Card,Successful,936.74
P010379,O010379,UPI,Successful,544.52
P010380,O010380,Credit Card,Successful,1612.92
P010381,O010381,Debit Card,Successful,302.09999999999997
P010382,O010382,Cash,Successful,1404.27
P010383,O010383,Credit Card,Failed,1059.07
P010384,O010384,Cash,Successful,1274.3000000000002
P010385,O010385,Wallet,Successful,1059.17
P010386,O010386,UPI,Successful,486.24999999999994
P010387,O010387,Credit Card,Failed,1151.9399999999998
P010388,O010388,Cash,Successful,324.23
P010389,O010389,Credit Card,Successful,479.39
P010390,O010390,UPI,Successful,1095.67
P010391,O010391,Wallet,Failed,628.51
P010392,O010392,Debit Card,Successful,1379.77
P010393,O010393,Debit Card,Successful,1184.33
P010394,O010394,Debit Card,Successful,700.7099999999999
P010395,O010395,Cash,Successful,531.0
P010396,O010396,Cash,Successful,1680.6100000000001
P010397,O010397,Wallet,Refunded,152.34
P010398,O010398,Debit Card,Successful,1242.3200000000002
P010399,O010399,UPI,Successful,832.35
P010400,O010400,Wallet,Successful,604.15
P010401,O010401,Debit Card,Successful,1033.83
P010402,O010402,Debit Card,Successful,1666.5800000000002
P010403,O010403,Wallet,Successful,1417.8400000000001
P010404,O010404,Cash,Successful,1368.8500000000001
P010405,O010405,Debit Card,Failed,734.41
P010406,O010406,Credit Card,Refunded,867.6500000000001
P010407,O010407,UPI,Successful,703.12
P010408,O010408,Debit Card,Successful,328.91
P010409,O010409,Credit Card,Successful,1126.84
P010410,O010410,Debit Card,Successful,627.35
P010411,O010411,Cash,Successful,1114.7
P010412,O010412,Debit Card,Successful,1056.15
P010413,O010413,Debit Card,Successful,1855.59
P010414,O010414,Cash,Successful,838.41
P010415,O010415,UPI,Successful,1141.9399999999998
P010416,O010416,UPI,Successful,1132.3899999999999
P010417,O010417,Debit Card,Successful,997.5999999999999
P010418,O010418,UPI,Successful,519.55
P010419,O010419,UPI,Successful,565.76
P010420,O010420,Debit Card,Successful,1019.0700000000002
P010421,O010421,UPI,Successful,1349.49
P010422,O010422,UPI,Successful,1253.48
P010423,O010423,Cash,Successful,926.73
P010424,O010424,UPI,Successful,566.03
P010425,O010425,UPI,Successful,1330.06
P010426,O010426,Debit Card,Failed,1805.53
P010427,O010427,Credit Card,Successful,448.58000000000004
P010428,O010428,UPI,Successful,1561.85
P010429,O010429,Cash,Successful,340.9
P010430,O010430,Debit Card,Successful,1391.62
P010431,O010431,Wallet,Refunded,1223.48
P010432,O010432,Credit Card,Successful,433.97
P010433,O010433,Credit Card,Successful,151.31
P010434,O010434,Wallet,Successful,1181.02
P010435,O010435,Debit Card,Successful,963.25
P010436,O010436,Wallet,Successful,1109.02
P010437,O010437,Credit Card,Successful,904.73
P010438,O010438,Debit Card,Successful,922.0600000000001
P010439,O010439,Wallet,Successful,1521.8
P010440,O010440,Cash,Successful,1652.71
P010441,O010441,UPI,Successful,661.76
P010442,O010442,Credit Card,Successful,915.0600000000001
P010443,O010443,Wallet,Successful,483.53
P010444,O010444,Debit Card,Successful,807.45
P010445,O010445,Credit Card,Successful,1428.99
P010446,O010446,Debit Card,Successful,830.63
P010447,O010447,Cash,Successful,699.69
P010448,O010448,Credit Card,Successful,1221.03
P010449,O010449,UPI,Successful,90.43
P010450,O010450,UPI,Successful,1219.81
P010451,O010451,Wallet,Successful,357.07
P010452,O010452,Credit Card,Failed,473.24
P010453,O010453,Cash,Successful,708.43
P010454,O010454,Cash,Successful,1653.85
P010455,O010455,Credit Card,Successful,1510.43
P010456,O010456,Wallet,Successful,953.13
P010457,O010457,Credit Card,Successful,735.74
P010458,O010458,Wallet,Successful,859.6600000000001
P010459,O010459,UPI,Successful,1040.35
P010460,O010460,Wallet,Successful,1407.9499999999998
P010461,O010461,Credit Card,Successful,1535.49
P010462,O010462,Wallet,Successful,1363.73
P010463,O010463,Cash,Successful,1102.97
P010464,O010464,Cash,Successful,600.36
P010465,O010465,Debit Card,Successful,497.15
P010466,O010466,Credit Card,Successful,940.22
P010467,O010467,Wallet,Successful,679.62
P010468,O010468,Cash,Successful,225.29000000000002
P010469,O010469,Credit Card,Successful,961.3800000000001
P010470,O010470,Credit Card,Successful,1080.9299999999998
P010471,O010471,Debit Card,Successful,1000.76
P010472,O010472,Debit Card,Successful,169.99
P010473,O010473,Debit Card,Successful,757.3499999999999
P010474,O010474,Debit Card,Successful,1258.18
P010475,O010475,UPI,Successful,1880.71
P010476,O010476,Credit Card,Successful,117.19
P010477,O010477,Debit Card,Successful,1372.46
P010478,O010478,Cash,Successful,162.14
P010479,O010479,Wallet,Successful,302.29
P010480,O010480,Debit Card,Successful,327.07000000000005
P010481,O010481,Cash,Successful,604.73
P010482,O010482,UPI,Successful,1188.96
P010483,O010483,Debit Card,Successful,1489.3899999999999
P010484,O010484,Debit Card,Successful,571.97
P010485,O010485,Credit Card,Successful,676.22
P010486,O010486,Cash,Successful,492.91
P010487,O010487,UPI,Successful,674.31
P010488,O010488,Wallet,Successful,565.2800000000001
P010489,O010489,Cash,Successful,332.65
P010490,O010490,Debit Card,Successful,401.06
P010491,O010491,UPI,Successful,1443.5
P010492,O010492,Cash,Successful,248.89
P010493,O010493,Debit Card,Successful,899.87
P010494,O010494,UPI,Successful,396.77000000000004
P010495,O010495,UPI,Successful,1458.71
P010496,O010496,Cash,Successful,512.01
P010497,O010497,UPI,Successful,132.35000000000002
P010498,O010498,Wallet,Successful,828.5400000000001
P010499,O010499,Cash,Successful,1439.6
P010500,O010500,Wallet,Successful,1162.24
P010501,O010501,UPI,Successful,849.1700000000001
P010502,O010502,Credit Card,Successful,356.62
P010503,O010503,Credit Card,Failed,311.02
P010504,O010504,UPI,Successful,1387.24
P010505,O010505,Wallet,Failed,1235.71
P010506,O010506,Wallet,Successful,697.9399999999999
P010507,O010507,Wallet,Successful,690.4699999999999
P010508,O010508,Credit Card,Successful,1276.32
P010509,O010509,Credit Card,Successful,1049.63
P010510,O010510,Wallet,Successful,748.91
P010511,O010511,Debit Card,Successful,467.53999999999996
P010512,O010512,Debit Card,Successful,300.46000000000004
P010513,O010513,Cash,Successful,1061.6599999999999
P010514,O010514,Credit Card,Successful,1660.8
P010515,O010515,Cash,Successful,1117.51
P010516,O010516,Credit Card,Successful,1408.17
P010517,O010517,UPI,Successful,1635.84
P010518,O010518,Wallet,Successful,719.35
P010519,O010519,Debit Card,Successful,255.47999999999996
P010520,O010520,Wallet,Successful,211.29999999999998
P010521,O010521,Credit Card,Successful,1543.28
P010522,O010522,UPI,Successful,1005.4399999999999
P010523,O010523,Wallet,Successful,1460.11
P010524,O010524,Credit Card,Successful,1103.78
P010525,O010525,Credit Card,Successful,788.3
P010526,O010526,Wallet,Successful,358.31
P010527,O010527,UPI,Successful,1391.2800000000002
P010528,O010528,Cash,Successful,166.76
P010529,O010529,Debit Card,Successful,1355.8500000000001
P010530,O010530,Cash,Successful,480.38
P010531,O010531,Credit Card,Successful,106.16
P010532,O010532,Wallet,Successful,237.08999999999997
P010533,O010533,Debit Card,Successful,1323.46
P010534,O010534,UPI,Successful,182.32999999999998
P010535,O010535,Wallet,Successful,676.82
P010536,O010536,UPI,Failed,414.64
P010537,O010537,Debit Card,Successful,154.68
P010538,O010538,Debit Card,Successful,984.68
P010539,O010539,Cash,Successful,1888.1499999999999
P010540,O010540,Cash,Successful,1603.57
P010541,O010541,Wallet,Successful,419.79999999999995
P010542,O010542,UPI,Successful,1615.45
P010543,O010543,Cash,Failed,870.26
P010544,O010544,UPI,Successful,606.68
P010545,O010545,Cash,Successful,1182.1
P010546,O010546,Debit Card,Successful,465.45000000000005
P010547,O010547,Cash,Successful,1346.7199999999998
P010548,O010548,Credit Card,Successful,1225.67
P010549,O010549,Cash,Successful,280.47
P010550,O010550,Wallet,Successful,1138.05
P010551,O010551,Debit Card,Failed,910.45
P010552,O010552,Credit Card,Successful,775.79
P010553,O010553,Wallet,Successful,649.09
P010554,O010554,Cash,Successful,807.04
P010555,O010555,Wallet,Successful,1138.3000000000002
P010556,O010556,UPI,Successful,1122.99
P010557,O010557,UPI,Successful,1317.26
P010558,O010558,Wallet,Successful,175.79000000000002
P010559,O010559,UPI,Successful,866.8399999999999
P010560,O010560,Debit Card,Successful,1346.3600000000001
P010561,O010561,Debit Card,Successful,252.56
P010562,O010562,Debit Card,Failed,1553.3799999999999
P010563,O010563,Credit Card,Successful,430.89
P010564,O010564,Wallet,Successful,1660.46
P010565,O010565,Wallet,Successful,1225.96
P010566,O010566,UPI,Successful,1146.5700000000002
P010567,O010567,UPI,Successful,1256.73
P010568,O010568,UPI,Successful,1842.44
P010569,O010569,Cash,Successful,1740.51
P010570,O010570,UPI,Refunded,1129.16
P010571,O010571,Wallet,Successful,641.29
P010572,O010572,Cash,Refunded,1478.3200000000002
P010573,O010573,Cash,Successful,1261.05
P010574,O010574,Cash,Successful,699.97
P010575,O010575,UPI,Successful,1726.98
P010576,O010576,Debit Card,Successful,1375.87
P010577,O010577,Debit Card,Successful,840.57
P010578,O010578,UPI,Successful,877.98
P010579,O010579,Debit Card,Successful,1970.86
P010580,O010580,Credit Card,Successful,787.06
P010581,O010581,Wallet,Successful,222.4
P010582,O010582,Cash,Successful,1101.99
P010583,O010583,Credit Card,Successful,1756.53
P010584,O010584,Cash,Failed,915.77
P010585,O010585,Credit Card,Successful,1586.9899999999998
P010586,O010586,Credit Card,Successful,200.03
P010587,O010587,UPI,Successful,1152.04
P010588,O010588,Debit Card,Successful,217.19
P010589,O010589,Cash,Successful,822.3
P010590,O010590,UPI,Successful,751.8399999999999
P010591,O010591,UPI,Successful,1520.99
P010592,O010592,UPI,Successful,344.1
P010593,O010593,Credit Card,Successful,100.21000000000001
P010594,O010594,Credit Card,Refunded,356.09000000000003
P010595,O010595,Debit Card,Successful,308.76
P010596,O010596,Wallet,Successful,462.54
P010597,O010597,Credit Card,Successful,1364.8200000000002
P010598,O010598,Debit Card,Successful,711.3100000000001
P010599,O010599,Wallet,Successful,1437.88
P010600,O010600,Wallet,Successful,542.62
P010601,O010601,Cash,Successful,1683.18
P010602,O010602,UPI,Successful,92.49000000000001
P010603,O010603,UPI,Successful,1314.9499999999998
P010604,O010604,Cash,Successful,1466.28
P010605,O010605,UPI,Successful,620.48
P010606,O010606,Cash,Successful,873.9100000000001
P010607,O010607,Credit Card,Successful,1370.3600000000001
P010608,O010608,Cash,Successful,905.8999999999999
P010609,O010609,Debit Card,Successful,386.25
P010610,O010610,UPI,Successful,1100.6000000000001
P010611,O010611,Wallet,Successful,1525.49
P010612,O010612,Cash,Successful,1691.69
P010613,O010613,Debit Card,Successful,1185.09
P010614,O010614,UPI,Successful,279.27000000000004
P010615,O010615,Debit Card,Successful,1242.36
P010616,O010616,Wallet,Failed,1723.98
P010617,O010617,Credit Card,Successful,702.26
P010618,O010618,UPI,Successful,761.39
P010619,O010619,Wallet,Refunded,1033.5
P010620,O010620,UPI,Successful,389.41
P010621,O010621,Credit Card,Successful,1836.5900000000001
P010622,O010622,UPI,Successful,1597.12
P010623,O010623,Cash,Failed,257.01
P010624,O010624,Debit Card,Successful,1728.38
P010625,O010625,Debit Card,Successful,1351.34
P010626,O010626,UPI,Successful,529.3000000000001
P010627,O010627,Debit Card,Successful,1214.6399999999999
P010628,O010628,Credit Card,Successful,232.76
P010629,O010629,UPI,Successful,232.99999999999997
P010630,O010630,UPI,Successful,981.4300000000001
P010631,O010631,Debit Card,Successful,148.77999999999997
P010632,O010632,Debit Card,Successful,1309.21
P010633,O010633,UPI,Successful,1326.48
P010634,O010634,Credit Card,Successful,199.15
P010635,O010635,Credit Card,Successful,157.83
P010636,O010636,Debit Card,Successful,424.64000000000004
P010637,O010637,Cash,Successful,1515.3600000000001
P010638,O010638,UPI,Successful,1372.7800000000002
P010639,O010639,UPI,Successful,1322.03
P010640,O010640,UPI,Successful,1541.77
P010641,O010641,Credit Card,Failed,348.82
P010642,O010642,Cash,Successful,522.91
P010643,O010643,Cash,Successful,665.36
P010644,O010644,UPI,Successful,880.9000000000001
P010645,O010645,Wallet,Successful,953.1799999999998
P010647,O010647,UPI,Successful,852.01
P010648,O010648,Credit Card,Successful,1214.94
P010649,O010649,Credit Card,Successful,521.3
P010650,O010650,Wallet,Successful,203.11
P010651,O010651,Wallet,Failed,424.45000000000005
P010652,O010652,Cash,Successful,393.37
P010653,O010653,Debit Card,Successful,1081.49
P010654,O010654,Wallet,Successful,188.91000000000003
P010655,O010655,Debit Card,Successful,1395.92
P010656,O010656,Credit Card,Successful,198.59999999999997
P010657,O010657,Wallet,Successful,1192.23
P010658,O010658,Wallet,Successful,1514.56
P010659,O010659,Wallet,Successful,167.35
P010660,O010660,Debit Card,Successful,731.28
P010661,O010661,Credit Card,Successful,663.32
P010662,O010662,Debit Card,Successful,645.5
P010663,O010663,UPI,Successful,1125.1799999999998
P010664,O010664,Cash,Successful,506.53
P010665,O010665,Debit Card,Successful,137.85
P010666,O010666,Debit Card,Successful,1683.79
P010667,O010667,Wallet,Successful,1104.63
P010668,O010668,Cash,Successful,258.64
P010669,O010669,UPI,Successful,677.6199999999999
P010670,O010670,Cash,Successful,187.20999999999998
P010671,O010671,Credit Card,Successful,145.22
P010672,O010672,Credit Card,Successful,139.52
P010673,O010673,Cash,Failed,1260.96
P010674,O010674,Debit Card,Successful,733.3
P010675,O010675,Cash,Successful,1621.2099999999998
P010676,O010676,Debit Card,Successful,614.6999999999999
P010677,O010677,Cash,Successful,1443.23
P010678,O010678,Cash,Successful,206.42000000000002
P010679,O010679,Debit Card,Successful,915.8
P010680,O010680,Cash,Successful,640.91
P010681,O010681,Credit Card,Successful,518.23
P010682,O010682,UPI,Successful,1273.26
P010683,O010683,Cash,Successful,179.05
P010684,O010684,Debit Card,Successful,1759.48
P010685,O010685,Credit Card,Successful,1192.15
P010686,O010686,Credit Card,Successful,552.14
P010687,O010687,Cash,Successful,1732.77
P010688,O010688,Wallet,Successful,478.73
P010689,O010689,Credit Card,Successful,818.12
P010690,O010690,Debit Card,Successful,1323.32
P010691,O010691,Credit Card,Successful,1921.16
P010692,O010692,Wallet,Successful,427.42999999999995
P010693,O010693,Debit Card,Successful,1230.5900000000001
P010694,O010694,Wallet,Failed,532.44
P010695,O010695,Credit Card,Successful,1436.5
P010696,O010696,Wallet,Successful,336.18
P010697,O010697,UPI,Successful,729.9100000000001
P010698,O010698,Cash,Successful,189.77
P010699,O010699,Cash,Successful,844.2099999999999
P010700,O010700,UPI,Successful,1071.58
P010701,O010701,Wallet,Successful,721.23
P010702,O010702,UPI,Successful,1056.63
P010703,O010703,Debit Card,Successful,903.5999999999999
P010704,O010704,UPI,Successful,561.4300000000001
P010705,O010705,Credit Card,Refunded,719.46
P010706,O010706,Debit Card,Successful,179.63
P010707,O010707,UPI,Successful,774.21
P010708,O010708,UPI,Successful,737.18
P010709,O010709,UPI,Successful,118.52000000000001
P010710,O010710,Wallet,Successful,1005.4199999999998
P010711,O010711,Credit Card,Successful,1406.84
P010712,O010712,UPI,Successful,784.86
P010713,O010713,Wallet,Successful,1153.8
P010714,O010714,Cash,Successful,820.9499999999999
P010715,O010715,Credit Card,Successful,1453.3
P010716,O010716,Wallet,Successful,970.52
P010717,O010717,Credit Card,Successful,693.63
P010718,O010718,Wallet,Successful,1179.8300000000002
P010719,O010719,Debit Card,Successful,220.53
P010720,O010720,UPI,Successful,458.31000000000006
P010721,O010721,Credit Card,Successful,964.4699999999999
P010722,O010722,Debit Card,Successful,1680.28
P010723,O010723,UPI,Refunded,226.26
P010724,O010724,Debit Card,Successful,254.79
P010725,O010725,Cash,Successful,586.81
P010726,O010726,Debit Card,Successful,534.3700000000001
P010727,O010727,Wallet,Successful,1389.42
P010728,O010728,Debit Card,Successful,1879.03
P010729,O010729,Wallet,Successful,111.80999999999999
P010730,O010730,UPI,Successful,94.41
P010731,O010731,Credit Card,Successful,1525.5
P010732,O010732,Debit Card,Successful,286.19
P010733,O010733,Credit Card,Successful,571.99
P010734,O010734,Credit Card,Successful,588.3299999999999
P010735,O010735,UPI,Successful,472.43999999999994
P010736,O010736,Cash,Successful,626.7900000000001
P010737,O010737,UPI,Successful,725.9300000000001
P010738,O010738,Cash,Successful,941.25
P010739,O010739,Credit Card,Refunded,1075.49
P010740,O010740,Wallet,Successful,1028.43
P010741,O010741,UPI,Successful,1566.3600000000001
P010742,O010742,Wallet,Successful,1415.24
P010743,O010743,Cash,Successful,455.16
P010744,O010744,Wallet,Successful,1053.6000000000001
P010745,O010745,Credit Card,Successful,1360.76
P010746,O010746,UPI,Failed,1650.07
P010747,O010747,Wallet,Successful,541.8000000000001
P010748,O010748,Wallet,Successful,781.15
P010749,O010749,UPI,Successful,1022.3
P010750,O010750,Wallet,Successful,1131.1399999999999
P010751,O010751,Credit Card,Successful,672.83
P010752,O010752,Credit Card,Failed,615.66
P010753,O010753,Wallet,Successful,1332.0900000000001
P010754,O010754,Debit Card,Successful,738.1
P010755,O010755,Cash,Successful,102.93
P010756,O010756,Cash,Successful,1821.72
P010757,O010757,Cash,Failed,297.08
P010758,O010758,UPI,Successful,379.72999999999996
P010759,O010759,Wallet,Successful,1463.52
P010760,O010760,Credit Card,Successful,649.84
P010761,O010761,Debit Card,Successful,529.6899999999999
P010762,O010762,Credit Card,Successful,984.55
P010763,O010763,Debit Card,Successful,179.66
P010764,O010764,UPI,Successful,471.03000000000003
P010765,O010765,Credit Card,Successful,167.07999999999998
P010766,O010766,Wallet,Successful,583.6800000000001
P010767,O010767,Wallet,Successful,1384.36
P010768,O010768,Wallet,Successful,1451.54
P010769,O010769,Credit Card,Successful,569.3299999999999
P010770,O010770,Debit Card,Successful,448.51000000000005
P010771,O010771,Debit Card,Refunded,343.43
P010772,O010772,Debit Card,Successful,839.39
P010773,O010773,Cash,Successful,1310.16
P010774,O010774,Cash,Successful,1473.61
P010775,O010775,Cash,Successful,133.60999999999999
P010776,O010776,Credit Card,Successful,355.39
P010777,O010777,Debit Card,Refunded,369.64
P010778,O010778,Wallet,Successful,1451.52
P010779,O010779,UPI,Successful,875.19
P010780,O010780,UPI,Successful,751.72
P010781,O010781,UPI,Successful,1783.8
P010782,O010782,Credit Card,Successful,1306.1200000000001
P010783,O010783,Cash,Successful,787.25
P010784,O010784,Cash,Successful,342.57
P010785,O010785,Cash,Successful,419.26000000000005
P010786,O010786,UPI,Successful,269.89
P010787,O010787,Cash,Successful,1207.63
P010788,O010788,Cash,Successful,1013.5200000000001
P010789,O010789,UPI,Successful,871.5899999999999
P010790,O010790,Credit Card,Successful,226.4
P010791,O010791,UPI,Successful,1555.43
P010792,O010792,Cash,Successful,995.9899999999999
P010793,O010793,Cash,Failed,223.99999999999997
P010794,O010794,Credit Card,Successful,1345.19
P010795,O010795,Cash,Successful,1841.71
P010796,O010796,UPI,Successful,761.46
P010797,O010797,Cash,Successful,261.97
P010798,O010798,Wallet,Successful,207.09000000000003
P010799,O010799,Cash,Successful,124.05999999999999
P010800,O010800,Credit Card,Successful,1153.6
P010801,O010801,Debit Card,Successful,1014.6399999999999
P010802,O010802,Credit Card,Successful,1052.22
P010803,O010803,Credit Card,Successful,1530.03
P010804,O010804,Debit Card,Successful,1912.63
P010805,O010805,Credit Card,Successful,732.96
P010806,O010806,Cash,Successful,1055.0
P010807,O010807,Debit Card,Successful,656.36
P010808,O010808,Debit Card,Successful,722.43
P010809,O010809,Credit Card,Successful,1355.69
P010810,O010810,UPI,Successful,872.26
P010811,O010811,Credit Card,Successful,326.19
P010812,O010812,Wallet,Successful,803.55
P010813,O010813,Cash,Failed,1539.31
P010814,O010814,Wallet,Successful,1442.35
P010815,O010815,Cash,Successful,928.45
P010816,O010816,Debit Card,Successful,707.76
P010817,O010817,Debit Card,Successful,431.5
P010818,O010818,UPI,Successful,724.11
P010819,O010819,Wallet,Successful,943.3
P010820,O010820,Debit Card,Successful,89.53999999999999
P010821,O010821,Wallet,Successful,601.33
P010822,O010822,Debit Card,Successful,989.1300000000001
P010823,O010823,Wallet,Successful,1231.94
P010824,O010824,UPI,Successful,1017.9000000000001
P010825,O010825,Wallet,Successful,1442.0100000000002
P010826,O010826,Debit Card,Successful,838.29
P010827,O010827,UPI,Failed,552.45
P010828,O010828,Debit Card,Successful,1150.72
P010829,O010829,Debit Card,Successful,764.09
P010830,O010830,Credit Card,Successful,479.53999999999996
P010831,O010831,UPI,Successful,912.51
P010832,O010832,Wallet,Successful,618.99
P010833,O010833,Credit Card,Successful,784.5600000000001
P010834,O010834,Debit Card,Successful,1107.48
P010835,O010835,Cash,Successful,1409.92
P010836,O010836,Cash,Successful,1033.7
P010837,O010837,Wallet,Successful,463.54999999999995
P010838,O010838,UPI,Successful,268.82
P010839,O010839,UPI,Successful,651.38
P010840,O010840,Debit Card,Successful,99.21000000000001
P010841,O010841,Debit Card,Successful,781.78
P010842,O010842,Wallet,Refunded,1079.2
P010843,O010843,Wallet,Successful,1007.0900000000001
P010844,O010844,UPI,Successful,1293.48
P010845,O010845,Credit Card,Successful,769.1400000000001
P010846,O010846,Credit Card,Successful,798.27
P010847,O010847,Credit Card,Successful,600.29
P010848,O010848,UPI,Successful,1273.2
P010849,O010849,Wallet,Successful,1563.3899999999999
P010850,O010850,Cash,Successful,1474.83
P010851,O010851,Wallet,Successful,1678.54
P010852,O010852,Debit Card,Successful,1621.3899999999999
P010853,O010853,Credit Card,Successful,1126.72
P010854,O010854,Debit Card,Successful,1076.1
P010855,O010855,Cash,Refunded,395.8
P010856,O010856,UPI,Successful,1245.39
P010857,O010857,Cash,Successful,1068.08
P010858,O010858,Debit Card,Successful,1473.01
P010859,O010859,Credit Card,Successful,714.95
P010860,O010860,Cash,Successful,1516.46
P010861,O010861,Debit Card,Successful,1037.3
P010862,O010862,Debit Card,Successful,324.12
P010863,O010863,Cash,Successful,365.96000000000004
P010864,O010864,UPI,Successful,1311.29
P010865,O010865,Cash,Successful,672.0300000000001
P010866,O010866,Credit Card,Successful,471.2
P010867,O010867,Credit Card,Successful,749.23
P010868,O010868,Cash,Successful,300.04
P010869,O010869,Cash,Successful,1786.19
P010870,O010870,Debit Card,Successful,202.02999999999997
P010871,O010871,UPI,Successful,569.87
P010872,O010872,Wallet,Successful,1090.01
P010873,O010873,Credit Card,Successful,1254.1200000000001
P010874,O010874,Wallet,Successful,1232.8000000000002
P010875,O010875,UPI,Successful,109.97999999999999
P010876,O010876,UPI,Successful,1334.97
P010877,O010877,Debit Card,Successful,1136.25
P010878,O010878,Credit Card,Successful,304.49
P010879,O010879,UPI,Successful,952.7
P010880,O010880,UPI,Successful,1584.96
P010881,O010881,Wallet,Successful,1049.17
P010882,O010882,Debit Card,Successful,1812.5600000000002
P010883,O010883,Wallet,Successful,749.3199999999999
P010884,O010884,Credit Card,Failed,1377.42
P010885,O010885,Debit Card,Successful,229.25
P010886,O010886,Cash,Successful,1167.6499999999999
P010887,O010887,Debit Card,Failed,1076.04
P010888,O010888,Wallet,Successful,1117.8899999999999
P010889,O010889,Cash,Successful,1252.02
P010890,O010890,Debit Card,Successful,1052.2
P010891,O010891,Cash,Successful,1130.84
P010892,O010892,UPI,Successful,959.3600000000001
P010893,O010893,Credit Card,Failed,1045.49
P010894,O010894,Cash,Successful,299.16
P010895,O010895,Debit Card,Successful,956.28
P010896,O010896,UPI,Successful,898.6000000000001
P010897,O010897,Wallet,Successful,1005.98
P010898,O010898,UPI,Successful,803.25
P010899,O010899,Cash,Successful,268.9
P010900,O010900,Credit Card,Successful,276.42
P010901,O010901,Cash,Successful,1379.0800000000002
P010902,O010902,Credit Card,Successful,1356.62
P010903,O010903,Wallet,Successful,475.14
P010904,O010904,Wallet,Successful,811.98
P010905,O010905,Credit Card,Successful,614.63
P010906,O010906,UPI,Failed,321.83
P010907,O010907,Cash,Successful,508.44000000000005
P010908,O010908,Debit Card,Successful,431.85
P010909,O010909,UPI,Successful,218.10000000000002
P010910,O010910,Credit Card,Failed,835.16
P010911,O010911,UPI,Successful,907.4399999999999
P010912,O010912,UPI,Successful,1041.92
P010913,O010913,Wallet,Failed,1169.77
P010914,O010914,UPI,Successful,708.91
P010915,O010915,Credit Card,Successful,1024.16
P010916,O010916,Credit Card,Successful,933.8699999999999
P010917,O010917,UPI,Successful,1318.84
P010918,O010918,Wallet,Refunded,1885.28
P010919,O010919,Cash,Successful,1589.74
P010920,O010920,UPI,Successful,1072.48
P010921,O010921,Debit Card,Successful,1491.43
P010922,O010922,Debit Card,Successful,366.36
P010923,O010923,Cash,Successful,1382.26
P010924,O010924,Wallet,Successful,845.53
P010925,O010925,Wallet,Successful,367.49
P010926,O010926,Wallet,Successful,180.82
P010927,O010927,UPI,Successful,980.8499999999999
P010928,O010928,Wallet,Successful,475.69999999999993
P010929,O010929,UPI,Successful,487.76000000000005
P010930,O010930,Credit Card,Successful,595.75
P010931,O010931,Wallet,Successful,1197.19
P010932,O010932,Credit Card,Successful,325.09999999999997
P010933,O010933,Credit Card,Successful,1461.4499999999998
P010934,O010934,Cash,Successful,1572.43
P010935,O010935,Wallet,Successful,1003.94
P010936,O010936,Cash,Successful,539.19
P010937,O010937,UPI,Successful,148.51999999999998
P010938,O010938,Credit Card,Successful,710.36
P010939,O010939,Debit Card,Successful,1207.16
P010940,O010940,UPI,Successful,229.44
P010941,O010941,Cash,Successful,1473.95
P010942,O010942,Credit Card,Failed,938.26
P010943,O010943,Debit Card,Successful,1782.53
P010944,O010944,Wallet,Successful,604.06
P010945,O010945,Debit Card,Successful,1384.27
P010946,O010946,Debit Card,Successful,1206.29
P010947,O010947,Credit Card,Successful,398.03000000000003
P010948,O010948,UPI,Failed,324.39
P010949,O010949,Credit Card,Successful,234.04
P010950,O010950,Wallet,Refunded,1427.41
P010951,O010951,Cash,Successful,1054.78
P010952,O010952,Wallet,Successful,194.47999999999996
P010953,O010953,Debit Card,Successful,494.63000000000005
P010954,O010954,Credit Card,Successful,359.65999999999997
P010955,O010955,UPI,Refunded,197.18999999999997
P010956,O010956,Wallet,Successful,533.3599999999999
P010957,O010957,Wallet,Successful,204.64999999999998
P010958,O010958,Wallet,Successful,522.82
P010959,O010959,UPI,Successful,1115.0600000000002
P010960,O010960,Cash,Successful,1059.95
P010961,O010961,Cash,Successful,332.46999999999997
P010962,O010962,Credit Card,Successful,352.49
P010963,O010963,Wallet,Successful,1698.52
P010964,O010964,Debit Card,Successful,356.24
P010965,O010965,Wallet,Refunded,183.29999999999998
P010966,O010966,Credit Card,Successful,418.74
P010967,O010967,Wallet,Successful,1024.41
P010968,O010968,UPI,Failed,82.52000000000001
P010969,O010969,Wallet,Successful,1925.01
P010970,O010970,UPI,Failed,484.43
P010971,O010971,Debit Card,Successful,440.29999999999995
P010972,O010972,Cash,Successful,1370.9599999999998
P010973,O010973,Credit Card,Successful,427.23999999999995
P010974,O010974,Debit Card,Successful,600.25
P010975,O010975,UPI,Successful,1037.83
P010976,O010976,Cash,Successful,126.23
P010977,O010977,Wallet,Successful,1200.1699999999998
P010978,O010978,UPI,Failed,957.6500000000001
P010979,O010979,Credit Card,Successful,578.6999999999999
P010980,O010980,Wallet,Successful,661.22
P010981,O010981,UPI,Successful,178.97
P010982,O010982,Wallet,Successful,1300.49
P010983,O010983,Wallet,Successful,957.79
P010984,O010984,Wallet,Successful,1407.08
P010985,O010985,Cash,Successful,889.99
P010986,O010986,Credit Card,Successful,1497.79
P010987,O010987,Cash,Successful,431.84
P010988,O010988,Wallet,Successful,163.72
P010989,O010989,Cash,Successful,1388.8
P010990,O010990,Credit Card,Successful,555.44
P010991,O010991,Debit Card,Successful,1666.34
P010992,O010992,Debit Card,Successful,521.5699999999999
P010993,O010993,UPI,Successful,347.36
P010994,O010994,Debit Card,Successful,1202.76
P010995,O010995,Wallet,Successful,1538.43
P010996,O010996,Cash,Successful,1283.1899999999998
P010997,O010997,Debit Card,Successful,1443.07
P010998,O010998,Credit Card,Successful,851.22
P010999,O010999,Wallet,Successful,778.75
P011000,O011000,UPI,Successful,1359.53
P011001,O011001,Credit Card,Successful,1162.1799999999998
P011002,O011002,Cash,Successful,1496.7
P011003,O011003,Wallet,Successful,666.4000000000001
P011004,O011004,Wallet,Successful,128.31
P011005,O011005,Cash,Successful,1090.31
P011006,O011006,Debit Card,Successful,617.37
P011007,O011007,Wallet,Failed,543.8800000000001
P011008,O011008,Cash,Successful,922.2399999999999
P011009,O011009,Cash,Successful,1828.99
P011010,O011010,Debit Card,Successful,492.05
P011011,O011011,Wallet,Successful,686.86
P011012,O011012,UPI,Successful,1524.73
P011013,O011013,Cash,Successful,1502.1200000000001
P011014,O011014,Wallet,Successful,470.32000000000005
P011015,O011015,UPI,Successful,1142.74
P011016,O011016,Credit Card,Successful,885.59
P011017,O011017,Cash,Successful,1772.14
P011018,O011018,Debit Card,Successful,1327.8
P011019,O011019,Wallet,Successful,898.14
P011020,O011020,Credit Card,Successful,1588.37
P011021,O011021,Debit Card,Successful,1504.87
P011022,O011022,Cash,Successful,684.6800000000001
P011023,O011023,Wallet,Successful,627.1999999999999
P011024,O011024,UPI,Successful,904.1199999999999
P011025,O011025,Credit Card,Successful,1086.1799999999998
P011026,O011026,Credit Card,Successful,1248.1200000000001
P011027,O011027,Credit Card,Successful,881.89
P011028,O011028,Cash,Successful,694.85
P011029,O011029,Debit Card,Successful,1618.5700000000002
P011030,O011030,Cash,Successful,1794.14
P011031,O011031,Credit Card,Successful,1463.54
P011032,O011032,Cash,Successful,1339.94
P011033,O011033,Wallet,Successful,560.49
P011034,O011034,Cash,Successful,1198.64
P011035,O011035,Cash,Successful,219.12
P011036,O011036,Cash,Successful,840.6800000000001
P011037,O011037,Wallet,Successful,1517.2
P011038,O011038,Debit Card,Successful,453.98
P011039,O011039,Debit Card,Successful,792.6000000000001
P011040,O011040,Debit Card,Successful,175.76
P011041,O011041,Wallet,Successful,1208.5700000000002
P011042,O011042,UPI,Successful,551.86
P011043,O011043,Debit Card,Successful,1093.6000000000001
P011044,O011044,Debit Card,Successful,753.44
P011045,O011045,Credit Card,Successful,1088.1000000000001
P011046,O011046,UPI,Successful,1302.78
P011047,O011047,Debit Card,Successful,670.36
P011048,O011048,UPI,Successful,1058.54
P011049,O011049,Wallet,Successful,1293.08
P011050,O011050,Credit Card,Successful,1333.38
P011051,O011051,Debit Card,Successful,151.23
P011052,O011052,Cash,Successful,1078.74
P011053,O011053,Wallet,Failed,766.6899999999999
P011054,O011054,Credit Card,Successful,1362.41
P011055,O011055,Debit Card,Successful,120.23999999999998
P011056,O011056,Wallet,Successful,594.41
P011057,O011057,Debit Card,Successful,186.76
P011058,O011058,Cash,Failed,1579.21
P011059,O011059,Wallet,Successful,1447.76
P011060,O011060,Cash,Successful,1449.1399999999999
P011061,O011061,UPI,Successful,1190.05
P011062,O011062,Debit Card,Successful,1545.25
P011063,O011063,Cash,Successful,1098.31
P011064,O011064,UPI,Successful,935.94
P011065,O011065,UPI,Successful,1246.62
P011066,O011066,Debit Card,Successful,1112.73
P011067,O011067,Wallet,Successful,1184.89
P011068,O011068,Cash,Successful,1445.71
P011069,O011069,Credit Card,Successful,1465.09
P011070,O011070,UPI,Successful,813.3199999999999
P011071,O011071,Credit Card,Successful,517.13
P011072,O011072,Cash,Successful,1049.46
P011073,O011073,Cash,Successful,235.85
P011074,O011074,Credit Card,Successful,1694.8
P011075,O011075,Credit Card,Successful,1937.8999999999999
P011076,O011076,Cash,Successful,1121.1200000000001
P011077,O011077,Cash,Successful,1353.68
P011078,O011078,Wallet,Successful,588.3
P011079,O011079,Credit Card,Successful,1477.1200000000001
P011080,O011080,UPI,Successful,1660.54
P011081,O011081,Wallet,Successful,206.24
P011082,O011082,Credit Card,Successful,310.0
P011083,O011083,Wallet,Successful,431.03
P011084,O011084,Wallet,Successful,1275.05
P011085,O011085,Debit Card,Successful,442.99
P011086,O011086,Credit Card,Successful,399.46
P011087,O011087,Cash,Successful,586.87
P011088,O011088,Credit Card,Successful,1197.98
P011089,O011089,Credit Card,Successful,1384.46
P011090,O011090,Credit Card,Successful,1295.1100000000001
P011091,O011091,Cash,Failed,865.69
P011092,O011092,Credit Card,Successful,166.33
P011093,O011093,Debit Card,Successful,879.9300000000001
P011094,O011094,Cash,Successful,364.69
P011095,O011095,UPI,Successful,472.54999999999995
P011096,O011096,Debit Card,Successful,544.67
P011097,O011097,Credit Card,Successful,555.2
P011098,O011098,Debit Card,Successful,174.58999999999997
P011099,O011099,Wallet,Successful,856.26
P011100,O011100,Cash,Successful,169.09
P011101,O011101,UPI,Successful,1256.4899999999998
P011102,O011102,UPI,Successful,1325.29
P011103,O011103,Credit Card,Successful,751.9300000000001
P011104,O011104,UPI,Successful,1365.92
P011105,O011105,Debit Card,Successful,1384.84
P011106,O011106,UPI,Successful,691.86
P011107,O011107,Debit Card,Successful,1191.5
P011108,O011108,Wallet,Successful,569.5500000000001
P011109,O011109,UPI,Successful,859.9699999999999
P011110,O011110,Debit Card,Successful,134.16
P011111,O011111,Wallet,Successful,214.04999999999998
P011112,O011112,Cash,Refunded,1486.32
P011113,O011113,Credit Card,Successful,320.5
P011114,O011114,Cash,Successful,1348.47
P011115,O011115,Credit Card,Successful,1031.4699999999998
P011116,O011116,UPI,Successful,1513.56
P011117,O011117,Wallet,Successful,1062.9900000000002
P011118,O011118,Cash,Successful,313.83
P011119,O011119,Credit Card,Successful,958.75
P011120,O011120,Wallet,Failed,901.6399999999999
P011121,O011121,Debit Card,Successful,1811.67
P011122,O011122,Wallet,Refunded,1346.3999999999999
P011123,O011123,Wallet,Successful,939.9299999999998
P011124,O011124,Debit Card,Successful,1134.09
P011125,O011125,Credit Card,Successful,717.69
P011126,O011126,UPI,Successful,786.58
P011127,O011127,Debit Card,Successful,1090.39
P011128,O011128,Wallet,Successful,220.84
P011129,O011129,Debit Card,Successful,1027.0700000000002
P011130,O011130,UPI,Successful,227.70000000000002
P011131,O011131,Debit Card,Successful,1264.73
P011132,O011132,Debit Card,Successful,1386.45
P011133,O011133,UPI,Refunded,1556.8100000000002
P011134,O011134,Wallet,Successful,1212.93
P011135,O011135,Cash,Successful,1607.1799999999998
P011136,O011136,Credit Card,Successful,396.13000000000005
P011137,O011137,Cash,Failed,503.36999999999995
P011138,O011138,Debit Card,Successful,802.53
P011139,O011139,Cash,Refunded,88.88000000000001
P011140,O011140,Wallet,Successful,1918.1100000000001
P011141,O011141,UPI,Successful,140.41
P011142,O011142,UPI,Successful,870.6099999999999
P011143,O011143,Cash,Successful,702.88
P011144,O011144,Cash,Successful,217.19
P011145,O011145,Wallet,Successful,120.93
P011146,O011146,UPI,Successful,545.35
P011147,O011147,UPI,Successful,226.77999999999997
P011148,O011148,Wallet,Successful,1325.9199999999998
P011149,O011149,Debit Card,Successful,439.27
P011150,O011150,Cash,Successful,273.72
P011151,O011151,Credit Card,Successful,1537.8300000000002
P011152,O011152,Credit Card,Successful,756.27
P011153,O011153,Debit Card,Failed,1699.8700000000001
P011154,O011154,Credit Card,Successful,1349.7
P011155,O011155,Wallet,Successful,1975.81
P011156,O011156,Debit Card,Successful,1152.24
P011157,O011157,UPI,Successful,372.97
P011158,O011158,Wallet,Successful,917.23
P011159,O011159,Debit Card,Successful,831.8100000000002
P011160,O011160,UPI,Successful,798.8399999999999
P011161,O011161,Debit Card,Successful,577.4399999999999
P011162,O011162,Credit Card,Successful,380.65999999999997
P011163,O011163,Wallet,Successful,1301.06
P011164,O011164,Cash,Successful,218.69000000000003
P011165,O011165,UPI,Failed,158.25
P011166,O011166,Credit Card,Successful,735.74
P011167,O011167,Credit Card,Successful,1174.99
P011168,O011168,Wallet,Successful,1622.71
P011169,O011169,Credit Card,Successful,800.31
P011170,O011170,Credit Card,Successful,1357.6699999999998
P011171,O011171,Debit Card,Successful,130.23000000000002
P011172,O011172,Debit Card,Successful,805.73
P011173,O011173,UPI,Successful,275.23
P011174,O011174,UPI,Successful,918.4100000000001
P011175,O011175,Credit Card,Failed,1308.81
P011176,O011176,Wallet,Successful,106.53
P011177,O011177,UPI,Successful,1162.35
P011178,O011178,Debit Card,Successful,1561.41
P011179,O011179,Cash,Successful,1477.1299999999999
P011180,O011180,Wallet,Successful,133.25
P011181,O011181,Credit Card,Successful,396.87
P011182,O011182,Wallet,Successful,221.0
P011183,O011183,Credit Card,Successful,194.58
P011184,O011184,Debit Card,Successful,1292.81
P011185,O011185,UPI,Successful,756.01
P011186,O011186,Credit Card,Successful,1385.71
P011187,O011187,Credit Card,Successful,599.03
P011188,O011188,Debit Card,Successful,236.46999999999997
P011189,O011189,Debit Card,Successful,1251.6299999999999
P011190,O011190,UPI,Successful,1227.28
P011191,O011191,Credit Card,Successful,314.16999999999996
P011192,O011192,Credit Card,Successful,1557.57
P011193,O011193,Wallet,Successful,584.3900000000001
P011194,O011194,Cash,Successful,970.71
P011195,O011195,Credit Card,Successful,159.0
P011196,O011196,Debit Card,Successful,899.6999999999999
P011197,O011197,Wallet,Failed,1817.69
P011198,O011198,UPI,Failed,1491.4899999999998
P011199,O011199,Debit Card,Successful,476.0899999999999
P011200,O011200,Cash,Failed,1661.11
P011201,O011201,Cash,Successful,555.46
P011202,O011202,UPI,Successful,1698.28
P011203,O011203,UPI,Successful,1050.9
P011204,O011204,Credit Card,Successful,570.29
P011205,O011205,UPI,Failed,1681.15
P011206,O011206,Wallet,Successful,918.96
P011207,O011207,UPI,Failed,651.71
P011208,O011208,Credit Card,Successful,455.53999999999996
P011209,O011209,UPI,Successful,1515.0
P011210,O011210,UPI,Successful,1300.31
P011211,O011211,Cash,Successful,648.1199999999999
P011212,O011212,UPI,Successful,553.9
P011213,O011213,Debit Card,Successful,357.08
P011214,O011214,Debit Card,Refunded,409.64
P011215,O011215,Wallet,Successful,222.04000000000002
P011216,O011216,UPI,Successful,931.89
P011217,O011217,UPI,Successful,152.57999999999998
P011218,O011218,Debit Card,Successful,102.91
P011219,O011219,Cash,Successful,1087.1399999999999
P011220,O011220,UPI,Successful,266.57
P011221,O011221,Debit Card,Successful,1279.52
P011222,O011222,Wallet,Successful,234.96999999999997
P011223,O011223,Wallet,Successful,969.9599999999999
P011224,O011224,UPI,Successful,1272.48
P011225,O011225,Debit Card,Successful,433.40999999999997
P011226,O011226,Credit Card,Successful,1713.53
P011227,O011227,Wallet,Successful,711.0799999999999
P011228,O011228,Debit Card,Successful,672.82
P011229,O011229,Wallet,Successful,1780.3600000000001
P011230,O011230,UPI,Successful,1412.85
P011231,O011231,Credit Card,Successful,1246.94
P011232,O011232,Cash,Successful,511.29999999999995
P011233,O011233,Wallet,Successful,809.09
P011234,O011234,Cash,Successful,1256.57
P011235,O011235,Credit Card,Successful,384.09000000000003
P011236,O011236,Wallet,Successful,901.1500000000001
P011237,O011237,Wallet,Successful,1239.01
P011238,O011238,Wallet,Successful,1308.45
P011239,O011239,UPI,Successful,1246.05
P011240,O011240,Debit Card,Successful,1495.97
P011241,O011241,Credit Card,Successful,1427.05
P011242,O011242,UPI,Failed,804.5899999999999
P011243,O011243,Wallet,Successful,178.84
P011244,O011244,Credit Card,Successful,1274.7
P011245,O011245,Debit Card,Successful,317.82
P011246,O011246,Debit Card,Successful,416.45000000000005
P011247,O011247,UPI,Successful,1014.4300000000001
P011248,O011248,UPI,Successful,1473.8500000000001
P011249,O011249,Debit Card,Successful,1074.1399999999999
P011250,O011250,Debit Card,Successful,712.78
P011251,O011251,Cash,Successful,1843.81
P011252,O011252,Credit Card,Successful,1557.02
P011253,O011253,UPI,Successful,1299.24
P011254,O011254,Credit Card,Successful,794.14
P011255,O011255,Wallet,Successful,712.2
P011256,O011256,UPI,Successful,355.80999999999995
P011257,O011257,Debit Card,Successful,1295.93
P011258,O011258,Debit Card,Successful,1681.01
P011259,O011259,Credit Card,Successful,1337.62
P011260,O011260,Credit Card,Successful,835.8199999999999
P011261,O011261,Cash,Successful,1474.1399999999999
P011262,O011262,Wallet,Successful,1274.17
P011263,O011263,Debit Card,Successful,1532.7
P011264,O011264,Debit Card,Successful,1807.1000000000001
P011265,O011265,Wallet,Refunded,1547.99
P011266,O011266,Credit Card,Failed,569.8
P011267,O011267,Credit Card,Successful,1488.98
P011268,O011268,Wallet,Successful,675.36
P011269,O011269,Credit Card,Successful,827.66
P011270,O011270,Cash,Successful,1473.0300000000002
P011271,O011271,Wallet,Successful,666.38
P011272,O011272,Cash,Successful,129.38
P011273,O011273,Debit Card,Successful,1117.6
P011274,O011274,Wallet,Successful,1602.2400000000002
P011275,O011275,Credit Card,Successful,1352.56
P011276,O011276,Cash,Successful,1497.6000000000001
P011277,O011277,Wallet,Refunded,1449.82
P011278,O011278,Debit Card,Successful,1426.41
P011279,O011279,Credit Card,Successful,152.14
P011280,O011280,Debit Card,Successful,699.9
P011281,O011281,Credit Card,Successful,548.4300000000001
P011282,O011282,Wallet,Successful,515.5
P011283,O011283,Cash,Successful,1249.3899999999999
P011284,O011284,Credit Card,Successful,823.2900000000001
P011285,O011285,Credit Card,Successful,1628.23
P011286,O011286,Credit Card,Successful,883.8899999999999
P011287,O011287,UPI,Failed,902.3400000000001
P011288,O011288,UPI,Successful,785.43
P011289,O011289,Credit Card,Successful,1484.33
P011290,O011290,Credit Card,Failed,1054.6399999999999
P011291,O011291,UPI,Successful,621.74
P011292,O011292,UPI,Successful,1437.63
P011293,O011293,UPI,Successful,691.6399999999999
P011294,O011294,UPI,Successful,629.24
P011295,O011295,Cash,Successful,1365.8799999999999
P011296,O011296,Debit Card,Successful,412.88000000000005
P011297,O011297,Credit Card,Successful,1213.46
P011298,O011298,Credit Card,Successful,1323.8
P011299,O011299,Cash,Successful,1234.87
P011300,O011300,Credit Card,Successful,682.59
P011301,O011301,Wallet,Successful,1678.8000000000002
P011302,O011302,Debit Card,Successful,895.36
P011303,O011303,Wallet,Successful,161.07
P011304,O011304,UPI,Successful,419.07
P011305,O011305,Wallet,Failed,462.40999999999997
P011306,O011306,UPI,Successful,1466.98
P011307,O011307,Debit Card,Successful,342.19
P011308,O011308,Cash,Successful,1047.89
P011309,O011309,UPI,Successful,1071.94
P011310,O011310,Debit Card,Successful,1507.97
P011311,O011311,Credit Card,Successful,1374.9199999999998
P011312,O011312,Cash,Successful,1114.06
P011313,O011313,Cash,Successful,358.03
P011314,O011314,UPI,Successful,1072.34
P011315,O011315,Cash,Failed,632.83
P011316,O011316,UPI,Successful,1106.78
P011317,O011317,Wallet,Failed,1268.44
P011318,O011318,Cash,Successful,480.75000000000006
P011319,O011319,Cash,Successful,938.6999999999999
P011320,O011320,Cash,Successful,186.31
P011321,O011321,Wallet,Successful,1451.65
P011322,O011322,Wallet,Successful,1200.95
P011323,O011323,Debit Card,Successful,687.8000000000001
P011324,O011324,Debit Card,Successful,1474.2600000000002
P011325,O011325,UPI,Successful,1499.72
P011326,O011326,UPI,Successful,365.25
P011327,O011327,Credit Card,Successful,573.09
P011328,O011328,Credit Card,Successful,555.6099999999999
P011329,O011329,Cash,Successful,723.06
P011330,O011330,UPI,Successful,807.84
P011331,O011331,UPI,Successful,1060.73
P011332,O011332,Cash,Successful,131.83999999999997
P011333,O011333,Wallet,Failed,170.04
P011334,O011334,Debit Card,Successful,1291.06
P011335,O011335,Cash,Successful,904.4100000000001
P011336,O011336,Cash,Successful,197.86
P011337,O011337,Credit Card,Refunded,662.9100000000001
P011338,O011338,Credit Card,Successful,886.6200000000001
P011339,O011339,Cash,Successful,1175.0
P011340,O011340,UPI,Successful,293.95
P011341,O011341,Debit Card,Successful,1599.27
P011342,O011342,Wallet,Successful,948.21
P011343,O011343,UPI,Successful,980.7
P011344,O011344,Cash,Successful,1449.32
P011345,O011345,UPI,Successful,154.34
P011346,O011346,Cash,Successful,1191.1299999999999
P011347,O011347,UPI,Successful,907.5500000000001
P011348,O011348,Cash,Successful,185.04
P011349,O011349,Cash,Failed,1136.25
P011350,O011350,Cash,Successful,406.89
P011351,O011351,Debit Card,Failed,1202.23
P011352,O011352,Credit Card,Successful,728.27
P011353,O011353,UPI,Successful,1304.76
P011354,O011354,UPI,Successful,1650.23
P011355,O011355,UPI,Successful,1271.56
P011356,O011356,UPI,Successful,791.0799999999999
P011357,O011357,Cash,Successful,429.96999999999997
P011358,O011358,Wallet,Successful,1961.9399999999998
P011359,O011359,Debit Card,Successful,951.1299999999999
P011360,O011360,UPI,Successful,707.52
P011361,O011361,Cash,Successful,936.05
P011362,O011362,Debit Card,Successful,282.39
P011363,O011363,Debit Card,Successful,799.9499999999999
P011364,O011364,UPI,Successful,359.7
P011365,O011365,Debit Card,Successful,609.65
P011366,O011366,Wallet,Successful,906.1899999999999
P011367,O011367,Debit Card,Successful,1564.3999999999999
P011368,O011368,Credit Card,Successful,1123.9
P011369,O011369,Debit Card,Successful,678.88
P011370,O011370,Credit Card,Successful,299.05
P011371,O011371,Cash,Successful,1246.74
P011372,O011372,Cash,Refunded,697.15
P011373,O011373,UPI,Successful,176.83
P011374,O011374,Debit Card,Successful,1218.6299999999999
P011375,O011375,UPI,Failed,566.8900000000001
P011376,O011376,Wallet,Successful,634.31
P011377,O011377,Debit Card,Successful,1603.98
P011378,O011378,Debit Card,Successful,355.14
P011379,O011379,Cash,Successful,618.47
P011380,O011380,Credit Card,Successful,678.0500000000001
P011381,O011381,Wallet,Successful,83.53
P011382,O011382,Credit Card,Successful,1556.12
P011383,O011383,Credit Card,Successful,1494.6499999999999
P011384,O011384,Credit Card,Successful,1250.04
P011385,O011385,Credit Card,Successful,1649.54
P011386,O011386,Wallet,Successful,616.76
P011387,O011387,Cash,Successful,439.64000000000004
P011388,O011388,Wallet,Successful,197.51999999999998
P011389,O011389,Credit Card,Successful,1094.06
P011390,O011390,Wallet,Successful,874.04
P011391,O011391,Debit Card,Successful,1447.03
P011392,O011392,Credit Card,Successful,882.8100000000001
P011393,O011393,UPI,Successful,485.85999999999996
P011394,O011394,Wallet,Successful,1605.64
P011395,O011395,Wallet,Refunded,921.72
P011396,O011396,Debit Card,Successful,1810.3
P011397,O011397,Credit Card,Successful,964.17
P011398,O011398,Debit Card,Successful,237.34000000000003
P011399,O011399,UPI,Successful,1507.81
P011400,O011400,Cash,Successful,1436.13
P011401,O011401,Cash,Failed,938.99
P011402,O011402,Credit Card,Successful,111.07999999999998
P011403,O011403,UPI,Failed,151.16
P011404,O011404,Wallet,Successful,701.75
P011405,O011405,Credit Card,Successful,1102.8999999999999
P011406,O011406,Credit Card,Successful,671.07
P011407,O011407,Credit Card,Successful,105.81
P011408,O011408,UPI,Refunded,1402.54
P011409,O011409,Cash,Successful,1414.7399999999998
P011410,O011410,UPI,Successful,709.51
P011411,O011411,Wallet,Successful,194.36
P011412,O011412,Cash,Refunded,535.9799999999999
P011413,O011413,Debit Card,Refunded,1297.96
P011414,O011414,Cash,Successful,809.25
P011415,O011415,Cash,Refunded,788.2900000000001
P011416,O011416,Credit Card,Successful,590.74
P011417,O011417,Debit Card,Successful,301.78
P011418,O011418,Debit Card,Successful,674.83
P011419,O011419,Wallet,Successful,877.02
P011420,O011420,Debit Card,Successful,1033.38
P011421,O011421,Credit Card,Successful,588.32
P011422,O011422,Wallet,Successful,1407.74
P011423,O011423,Wallet,Successful,741.56
P011424,O011424,UPI,Successful,849.13
P011425,O011425,Credit Card,Failed,937.0799999999999
P011426,O011426,Cash,Successful,404.98
P011427,O011427,Debit Card,Successful,215.13
P011428,O011428,Wallet,Successful,572.91
P011429,O011429,UPI,Successful,139.2
P011430,O011430,UPI,Failed,682.52
P011431,O011431,Debit Card,Successful,995.76
P011432,O011432,Wallet,Successful,1584.34
P011433,O011433,Debit Card,Failed,1157.6499999999999
P011434,O011434,Wallet,Successful,1064.75
P011435,O011435,Cash,Successful,1439.43
P011436,O011436,Wallet,Successful,1171.19
P011437,O011437,UPI,Successful,625.0
P011438,O011438,Wallet,Successful,1028.25
P011439,O011439,UPI,Successful,543.13
P011440,O011440,Wallet,Successful,854.18
P011441,O011441,Credit Card,Successful,782.55
P011442,O011442,Debit Card,Successful,625.21
P011443,O011443,Debit Card,Failed,355.08
P011444,O011444,Credit Card,Successful,1085.0
P011445,O011445,Cash,Successful,1078.33
P011446,O011446,Cash,Successful,991.73
P011447,O011447,UPI,Successful,172.09
P011448,O011448,Wallet,Successful,1392.8
P011449,O011449,Debit Card,Successful,108.49000000000001
P011450,O011450,Debit Card,Failed,1450.35
P011451,O011451,Cash,Successful,1187.35
P011452,O011452,UPI,Successful,206.36999999999998
P011453,O011453,Debit Card,Successful,466.01000000000005
P011454,O011454,Debit Card,Successful,591.1899999999999
P011455,O011455,Debit Card,Successful,1297.37
P011456,O011456,Debit Card,Successful,1474.6299999999999
P011457,O011457,Wallet,Successful,197.53
P011458,O011458,Wallet,Successful,749.8
P011459,O011459,Debit Card,Successful,373.09
P011460,O011460,Debit Card,Successful,446.72999999999996
P011461,O011461,Cash,Successful,1554.05
P011462,O011462,Debit Card,Successful,1869.23
P011463,O011463,Cash,Successful,705.77
P011464,O011464,Credit Card,Refunded,351.77
P011465,O011465,Wallet,Successful,1108.4499999999998
P011466,O011466,Credit Card,Refunded,672.9499999999999
P011467,O011467,UPI,Successful,1380.6399999999999
P011468,O011468,Debit Card,Successful,1181.1399999999999
P011469,O011469,Wallet,Failed,611.63
P011470,O011470,Credit Card,Successful,118.07999999999998
P011471,O011471,Cash,Successful,1759.46
P011472,O011472,Credit Card,Successful,1047.9099999999999
P011473,O011473,UPI,Successful,785.29
P011474,O011474,Wallet,Failed,575.11
P011475,O011475,Debit Card,Successful,88.17999999999999
P011476,O011476,Cash,Successful,334.76
P011477,O011477,UPI,Successful,93.37
P011478,O011478,Credit Card,Failed,1084.5600000000002
P011479,O011479,Credit Card,Successful,1172.4099999999999
P011480,O011480,Cash,Successful,1540.1100000000001
P011481,O011481,Debit Card,Successful,328.85
P011482,O011482,Cash,Successful,279.75
P011483,O011483,Cash,Successful,1026.1599999999999
P011484,O011484,Debit Card,Successful,955.8599999999999
P011485,O011485,Debit Card,Successful,1704.3999999999999
P011486,O011486,Cash,Successful,909.59
P011487,O011487,Credit Card,Failed,744.71
P011488,O011488,UPI,Successful,833.04
P011489,O011489,Cash,Successful,1312.24
P011490,O011490,Credit Card,Successful,113.1
P011491,O011491,Wallet,Successful,1545.1899999999998
P011492,O011492,Wallet,Successful,1078.69
P011493,O011493,Credit Card,Refunded,1733.85
P011494,O011494,Wallet,Successful,1832.44
P011495,O011495,Wallet,Successful,400.34
P011496,O011496,UPI,Failed,1089.86
P011497,O011497,Debit Card,Successful,786.58
P011498,O011498,UPI,Successful,1002.82
P011499,O011499,Wallet,Successful,137.14
P011500,O011500,UPI,Successful,1681.56
P011501,O011501,UPI,Successful,1668.79
P011502,O011502,Debit Card,Successful,1334.94
P011503,O011503,Debit Card,Failed,472.58000000000004
P011504,O011504,UPI,Successful,1402.83
P011505,O011505,Cash,Successful,1068.28
P011506,O011506,Wallet,Successful,1186.09
P011507,O011507,Cash,Successful,374.21
P011508,O011508,UPI,Successful,478.82
P011509,O011509,UPI,Successful,1099.4499999999998
P011510,O011510,UPI,Successful,305.44
P011511,O011511,UPI,Successful,1361.21
P011512,O011512,UPI,Successful,465.31
P011513,O011513,Credit Card,Successful,1687.14
P011514,O011514,Credit Card,Successful,1664.94
P011515,O011515,Debit Card,Successful,602.14
P011516,O011516,Cash,Successful,192.44
P011517,O011517,Cash,Failed,1246.91
P011518,O011518,Credit Card,Successful,669.56
P011519,O011519,Debit Card,Successful,341.54
P011520,O011520,Credit Card,Successful,1100.51
P011521,O011521,Wallet,Successful,1881.81
P011522,O011522,Debit Card,Successful,165.77999999999997
P011523,O011523,UPI,Successful,421.42999999999995
P011524,O011524,Wallet,Failed,1040.2099999999998
P011525,O011525,UPI,Successful,1498.67
P011526,O011526,Cash,Successful,101.63
P011527,O011527,Debit Card,Successful,1082.97
P011528,O011528,Cash,Successful,294.40999999999997
P011529,O011529,Wallet,Successful,1207.12
P011530,O011530,Credit Card,Successful,1011.8100000000002
P011531,O011531,Cash,Successful,746.9
P011532,O011532,Credit Card,Successful,1487.25
P011533,O011533,Debit Card,Failed,1425.86
P011534,O011534,Credit Card,Successful,1302.9
P011535,O011535,UPI,Successful,594.5699999999999
P011536,O011536,Credit Card,Successful,1231.51
P011537,O011537,Cash,Successful,324.59000000000003
P011538,O011538,Debit Card,Successful,1420.77
P011539,O011539,Debit Card,Successful,882.1899999999999
P011540,O011540,Debit Card,Successful,1556.67
P011541,O011541,Wallet,Successful,370.61
P011542,O011542,Cash,Successful,328.31
P011543,O011543,Cash,Successful,987.5
P011544,O011544,Cash,Successful,175.72
P011545,O011545,Debit Card,Successful,538.74
P011546,O011546,Debit Card,Successful,1369.34
P011547,O011547,Wallet,Successful,325.43
P011548,O011548,Credit Card,Failed,767.5999999999999
P011549,O011549,UPI,Successful,1819.9199999999998
P011550,O011550,UPI,Successful,115.19999999999999
P011551,O011551,Credit Card,Successful,696.52
P011552,O011552,Debit Card,Successful,1165.2
P011553,O011553,Credit Card,Successful,1396.4499999999998
P011554,O011554,Credit Card,Successful,1236.37
P011555,O011555,Wallet,Successful,1503.72
P011556,O011556,Wallet,Successful,146.76000000000002
P011557,O011557,Debit Card,Successful,285.93
P011558,O011558,Cash,Refunded,1124.79
P011559,O011559,Debit Card,Successful,1072.17
P011560,O011560,Wallet,Successful,904.7
P011561,O011561,Wallet,Successful,1071.15
P011562,O011562,Debit Card,Successful,1557.33
P011563,O011563,Credit Card,Successful,1102.5600000000002
P011564,O011564,Wallet,Successful,1403.14
P011565,O011565,UPI,Successful,1093.8799999999999
P011566,O011566,Cash,Refunded,880.04
P011567,O011567,Cash,Successful,675.59
P011568,O011568,UPI,Successful,1461.84
P011569,O011569,Wallet,Successful,1044.38
P011570,O011570,UPI,Successful,1180.3200000000002
P011571,O011571,Wallet,Successful,1151.27
P011572,O011572,Debit Card,Successful,845.82
P011573,O011573,Cash,Successful,1745.1299999999999
P011574,O011574,UPI,Successful,1393.84
P011575,O011575,Debit Card,Successful,434.68
P011576,O011576,Wallet,Successful,1038.97
P011577,O011577,Debit Card,Successful,437.54
P011578,O011578,Cash,Successful,1017.8199999999999
P011579,O011579,Cash,Successful,1407.0400000000002
P011580,O011580,Credit Card,Successful,1478.15
P011581,O011581,Credit Card,Failed,966.29
P011582,O011582,UPI,Successful,1435.83
P011583,O011583,Cash,Successful,700.01
P011584,O011584,Wallet,Successful,1074.27
P011585,O011585,Cash,Failed,1307.56
P011586,O011586,Debit Card,Successful,809.05
P011587,O011587,Cash,Successful,612.92
P011588,O011588,Debit Card,Successful,1398.61
P011589,O011589,Wallet,Successful,147.91
P011590,O011590,Cash,Successful,1637.23
P011591,O011591,Cash,Successful,715.78
P011592,O011592,Cash,Successful,1187.19
P011593,O011593,Credit Card,Successful,1325.61
P011594,O011594,Credit Card,Successful,298.84999999999997
P011595,O011595,Wallet,Successful,1336.3600000000001
P011596,O011596,Cash,Successful,1067.38
P011597,O011597,Debit Card,Successful,714.4899999999999
P011598,O011598,Debit Card,Successful,1377.12
P011599,O011599,Wallet,Successful,1263.72
P011600,O011600,UPI,Successful,1131.49
P011601,O011601,Cash,Successful,1456.91
P011602,O011602,Debit Card,Successful,260.9
P011603,O011603,UPI,Successful,1356.16
P011604,O011604,Credit Card,Successful,1195.48
P011605,O011605,Credit Card,Successful,1737.67
P011606,O011606,Credit Card,Successful,851.7800000000001
P011607,O011607,Debit Card,Successful,1492.36
P011608,O011608,Wallet,Successful,1084.1599999999999
P011609,O011609,Debit Card,Successful,177.6
P011610,O011610,Credit Card,Successful,145.6
P011611,O011611,UPI,Successful,849.6300000000001
P011612,O011612,Wallet,Successful,1563.1899999999998
P011613,O011613,Cash,Successful,712.79
P011614,O011614,Wallet,Successful,1372.42
P011615,O011615,UPI,Successful,727.74
P011616,O011616,Debit Card,Successful,115.39999999999999
P011617,O011617,Credit Card,Successful,1367.62
P011618,O011618,Wallet,Successful,876.37
P011619,O011619,Wallet,Successful,1161.83
P011620,O011620,Credit Card,Successful,358.85999999999996
P011621,O011621,Wallet,Successful,572.6899999999999
P011622,O011622,UPI,Failed,788.73
P011623,O011623,Credit Card,Successful,1211.58
P011624,O011624,UPI,Failed,229.85999999999999
P011625,O011625,Wallet,Successful,1575.8600000000001
P011626,O011626,UPI,Refunded,1135.83
P011627,O011627,Credit Card,Successful,962.3899999999999
P011628,O011628,Debit Card,Successful,1330.07
P011629,O011629,Debit Card,Successful,233.71
P011630,O011630,Wallet,Successful,1596.04
P011631,O011631,Credit Card,Successful,1678.27
P011632,O011632,UPI,Successful,611.17
P011633,O011633,Cash,Successful,711.11
P011634,O011634,Wallet,Successful,131.48
P011635,O011635,Debit Card,Successful,1080.8600000000001
P011636,O011636,Credit Card,Successful,873.9000000000001
P011637,O011637,Debit Card,Successful,1493.72
P011638,O011638,Wallet,Successful,719.8
P011639,O011639,Credit Card,Successful,882.2800000000001
P011640,O011640,Debit Card,Successful,1122.97
P011641,O011641,Credit Card,Successful,992.02
P011642,O011642,Debit Card,Successful,284.58000000000004
P011643,O011643,Credit Card,Successful,368.37
P011644,O011644,Cash,Successful,283.5
P011645,O011645,UPI,Successful,385.68000000000006
P011646,O011646,Credit Card,Successful,585.8100000000001
P011647,O011647,UPI,Successful,1255.58
P011648,O011648,Wallet,Refunded,168.38
P011649,O011649,Debit Card,Refunded,1482.4299999999998
P011650,O011650,Debit Card,Successful,532.8699999999999
P011651,O011651,Wallet,Failed,894.74
P011652,O011652,Debit Card,Successful,1109.25
P011653,O011653,Cash,Successful,293.46
P011654,O011654,Cash,Successful,493.03
P011655,O011655,Cash,Successful,651.49
P011656,O011656,Wallet,Successful,1014.02
P011657,O011657,UPI,Successful,1553.14
P011658,O011658,Wallet,Successful,1867.0900000000001
P011659,O011659,UPI,Successful,201.07999999999998
P011660,O011660,Wallet,Refunded,1678.8400000000001
P011661,O011661,Debit Card,Successful,1147.02
P011662,O011662,Wallet,Successful,656.23
P011663,O011663,Cash,Successful,601.0200000000001
P011664,O011664,Cash,Successful,433.59000000000003
P011665,O011665,Cash,Successful,1123.1100000000001
P011666,O011666,Debit Card,Successful,1842.8
P011667,O011667,Cash,Successful,378.63
P011668,O011668,Cash,Successful,835.14
P011669,O011669,Cash,Successful,464.61
P011670,O011670,Cash,Successful,358.19
P011671,O011671,Cash,Successful,1714.22
P011672,O011672,UPI,Successful,462.75
P011673,O011673,Debit Card,Successful,562.35
P011674,O011674,Wallet,Successful,1296.2799999999997
P011675,O011675,Debit Card,Successful,649.54
P011676,O011676,Debit Card,Successful,85.19
P011677,O011677,UPI,Successful,1276.2
P011678,O011678,Cash,Successful,1063.46
P011679,O011679,Debit Card,Failed,1462.73
P011680,O011680,Wallet,Successful,838.76
P011681,O011681,Wallet,Successful,624.93
P011682,O011682,Credit Card,Successful,210.99
P011683,O011683,Cash,Successful,1492.48
P011684,O011684,Debit Card,Successful,446.46999999999997
P011685,O011685,Wallet,Successful,1659.73
P011686,O011686,Cash,Successful,424.76
P011687,O011687,Credit Card,Successful,1559.78
P011688,O011688,UPI,Successful,1407.2199999999998
P011689,O011689,Credit Card,Successful,848.1700000000001
P011690,O011690,Credit Card,Successful,711.21
P011691,O011691,Credit Card,Successful,1402.7
P011692,O011692,Credit Card,Successful,1035.67
P011693,O011693,Debit Card,Successful,1145.48
P011694,O011694,UPI,Successful,752.21
P011695,O011695,Cash,Successful,1093.6499999999999
P011696,O011696,Wallet,Successful,337.9
P011697,O011697,Cash,Successful,184.37
P011698,O011698,Wallet,Successful,717.15
P011699,O011699,Debit Card,Successful,864.15
P011700,O011700,Debit Card,Successful,1518.89
P011701,O011701,Wallet,Successful,691.29
P011702,O011702,Wallet,Failed,792.1800000000001
P011703,O011703,Cash,Successful,1042.99
P011704,O011704,Credit Card,Successful,371.82
P011705,O011705,Debit Card,Successful,1755.1999999999998
P011706,O011706,Debit Card,Successful,695.8199999999999
P011707,O011707,Debit Card,Successful,1620.31
P011708,O011708,Wallet,Successful,436.85999999999996
P011709,O011709,Credit Card,Successful,742.34
P011710,O011710,Debit Card,Successful,1396.66
P011711,O011711,Wallet,Successful,936.12
P011712,O011712,Debit Card,Successful,1277.33
P011713,O011713,Credit Card,Successful,578.1500000000001
P011714,O011714,Cash,Refunded,680.1700000000001
P011715,O011715,UPI,Successful,824.59
P011716,O011716,Cash,Successful,483.52
P011717,O011717,Wallet,Successful,298.44
P011718,O011718,Cash,Successful,1275.25
P011719,O011719,Debit Card,Failed,1237.77
P011720,O011720,Wallet,Failed,1634.19
P011721,O011721,Debit Card,Successful,983.8100000000001
P011722,O011722,Cash,Successful,782.11
P011723,O011723,UPI,Refunded,220.86
P011724,O011724,UPI,Successful,1421.13
P011725,O011725,Cash,Successful,783.39
P011726,O011726,Cash,Successful,820.2900000000001
P011727,O011727,Wallet,Successful,534.96
P011728,O011728,Wallet,Successful,1001.3899999999999
P011729,O011729,UPI,Successful,1217.6999999999998
P011730,O011730,UPI,Successful,1048.48
P011731,O011731,UPI,Successful,1803.77
P011732,O011732,Wallet,Refunded,786.3100000000001
P011733,O011733,Wallet,Failed,1027.49
P011734,O011734,Cash,Successful,174.11
P011735,O011735,Wallet,Successful,665.94
P011736,O011736,Cash,Successful,1716.7
P011737,O011737,Credit Card,Successful,722.87
P011738,O011738,Cash,Successful,1339.75
P011739,O011739,Credit Card,Successful,1497.52
P011740,O011740,Wallet,Successful,280.05
P011741,O011741,UPI,Successful,580.0600000000001
P011742,O011742,Cash,Successful,794.26
P011743,O011743,Debit Card,Successful,461.0
P011744,O011744,Cash,Successful,111.91999999999999
P011745,O011745,Wallet,Successful,865.0600000000001
P011746,O011746,Debit Card,Failed,991.7299999999999
P011747,O011747,UPI,Successful,1257.77
P011748,O011748,Cash,Successful,1221.1200000000001
P011749,O011749,Debit Card,Successful,468.95
P011750,O011750,Cash,Successful,160.43
P011751,O011751,Debit Card,Successful,207.67
P011752,O011752,Debit Card,Successful,1023.67
P011753,O011753,Debit Card,Successful,1732.05
P011754,O011754,Debit Card,Successful,1405.4
P011755,O011755,UPI,Successful,421.75
P011756,O011756,Credit Card,Successful,294.05
P011757,O011757,Credit Card,Successful,638.39
P011758,O011758,Wallet,Successful,738.92
P011759,O011759,Wallet,Successful,1274.92
P011760,O011760,Credit Card,Successful,1439.85
P011761,O011761,Wallet,Successful,1302.03
P011762,O011762,Cash,Successful,1475.75
P011763,O011763,Cash,Successful,769.85
P011764,O011764,Wallet,Successful,114.07
P011765,O011765,Debit Card,Successful,403.59
P011766,O011766,Cash,Successful,1153.3799999999999
P011767,O011767,Debit Card,Refunded,1033.35
P011768,O011768,Cash,Successful,484.85999999999996
P011769,O011769,Credit Card,Successful,253.61
P011770,O011770,Wallet,Successful,443.15000000000003
P011771,O011771,Debit Card,Successful,544.1
P011772,O011772,Debit Card,Successful,1423.54
P011773,O011773,Debit Card,Successful,1128.78
P011774,O011774,Cash,Successful,989.8600000000001
P011775,O011775,Credit Card,Successful,123.85
P011776,O011776,Wallet,Successful,1478.72
P011777,O011777,UPI,Refunded,1004.3700000000001
P011778,O011778,Wallet,Successful,965.34
P011779,O011779,Debit Card,Successful,192.2
P011780,O011780,Cash,Successful,1492.78
P011781,O011781,Debit Card,Successful,1588.9199999999998
P011782,O011782,Credit Card,Successful,1627.57
P011783,O011783,UPI,Successful,950.1999999999999
P011784,O011784,Debit Card,Successful,709.1999999999999
P011785,O011785,Cash,Successful,194.26999999999998
P011786,O011786,UPI,Failed,458.35
P011787,O011787,UPI,Failed,431.35
P011788,O011788,Debit Card,Successful,195.97000000000003
P011789,O011789,Debit Card,Successful,362.99
P011790,O011790,Credit Card,Successful,1607.65
P011791,O011791,Credit Card,Successful,868.8499999999999
P011792,O011792,Cash,Successful,1178.3899999999999
P011793,O011793,Credit Card,Successful,603.17
P011794,O011794,Debit Card,Successful,302.95
P011795,O011795,Cash,Successful,680.64
P011796,O011796,Debit Card,Successful,1592.1100000000001
P011797,O011797,Cash,Successful,521.89
P011798,O011798,UPI,Successful,434.85
P011799,O011799,Debit Card,Successful,124.67000000000002
P011800,O011800,Debit Card,Successful,1050.3799999999999
P011801,O011801,UPI,Successful,797.5
P011802,O011802,Wallet,Successful,458.88
P011803,O011803,Wallet,Successful,893.13
P011804,O011804,UPI,Successful,1334.14
P011805,O011805,Wallet,Successful,421.2900000000001
P011806,O011806,Wallet,Successful,1175.3100000000002
P011807,O011807,Credit Card,Successful,467.08
P011808,O011808,Wallet,Successful,1505.3600000000001
P011809,O011809,Credit Card,Successful,1183.56
P011810,O011810,Wallet,Successful,1087.5
P011811,O011811,Credit Card,Successful,314.85
P011812,O011812,UPI,Successful,1094.7900000000002
P011813,O011813,Credit Card,Successful,1286.77
P011814,O011814,Wallet,Successful,1105.42
P011815,O011815,Cash,Successful,1504.66
P011816,O011816,Cash,Successful,566.02
P011817,O011817,Debit Card,Successful,528.09
P011818,O011818,Cash,Successful,1089.1200000000001
P011819,O011819,Wallet,Successful,601.9300000000001
P011820,O011820,Cash,Successful,279.01000000000005
P011821,O011821,Cash,Successful,684.96
P011822,O011822,Debit Card,Failed,96.7
P011823,O011823,Wallet,Successful,1394.89
P011824,O011824,Cash,Successful,1142.5
P011825,O011825,Debit Card,Successful,1103.5900000000001
P011826,O011826,Cash,Failed,1066.07
P011827,O011827,UPI,Failed,1001.4099999999999
P011828,O011828,Debit Card,Successful,1015.0800000000002
P011829,O011829,UPI,Successful,213.2
P011830,O011830,Wallet,Successful,1650.67
P011831,O011831,Wallet,Successful,1176.26
P011832,O011832,Credit Card,Successful,1240.91
P011833,O011833,Cash,Successful,820.54
P011834,O011834,UPI,Successful,111.85000000000001
P011835,O011835,Debit Card,Successful,1789.53
P011836,O011836,Debit Card,Failed,1528.9099999999999
P011837,O011837,Cash,Successful,1282.83
P011838,O011838,Credit Card,Successful,1798.4099999999999
P011839,O011839,Debit Card,Successful,311.25
P011840,O011840,Credit Card,Successful,297.48
P011841,O011841,Debit Card,Successful,1430.29
P011842,O011842,Debit Card,Failed,153.01999999999998
P011843,O011843,Cash,Successful,233.29999999999998
P011844,O011844,UPI,Successful,1187.94
P011845,O011845,Debit Card,Successful,1092.14
P011846,O011846,Credit Card,Successful,686.54
P011847,O011847,UPI,Successful,859.76
P011848,O011848,Debit Card,Successful,1645.75
P011849,O011849,Wallet,Successful,1174.59
P011850,O011850,Cash,Successful,1244.24
P011851,O011851,Debit Card,Successful,1369.48
P011852,O011852,Cash,Successful,1060.53
P011853,O011853,UPI,Successful,93.42999999999999
P011854,O011854,Cash,Successful,700.18
P011855,O011855,Wallet,Successful,225.98000000000002
P011856,O011856,Credit Card,Successful,272.53
P011857,O011857,Credit Card,Successful,494.36999999999995
P011858,O011858,Credit Card,Successful,724.3000000000001
P011859,O011859,UPI,Successful,910.81
P011860,O011860,Wallet,Successful,347.38
P011861,O011861,UPI,Successful,536.85
P011862,O011862,Debit Card,Successful,573.02
P011863,O011863,Cash,Successful,568.49
P011865,O011865,Debit Card,Successful,743.6400000000001
P011866,O011866,Debit Card,Failed,1011.02
P011867,O011867,Debit Card,Successful,274.71
P011868,O011868,Wallet,Successful,1051.58
P011869,O011869,Wallet,Successful,1169.71
P011870,O011870,Cash,Successful,102.42999999999999
P011871,O011871,UPI,Successful,177.97
P011872,O011872,Debit Card,Successful,776.9
P011873,O011873,Credit Card,Successful,1252.03
P011874,O011874,UPI,Successful,1434.9
P011875,O011875,Credit Card,Successful,217.23999999999998
P011876,O011876,UPI,Successful,127.1
P011877,O011877,UPI,Successful,509.93999999999994
P011878,O011878,Credit Card,Successful,729.97
P011879,O011879,Debit Card,Successful,843.72
P011880,O011880,Cash,Successful,1585.6299999999999
P011881,O011881,Wallet,Successful,1304.6299999999999
P011882,O011882,UPI,Successful,882.46
P011883,O011883,Credit Card,Refunded,750.89
P011884,O011884,Cash,Failed,662.94
P011885,O011885,Cash,Successful,1163.84
P011886,O011886,Wallet,Successful,1261.4299999999998
P011887,O011887,UPI,Successful,916.51
P011888,O011888,Debit Card,Successful,591.66
P011889,O011889,Wallet,Successful,1261.72
P011890,O011890,UPI,Successful,909.0799999999999
P011891,O011891,UPI,Refunded,857.12
P011892,O011892,Credit Card,Failed,1353.7400000000002
P011893,O011893,Debit Card,Successful,559.4200000000001
P011894,O011894,Debit Card,Successful,1001.0600000000001
P011895,O011895,Cash,Successful,1679.77
P011896,O011896,UPI,Successful,1075.6299999999999
P011897,O011897,Credit Card,Successful,612.8299999999999
P011898,O011898,Debit Card,Refunded,1129.35
P011899,O011899,Debit Card,Successful,862.64
P011900,O011900,Wallet,Successful,257.91999999999996
P011901,O011901,Wallet,Successful,691.13
P011902,O011902,Cash,Successful,1267.21
P011903,O011903,Debit Card,Successful,834.86
P011904,O011904,Credit Card,Refunded,1092.47
P011905,O011905,Debit Card,Successful,317.56
P011906,O011906,UPI,Successful,702.75
P011907,O011907,Credit Card,Successful,1685.94
P011908,O011908,Credit Card,Successful,669.24
P011909,O011909,Wallet,Successful,537.6600000000001
P011910,O011910,Wallet,Successful,159.16000000000003
P011911,O011911,Debit Card,Successful,219.84
P011912,O011912,Credit Card,Successful,1070.6399999999999
P011913,O011913,Cash,Successful,1212.1399999999999
P011914,O011914,Cash,Successful,1153.44
P011915,O011915,Credit Card,Failed,1024.0900000000001
P011916,O011916,Credit Card,Successful,844.5199999999999
P011917,O011917,Cash,Successful,177.57
P011918,O011918,Credit Card,Successful,1692.55
P011919,O011919,Credit Card,Successful,773.03
P011920,O011920,Debit Card,Successful,338.22999999999996
P011921,O011921,Credit Card,Successful,261.45000000000005
P011922,O011922,Cash,Successful,999.3199999999999
P011923,O011923,Cash,Successful,409.35
P011924,O011924,Cash,Successful,1414.35
P011925,O011925,UPI,Successful,963.37
P011926,O011926,Cash,Successful,1942.38
P011927,O011927,Debit Card,Successful,1173.8700000000001
P011928,O011928,Debit Card,Failed,1235.94
P011929,O011929,Debit Card,Successful,667.8
P011930,O011930,Debit Card,Successful,314.03
P011931,O011931,Debit Card,Successful,1356.52
P011932,O011932,UPI,Successful,782.5
P011933,O011933,Wallet,Successful,1749.5600000000002
P011934,O011934,Cash,Successful,366.4
P011935,O011935,Credit Card,Successful,1228.6699999999998
P011936,O011936,Wallet,Successful,1316.36
P011937,O011937,Credit Card,Successful,706.51
P011938,O011938,Debit Card,Successful,1635.17
P011939,O011939,Debit Card,Successful,219.03
P011940,O011940,Debit Card,Successful,1030.15
P011941,O011941,Cash,Successful,1321.48
P011942,O011942,Wallet,Successful,449.06
P011943,O011943,Credit Card,Successful,147.66
P011944,O011944,Cash,Successful,183.10000000000002
P011945,O011945,UPI,Successful,623.7099999999999
P011946,O011946,UPI,Successful,484.09999999999997
P011947,O011947,Credit Card,Successful,476.99
P011948,O011948,UPI,Successful,685.6100000000001
P011949,O011949,Debit Card,Successful,229.45
P011950,O011950,Wallet,Successful,1446.63
P011951,O011951,Cash,Successful,1396.85
P011952,O011952,UPI,Successful,120.84
P011953,O011953,Credit Card,Failed,1091.1799999999998
P011954,O011954,Wallet,Successful,1291.12
P011955,O011955,Wallet,Successful,445.65
P011956,O011956,Credit Card,Successful,1197.04
P011957,O011957,Credit Card,Successful,1181.77
P011958,O011958,UPI,Successful,1306.27
P011959,O011959,Credit Card,Successful,1132.19
P011960,O011960,Debit Card,Successful,1110.78
P011961,O011961,Wallet,Successful,301.38
P011962,O011962,Credit Card,Successful,492.28999999999996
P011963,O011963,UPI,Successful,1062.66
P011964,O011964,Debit Card,Successful,269.38
P011965,O011965,Debit Card,Successful,714.01
P011966,O011966,Wallet,Refunded,695.75
P011967,O011967,Credit Card,Successful,379.98
P011968,O011968,Credit Card,Successful,395.67999999999995
P011969,O011969,Credit Card,Successful,454.95
P011970,O011970,UPI,Successful,1150.8
P011971,O011971,Wallet,Successful,766.25
P011972,O011972,UPI,Successful,880.9499999999999
P011973,O011973,Credit Card,Successful,349.14
P011974,O011974,Credit Card,Successful,1152.69
P011975,O011975,Debit Card,Successful,1382.58
P011976,O011976,Cash,Successful,790.48
P011977,O011977,Cash,Successful,300.97
P011978,O011978,Credit Card,Successful,1181.43
P011979,O011979,Cash,Successful,1641.56
P011980,O011980,Cash,Successful,436.09999999999997
P011981,O011981,UPI,Successful,913.4399999999999
P011982,O011982,Cash,Successful,881.24
P011983,O011983,Debit Card,Successful,252.33
P011984,O011984,UPI,Successful,1051.86
P011985,O011985,Wallet,Failed,199.88
P011986,O011986,Debit Card,Successful,1058.17
P011987,O011987,Credit Card,Failed,463.5400000000001
P011988,O011988,Wallet,Successful,826.05
P011989,O011989,Cash,Successful,399.92
P011990,O011990,Credit Card,Successful,791.9100000000001
P011991,O011991,Credit Card,Successful,280.72999999999996
P011992,O011992,Cash,Successful,793.35
P011993,O011993,Credit Card,Successful,465.54
P011994,O011994,Wallet,Successful,389.11
P011995,O011995,Credit Card,Successful,231.96999999999997
P011996,O011996,Credit Card,Successful,1467.69
P011997,O011997,UPI,Successful,1202.3
P011998,O011998,Wallet,Successful,311.23
P011999,O011999,Cash,Failed,995.32
P012000,O012000,Debit Card,Successful,1047.65
P012001,O012001,Debit Card,Successful,1409.57
P012002,O012002,Credit Card,Successful,204.9
P012003,O012003,Wallet,Successful,730.7900000000001
P012004,O012004,Credit Card,Successful,1264.44
P012005,O012005,Cash,Successful,107.04999999999998
P012006,O012006,Credit Card,Successful,495.6700000000001
P012007,O012007,Credit Card,Successful,1322.82
P012008,O012008,UPI,Successful,751.88
P012009,O012009,Wallet,Successful,233.00000000000003
P012010,O012010,Wallet,Successful,934.73
P012011,O012011,UPI,Successful,563.9300000000001
P012012,O012012,Cash,Successful,1013.96
P012013,O012013,Debit Card,Successful,1349.78
P012014,O012014,Credit Card,Successful,1035.76
P012015,O012015,Cash,Successful,976.3
P012016,O012016,Debit Card,Successful,1047.9799999999998
P012017,O012017,Credit Card,Successful,1573.96
P012018,O012018,Cash,Successful,477.39
P012019,O012019,Debit Card,Successful,759.26
P012020,O012020,Wallet,Successful,1360.31
P012021,O012021,Wallet,Successful,1059.33
P012022,O012022,Wallet,Successful,507.85999999999996
P012023,O012023,UPI,Refunded,1607.82
P012024,O012024,Debit Card,Successful,439.77
P012025,O012025,Debit Card,Successful,1081.49
P012026,O012026,Debit Card,Successful,1704.32
P012027,O012027,Credit Card,Successful,836.21
P012028,O012028,Cash,Successful,1397.49
P012029,O012029,Credit Card,Successful,1198.46
P012030,O012030,UPI,Successful,1481.6499999999999
P012031,O012031,Credit Card,Successful,1880.74
P012032,O012032,Debit Card,Successful,136.37
P012033,O012033,Cash,Successful,118.52999999999999
P012034,O012034,Debit Card,Successful,933.72
P012035,O012035,Wallet,Successful,1704.27
P012036,O012036,Credit Card,Successful,1002.25
P012037,O012037,Cash,Successful,1208.78
P012038,O012038,Cash,Successful,1326.54
P012039,O012039,Cash,Successful,1004.5600000000001
P012040,O012040,UPI,Successful,1011.02
P012041,O012041,Credit Card,Successful,915.83
P012042,O012042,UPI,Successful,455.8399999999999
P012043,O012043,Credit Card,Successful,1365.8
P012044,O012044,Cash,Successful,408.13
P012045,O012045,UPI,Successful,1524.3500000000001
P012046,O012046,UPI,Successful,693.8100000000001
P012047,O012047,Credit Card,Successful,107.46000000000001
P012048,O012048,Wallet,Successful,319.07000000000005
P012049,O012049,UPI,Successful,1300.33
P012050,O012050,Credit Card,Successful,311.87
P012051,O012051,Credit Card,Successful,1062.3700000000001
P012052,O012052,Credit Card,Successful,425.16
P012053,O012053,UPI,Successful,1030.28
P012054,O012054,UPI,Successful,442.88
P012055,O012055,Credit Card,Successful,688.75
P012056,O012056,Wallet,Failed,284.81
P012057,O012057,Cash,Successful,1034.91
P012058,O012058,UPI,Successful,754.1
P012059,O012059,UPI,Successful,593.2099999999999
P012060,O012060,UPI,Successful,146.88
P012061,O012061,Credit Card,Successful,346.86
P012062,O012062,Debit Card,Failed,1411.6699999999998
P012063,O012063,Credit Card,Successful,580.0699999999999
P012064,O012064,UPI,Successful,683.9
P012065,O012065,Cash,Successful,1313.6399999999999
P012066,O012066,Cash,Successful,905.5899999999999
P012067,O012067,Cash,Successful,489.53999999999996
P012068,O012068,Credit Card,Successful,1127.68
P012069,O012069,Cash,Successful,1217.44
P012070,O012070,Debit Card,Successful,887.5799999999999
P012071,O012071,Cash,Successful,877.37
P012072,O012072,Wallet,Successful,321.11
P012073,O012073,Cash,Failed,543.18
P012074,O012074,Credit Card,Successful,1440.0900000000001
P012075,O012075,Wallet,Successful,1172.04
P012076,O012076,Credit Card,Successful,232.88
P012077,O012077,Credit Card,Refunded,78.35
P012078,O012078,Cash,Successful,399.57
P012079,O012079,Credit Card,Successful,1595.1100000000001
P012080,O012080,Credit Card,Failed,842.79
P012081,O012081,Debit Card,Successful,1273.25
P012082,O012082,Debit Card,Successful,840.1199999999999
P012083,O012083,Credit Card,Successful,1616.2199999999998
P012084,O012084,Cash,Successful,119.83
P012085,O012085,Debit Card,Successful,762.8000000000001
P012086,O012086,Cash,Successful,741.81
P012087,O012087,Debit Card,Successful,1698.95
P012088,O012088,Cash,Successful,608.3199999999999
P012089,O012089,Debit Card,Successful,744.65
P012090,O012090,Wallet,Successful,1415.48
P012091,O012091,Debit Card,Successful,1536.08
P012092,O012092,Credit Card,Successful,1542.73
P012093,O012093,UPI,Successful,692.5500000000001
P012094,O012094,Credit Card,Successful,1894.17
P012095,O012095,Wallet,Successful,1100.67
P012096,O012096,Wallet,Successful,1411.6200000000001
P012097,O012097,UPI,Successful,1641.04
P012098,O012098,Wallet,Successful,503.56000000000006
P012099,O012099,Debit Card,Successful,784.5
P012100,O012100,Debit Card,Refunded,1090.95
P012101,O012101,Wallet,Successful,1472.7
P012102,O012102,Wallet,Successful,742.4100000000001
P012103,O012103,Wallet,Successful,458.16
P012104,O012104,Credit Card,Successful,1135.2800000000002
P012105,O012105,Cash,Successful,1017.75
P012106,O012106,Debit Card,Successful,1397.87
P012107,O012107,Credit Card,Successful,1043.8999999999999
P012108,O012108,Credit Card,Successful,100.75999999999999
P012109,O012109,Debit Card,Successful,1431.64
P012110,O012110,Wallet,Successful,888.48
P012111,O012111,Credit Card,Successful,1090.3700000000001
P012112,O012112,Debit Card,Refunded,1584.32
P012113,O012113,Wallet,Successful,1340.8
P012114,O012114,Credit Card,Successful,730.02
P012115,O012115,Wallet,Successful,250.31999999999996
P012116,O012116,Wallet,Successful,1516.14
P012117,O012117,Cash,Successful,216.54
P012118,O012118,Wallet,Successful,363.36
P012119,O012119,UPI,Successful,1387.09
P012120,O012120,Credit Card,Successful,785.5799999999999
P012121,O012121,Debit Card,Successful,358.03999999999996
P012122,O012122,Credit Card,Successful,487.05000000000007
P012123,O012123,Cash,Successful,1859.3600000000001
P012124,O012124,Cash,Successful,1134.94
P012125,O012125,UPI,Successful,809.5200000000001
P012126,O012126,Cash,Successful,1762.25
P012127,O012127,Debit Card,Successful,957.0899999999999
P012128,O012128,Credit Card,Successful,660.6700000000001
P012129,O012129,UPI,Successful,355.92999999999995
P012130,O012130,Debit Card,Successful,1456.68
P012131,O012131,Credit Card,Failed,1079.02
P012132,O012132,Wallet,Failed,192.87000000000003
P012133,O012133,Wallet,Failed,1039.27
P012134,O012134,Cash,Successful,291.17999999999995
P012135,O012135,Credit Card,Successful,1551.44
P012136,O012136,Cash,Successful,434.23
P012137,O012137,Wallet,Successful,1155.48
P012138,O012138,UPI,Successful,1019.25
P012139,O012139,Credit Card,Failed,1285.1599999999999
P012140,O012140,Cash,Successful,814.6800000000001
P012141,O012141,Debit Card,Failed,171.74
P012142,O012142,Cash,Successful,1804.54
P012143,O012143,UPI,Successful,405.26
P012144,O012144,Wallet,Successful,1257.25
P012145,O012145,Wallet,Successful,318.84999999999997
P012146,O012146,Debit Card,Successful,630.28
P012147,O012147,UPI,Successful,887.19
P012148,O012148,UPI,Successful,796.4200000000001
P012149,O012149,Credit Card,Successful,1789.53
P012150,O012150,Credit Card,Successful,1451.1499999999999
P012151,O012151,Credit Card,Successful,1846.72
P012152,O012152,Cash,Successful,975.9099999999999
P012153,O012153,Wallet,Successful,475.49000000000007
P012154,O012154,UPI,Successful,784.7500000000001
P012155,O012155,Wallet,Successful,1238.44
P012156,O012156,Cash,Successful,186.26
P012157,O012157,Cash,Successful,1319.0700000000002
P012158,O012158,Debit Card,Successful,912.3299999999999
P012159,O012159,Credit Card,Successful,1363.6499999999999
P012160,O012160,Cash,Successful,1267.98
P012161,O012161,Cash,Successful,1462.13
P012162,O012162,Debit Card,Successful,223.19000000000003
P012163,O012163,Debit Card,Successful,680.95
P012164,O012164,Cash,Successful,881.23
P012165,O012165,Debit Card,Successful,855.64
P012166,O012166,UPI,Successful,1661.34
P012167,O012167,Wallet,Successful,180.09
P012168,O012168,Wallet,Successful,1287.42
P012169,O012169,Cash,Refunded,920.4099999999999
P012170,O012170,UPI,Successful,1088.2
P012171,O012171,Cash,Successful,702.34
P012172,O012172,Debit Card,Successful,1197.5600000000002
P012173,O012173,Debit Card,Failed,1278.5900000000001
P012174,O012174,Credit Card,Successful,335.99
P012175,O012175,Wallet,Successful,1270.75
P012176,O012176,Wallet,Successful,478.29
P012177,O012177,UPI,Successful,1130.6200000000001
P012178,O012178,Credit Card,Successful,992.23
P012179,O012179,Credit Card,Successful,1228.1
P012180,O012180,Wallet,Successful,107.35000000000001
P012181,O012181,Cash,Successful,286.2
P012182,O012182,Wallet,Successful,1504.21
P012183,O012183,Debit Card,Successful,611.33
P012184,O012184,Debit Card,Successful,1457.22
P012185,O012185,UPI,Successful,181.75
P012186,O012186,Credit Card,Successful,1343.94
P012187,O012187,Credit Card,Successful,198.87000000000003
P012188,O012188,UPI,Successful,829.5400000000001
P012189,O012189,Cash,Failed,1615.67
P012190,O012190,UPI,Successful,228.44
P012191,O012191,UPI,Successful,556.72
P012192,O012192,Debit Card,Failed,803.9299999999998
P012193,O012193,Debit Card,Successful,1574.8
P012194,O012194,UPI,Successful,587.09
P012195,O012195,UPI,Failed,1384.4
P012196,O012196,Debit Card,Successful,1387.12
P012197,O012197,Wallet,Successful,606.3299999999999
P012198,O012198,Wallet,Refunded,556.1999999999999
P012199,O012199,UPI,Successful,352.17
P012200,O012200,UPI,Failed,1373.0700000000002
P012201,O012201,UPI,Successful,1143.45
P012202,O012202,UPI,Successful,293.42
P012203,O012203,Credit Card,Successful,933.3000000000002
P012204,O012204,UPI,Successful,954.97
P012205,O012205,Cash,Successful,247.01000000000002
P012206,O012206,Wallet,Successful,1719.42
P012207,O012207,UPI,Successful,1621.82
P012208,O012208,UPI,Successful,182.44
P012209,O012209,Debit Card,Successful,1661.8600000000001
P012210,O012210,Credit Card,Successful,1379.67
P012211,O012211,Cash,Successful,132.67000000000002
P012212,O012212,Debit Card,Successful,350.6
P012213,O012213,Cash,Successful,1082.56
P012214,O012214,UPI,Successful,1431.76
P012215,O012215,Debit Card,Successful,1439.5500000000002
P012216,O012216,Cash,Successful,630.47
P012217,O012217,UPI,Successful,158.03
P012218,O012218,Wallet,Successful,839.47
P012219,O012219,UPI,Successful,245.06
P012220,O012220,UPI,Successful,425.27
P012221,O012221,Cash,Successful,1093.8200000000002
P012222,O012222,Wallet,Successful,1009.6899999999999
P012223,O012223,UPI,Successful,698.66
P012224,O012224,Wallet,Successful,1406.5700000000002
P012225,O012225,Cash,Successful,345.82
P012226,O012226,Wallet,Successful,975.09
P012227,O012227,Wallet,Successful,1153.8400000000001
P012228,O012228,Debit Card,Successful,629.0600000000001
P012229,O012229,Debit Card,Successful,1411.77
P012230,O012230,Wallet,Successful,1366.96
P012231,O012231,Credit Card,Successful,977.26
P012232,O012232,UPI,Successful,1490.31
P012233,O012233,Credit Card,Successful,209.20000000000002
P012234,O012234,Credit Card,Successful,283.08
P012235,O012235,UPI,Successful,965.22
P012236,O012236,Credit Card,Successful,1795.6200000000001
P012237,O012237,Cash,Successful,1032.02
P012238,O012238,Wallet,Successful,895.2
P012239,O012239,Debit Card,Successful,1000.49
P012240,O012240,Debit Card,Successful,314.46000000000004
P012241,O012241,Wallet,Successful,1148.77
P012242,O012242,Wallet,Successful,206.73
P012243,O012243,Wallet,Successful,900.0
P012244,O012244,UPI,Successful,1393.3999999999999
P012245,O012245,UPI,Successful,858.39
P012246,O012246,Cash,Successful,1465.9
P012247,O012247,Credit Card,Successful,364.33000000000004
P012248,O012248,Credit Card,Successful,325.23
P012249,O012249,Debit Card,Successful,941.0900000000001
P012250,O012250,Credit Card,Successful,1783.46
P012251,O012251,Debit Card,Successful,596.1500000000001
P012252,O012252,Wallet,Successful,1829.1200000000001
P012253,O012253,Wallet,Successful,1364.74
P012254,O012254,Debit Card,Successful,1200.28
P012255,O012255,UPI,Failed,1626.3700000000001
P012256,O012256,UPI,Successful,853.26
P012257,O012257,Debit Card,Successful,1274.43
P012258,O012258,UPI,Successful,1143.56
P012259,O012259,Cash,Successful,1590.3600000000001
P012260,O012260,Credit Card,Refunded,579.12
P012261,O012261,Cash,Successful,1282.34
P012262,O012262,Wallet,Successful,1139.85
P012263,O012263,Cash,Successful,1083.49
P012264,O012264,UPI,Successful,160.29
P012265,O012265,UPI,Successful,1233.89
P012266,O012266,Credit Card,Failed,333.40000000000003
P012267,O012267,Debit Card,Successful,1484.13
P012268,O012268,UPI,Successful,194.7
P012269,O012269,Cash,Successful,1274.2
P012270,O012270,Credit Card,Successful,739.2299999999999
P012271,O012271,UPI,Successful,1214.78
P012272,O012272,UPI,Successful,807.95
P012273,O012273,Debit Card,Successful,1090.1799999999998
P012274,O012274,Wallet,Successful,209.67000000000002
P012275,O012275,Cash,Successful,1367.4899999999998
P012276,O012276,UPI,Successful,90.01
P012277,O012277,Debit Card,Successful,1868.82
P012278,O012278,Wallet,Successful,1002.0
P012279,O012279,Credit Card,Successful,511.80000000000007
P012280,O012280,Debit Card,Failed,1196.74
P012281,O012281,Debit Card,Successful,1247.26
P012282,O012282,Cash,Successful,1072.21
P012283,O012283,Credit Card,Successful,125.96999999999998
P012284,O012284,Credit Card,Successful,1516.37
P012285,O012285,UPI,Successful,929.1199999999999
P012286,O012286,Wallet,Successful,753.7
P012287,O012287,Cash,Successful,1160.5
P012288,O012288,Cash,Successful,398.55
P012289,O012289,Credit Card,Refunded,495.80999999999995
P012290,O012290,UPI,Failed,187.92000000000002
P012291,O012291,Wallet,Successful,1542.07
P012292,O012292,Cash,Successful,562.0799999999999
P012293,O012293,UPI,Successful,1439.1100000000001
P012294,O012294,UPI,Successful,555.27
P012295,O012295,Wallet,Successful,356.53
P012296,O012296,Debit Card,Successful,299.90999999999997
P012297,O012297,Wallet,Refunded,1643.27
P012298,O012298,Cash,Successful,317.14
P012299,O012299,Wallet,Successful,249.42999999999998
P012300,O012300,Cash,Successful,82.56
P012301,O012301,Wallet,Successful,689.84
P012302,O012302,UPI,Successful,1517.46
P012303,O012303,Wallet,Successful,1735.8700000000001
P012304,O012304,Credit Card,Successful,237.42000000000002
P012305,O012305,Wallet,Successful,113.83
P012306,O012306,Debit Card,Successful,1076.8600000000001
P012307,O012307,Wallet,Successful,511.03999999999996
P012308,O012308,Debit Card,Successful,1204.97
P012309,O012309,Wallet,Successful,407.21
P012310,O012310,Debit Card,Successful,830.82
P012311,O012311,Wallet,Failed,121.57
P012312,O012312,Credit Card,Successful,1413.67
P012313,O012313,Credit Card,Refunded,358.46999999999997
P012314,O012314,UPI,Successful,589.01
P012315,O012315,Cash,Successful,943.81
P012316,O012316,Debit Card,Successful,470.99
P012317,O012317,Wallet,Successful,155.89
P012318,O012318,UPI,Successful,152.41
P012319,O012319,Credit Card,Successful,1639.38
P012320,O012320,Debit Card,Successful,576.73
P012321,O012321,Debit Card,Successful,730.26
P012322,O012322,Cash,Successful,1461.43
P012323,O012323,Cash,Successful,1574.8600000000001
P012324,O012324,Wallet,Successful,1311.45
P012325,O012325,Credit Card,Successful,1123.0
P012326,O012326,Cash,Successful,1457.9299999999998
P012327,O012327,Debit Card,Successful,363.97
P012328,O012328,Wallet,Successful,1152.4699999999998
P012329,O012329,Debit Card,Successful,207.66999999999996
P012330,O012330,Credit Card,Successful,319.45
P012331,O012331,UPI,Successful,483.06
P012332,O012332,Cash,Successful,1107.0500000000002
P012333,O012333,Wallet,Successful,1685.31
P012334,O012334,Wallet,Successful,1377.58
P012335,O012335,Wallet,Successful,886.83
P012336,O012336,Debit Card,Successful,1042.48
P012337,O012337,Debit Card,Successful,1333.69
P012338,O012338,Credit Card,Successful,1109.9
P012339,O012339,Credit Card,Failed,908.98
P012340,O012340,Debit Card,Successful,516.9
P012341,O012341,UPI,Successful,1169.3
P012342,O012342,Debit Card,Successful,107.06
P012343,O012343,Cash,Successful,846.6499999999999
P012344,O012344,UPI,Successful,1591.96
P012345,O012345,Debit Card,Successful,378.93999999999994
P012346,O012346,Cash,Successful,288.91
P012347,O012347,Debit Card,Failed,1635.6200000000001
P012348,O012348,Debit Card,Successful,1641.73
P012349,O012349,UPI,Successful,619.01
P012350,O012350,Cash,Successful,390.75
P012351,O012351,Credit Card,Refunded,554.0899999999999
P012352,O012352,Credit Card,Successful,747.8800000000001
P012353,O012353,Wallet,Successful,1189.6999999999998
P012354,O012354,Cash,Successful,445.88
P012355,O012355,Wallet,Successful,1140.4499999999998
P012356,O012356,UPI,Failed,1665.6000000000001
P012357,O012357,Debit Card,Successful,779.23
P012358,O012358,UPI,Successful,119.99000000000001
P012359,O012359,Credit Card,Successful,1211.33
P012360,O012360,Cash,Successful,1020.04
P012361,O012361,Wallet,Successful,331.49
P012362,O012362,Cash,Successful,1034.3
P012363,O012363,Credit Card,Successful,1511.5
P012364,O012364,Wallet,Successful,354.39
P012365,O012365,Wallet,Successful,403.33
P012366,O012366,Credit Card,Successful,477.40999999999997
P012367,O012367,Credit Card,Successful,1488.48
P012368,O012368,Debit Card,Successful,453.46000000000004
P012369,O012369,Wallet,Successful,501.54999999999995
P012370,O012370,Wallet,Successful,179.24
P012371,O012371,UPI,Failed,1962.15
P012372,O012372,Credit Card,Successful,406.34000000000003
P012373,O012373,Credit Card,Successful,1066.3000000000002
P012374,O012374,Cash,Failed,115.22999999999999
P012375,O012375,Cash,Successful,1362.78
P012376,O012376,Debit Card,Successful,1380.74
P012377,O012377,Wallet,Successful,247.72
P012378,O012378,Credit Card,Successful,324.86
P012379,O012379,Cash,Successful,570.07
P012380,O012380,Wallet,Successful,589.94
P012381,O012381,Debit Card,Successful,1242.68
P012382,O012382,UPI,Successful,167.22
P012383,O012383,Credit Card,Successful,1287.92
P012384,O012384,Debit Card,Successful,395.94000000000005
P012385,O012385,Wallet,Successful,627.3000000000001
P012386,O012386,Wallet,Successful,101.25
P012387,O012387,UPI,Failed,583.27
P012388,O012388,UPI,Successful,377.64000000000004
P012389,O012389,UPI,Failed,824.3199999999999
P012390,O012390,Wallet,Successful,297.15999999999997
P012391,O012391,Wallet,Successful,1497.78
P012392,O012392,Wallet,Successful,1707.75
P012393,O012393,UPI,Successful,1663.79
P012394,O012394,Debit Card,Failed,1588.75
P012395,O012395,Cash,Successful,1563.27
P012396,O012396,UPI,Successful,460.68000000000006
P012397,O012397,Cash,Successful,497.96000000000004
P012398,O012398,Cash,Successful,812.4399999999999
P012399,O012399,UPI,Successful,812.56
P012400,O012400,Wallet,Successful,1777.1499999999999
P012401,O012401,UPI,Successful,691.73
P012402,O012402,UPI,Failed,1475.13
P012403,O012403,UPI,Successful,864.49
P012404,O012404,Cash,Successful,1402.6399999999999
P012405,O012405,UPI,Successful,1337.03
P012406,O012406,Credit Card,Successful,482.23999999999995
P012407,O012407,Cash,Successful,394.25
P012408,O012408,Wallet,Successful,1499.32
P012409,O012409,Debit Card,Successful,1529.02
P012410,O012410,Debit Card,Successful,1466.48
P012411,O012411,Credit Card,Successful,1369.7
P012412,O012412,Credit Card,Successful,672.65
P012413,O012413,Wallet,Successful,913.7
P012414,O012414,Wallet,Successful,1546.8799999999999
P012415,O012415,Credit Card,Successful,268.48
P012416,O012416,Cash,Successful,892.6099999999999
P012417,O012417,Wallet,Successful,582.51
P012418,O012418,Cash,Successful,989.9300000000001
P012419,O012419,UPI,Refunded,1022.33
P012420,O012420,UPI,Successful,1122.3
P012421,O012421,Wallet,Successful,543.92
P012422,O012422,Debit Card,Successful,299.53999999999996
P012423,O012423,Debit Card,Successful,1355.69
P012424,O012424,Cash,Successful,1501.6999999999998
P012425,O012425,Debit Card,Successful,323.21999999999997
P012426,O012426,Debit Card,Successful,232.31
P012427,O012427,Cash,Successful,1366.95
P012428,O012428,Debit Card,Successful,580.69
P012429,O012429,Debit Card,Successful,480.60999999999996
P012430,O012430,Cash,Successful,958.51
P012431,O012431,UPI,Successful,1325.92
P012432,O012432,Cash,Successful,472.27
P012433,O012433,Cash,Successful,1819.08
P012434,O012434,Credit Card,Successful,608.52
P012435,O012435,Cash,Successful,507.34999999999997
P012436,O012436,Debit Card,Failed,799.1700000000001
P012437,O012437,Wallet,Successful,1129.11
P012438,O012438,Wallet,Failed,1392.31
P012439,O012439,UPI,Failed,548.0300000000001
P012440,O012440,Wallet,Successful,251.16000000000003
P012441,O012441,Cash,Failed,533.48
P012442,O012442,Credit Card,Successful,241.69
P012443,O012443,Credit Card,Successful,917.0800000000002
P012444,O012444,Wallet,Successful,1173.6799999999998
P012445,O012445,Debit Card,Successful,815.14
P012446,O012446,UPI,Successful,1592.6
P012447,O012447,Wallet,Successful,1137.28
P012448,O012448,Credit Card,Failed,807.61
P012449,O012449,Debit Card,Successful,285.46999999999997
P012450,O012450,Debit Card,Successful,1030.23
P012451,O012451,Cash,Successful,1005.25
P012452,O012452,Wallet,Successful,1105.08
P012453,O012453,Cash,Successful,1202.63
P012454,O012454,Credit Card,Successful,550.4300000000001
P012455,O012455,UPI,Failed,103.28999999999999
P012456,O012456,Wallet,Successful,1422.69
P012457,O012457,Cash,Successful,1375.77
P012458,O012458,UPI,Successful,1628.59
P012459,O012459,UPI,Successful,1789.56
P012460,O012460,Credit Card,Successful,355.29
P012461,O012461,UPI,Successful,651.9
P012462,O012462,Cash,Successful,1492.9099999999999
P012463,O012463,Cash,Successful,1822.1399999999999
P012464,O012464,Debit Card,Successful,110.12
P012465,O012465,Credit Card,Successful,655.5799999999999
P012466,O012466,UPI,Successful,237.83
P012467,O012467,UPI,Successful,1387.35
P012468,O012468,Cash,Successful,1066.51
P012469,O012469,UPI,Successful,1145.5
P012470,O012470,UPI,Refunded,787.08
P012471,O012471,Credit Card,Successful,752.4
P012472,O012472,UPI,Successful,544.5699999999999
P012473,O012473,Cash,Successful,656.0
P012474,O012474,Cash,Successful,1835.54
P012475,O012475,Wallet,Successful,186.48999999999998
P012476,O012476,Debit Card,Successful,521.45
P012477,O012477,Credit Card,Successful,1351.23
P012478,O012478,Cash,Successful,599.61
P012479,O012479,Credit Card,Successful,1837.45
P012480,O012480,Debit Card,Successful,697.85
P012481,O012481,Cash,Refunded,1598.05
P012482,O012482,Debit Card,Successful,1422.5900000000001
P012483,O012483,UPI,Successful,86.47
P012484,O012484,Cash,Successful,696.77
P012485,O012485,Wallet,Successful,622.76
P012486,O012486,UPI,Successful,887.73
P012487,O012487,Cash,Successful,766.79
P012488,O012488,UPI,Successful,1644.44
P012489,O012489,Wallet,Successful,382.48
P012490,O012490,Cash,Successful,350.94000000000005
P012491,O012491,Credit Card,Successful,216.94
P012492,O012492,UPI,Successful,1353.15
P012493,O012493,Wallet,Successful,1432.16
P012494,O012494,Credit Card,Successful,620.75
P012495,O012495,Wallet,Successful,182.06
P012496,O012496,Wallet,Failed,299.7
P012497,O012497,Credit Card,Failed,247.15999999999997
P012498,O012498,Wallet,Successful,995.6800000000001
P012499,O012499,Cash,Successful,476.53999999999996
P012500,O012500,UPI,Successful,1547.23
P012501,O012501,Wallet,Successful,349.78999999999996
P012502,O012502,Debit Card,Successful,1536.21
P012503,O012503,Cash,Successful,555.5500000000001
P012504,O012504,UPI,Successful,1681.19
P012505,O012505,Cash,Successful,1462.78
P012506,O012506,Wallet,Successful,1799.53
P012507,O012507,Credit Card,Refunded,1592.1599999999999
P012508,O012508,UPI,Successful,223.51999999999998
P012509,O012509,Credit Card,Successful,196.28
P012510,O012510,Wallet,Refunded,1409.17
P012511,O012511,Wallet,Successful,1422.1200000000001
P012512,O012512,Wallet,Successful,345.14
P012513,O012513,UPI,Successful,1366.65
P012514,O012514,Credit Card,Successful,898.8500000000001
P012515,O012515,Wallet,Successful,304.01
P012516,O012516,Cash,Successful,376.77
P012517,O012517,Credit Card,Refunded,211.14
P012518,O012518,Debit Card,Successful,314.33000000000004
P012519,O012519,UPI,Successful,1321.96
P012520,O012520,Credit Card,Successful,513.39
P012521,O012521,UPI,Successful,1028.8500000000001
P012522,O012522,Credit Card,Successful,1442.84
P012523,O012523,Cash,Successful,1369.3
P012524,O012524,Wallet,Successful,880.6499999999999
P012525,O012525,UPI,Successful,1077.52
P012526,O012526,UPI,Successful,1476.27
P012527,O012527,Wallet,Failed,642.7800000000001
P012528,O012528,Credit Card,Successful,433.91999999999996
P012529,O012529,Cash,Failed,1454.52
P012530,O012530,Cash,Failed,234.04
P012531,O012531,UPI,Successful,408.30999999999995
P012532,O012532,Cash,Successful,628.8
P012533,O012533,Wallet,Successful,747.2
P012534,O012534,Cash,Failed,1173.34
P012535,O012535,Debit Card,Failed,205.82
P012536,O012536,Cash,Successful,773.72
P012537,O012537,Wallet,Successful,1257.6
P012538,O012538,Cash,Successful,1373.55
P012539,O012539,UPI,Successful,920.3900000000001
P012540,O012540,Wallet,Successful,433.76
P012541,O012541,Credit Card,Successful,605.14
P012542,O012542,Wallet,Failed,313.12
P012543,O012543,Credit Card,Successful,952.69
P012544,O012544,Cash,Successful,1012.69
P012545,O012545,Credit Card,Failed,1014.9100000000001
P012546,O012546,UPI,Successful,1314.8999999999999
P012547,O012547,Cash,Successful,154.13
P012548,O012548,Debit Card,Successful,592.87
P012549,O012549,UPI,Successful,1102.6
P012550,O012550,Debit Card,Successful,941.6800000000001
P012551,O012551,Cash,Successful,135.01000000000002
P012552,O012552,Cash,Successful,347.90999999999997
P012553,O012553,Cash,Successful,1625.24
P012554,O012554,Cash,Successful,790.86
P012555,O012555,Debit Card,Successful,625.5899999999999
P012556,O012556,UPI,Successful,1763.4299999999998
P012557,O012557,Debit Card,Failed,205.15
P012558,O012558,Cash,Successful,1705.27
P012559,O012559,Debit Card,Successful,131.25
P012560,O012560,Cash,Successful,1066.04
P012561,O012561,Credit Card,Successful,1131.93
P012562,O012562,Credit Card,Failed,1158.8400000000001
P012563,O012563,UPI,Successful,146.7
P012564,O012564,Cash,Successful,925.41
P012565,O012565,Wallet,Successful,251.38
P012566,O012566,Cash,Successful,348.17
P012567,O012567,Credit Card,Refunded,478.06
P012568,O012568,Cash,Successful,1192.29
P012569,O012569,Credit Card,Successful,840.5699999999999
P012570,O012570,Cash,Refunded,206.89999999999998
P012571,O012571,Debit Card,Refunded,599.84
P012572,O012572,UPI,Successful,174.06
P012573,O012573,Wallet,Successful,1056.6299999999999
P012574,O012574,Debit Card,Successful,1056.46
P012575,O012575,Credit Card,Successful,832.9
P012576,O012576,UPI,Successful,1513.7199999999998
P012577,O012577,Debit Card,Successful,804.02
P012578,O012578,UPI,Successful,1473.1799999999998
P012579,O012579,UPI,Successful,1196.31
P012580,O012580,Credit Card,Successful,623.4499999999999
P012581,O012581,Credit Card,Successful,798.9299999999998
P012582,O012582,Cash,Refunded,383.01000000000005
P012583,O012583,Debit Card,Successful,1046.56
P012584,O012584,Cash,Failed,1541.98
P012585,O012585,Debit Card,Successful,502.14
P012586,O012586,Credit Card,Failed,578.25
P012587,O012587,UPI,Successful,830.0500000000001
P012588,O012588,Debit Card,Successful,798.5699999999999
P012589,O012589,Credit Card,Successful,1210.62
P012590,O012590,UPI,Refunded,350.34000000000003
P012591,O012591,Credit Card,Successful,498.94999999999993
P012592,O012592,Debit Card,Successful,1080.21
P012593,O012593,Wallet,Successful,1059.75
P012594,O012594,Debit Card,Successful,1075.54
P012595,O012595,UPI,Successful,747.66
P012596,O012596,Credit Card,Refunded,1130.4299999999998
P012597,O012597,Debit Card,Successful,349.68
P012598,O012598,UPI,Successful,588.89
P012599,O012599,Debit Card,Successful,840.73
P012600,O012600,Debit Card,Failed,1256.55
P012601,O012601,Debit Card,Successful,249.01000000000002
P012602,O012602,Cash,Successful,242.26999999999998
P012603,O012603,Debit Card,Successful,1547.21
P012604,O012604,UPI,Successful,535.3
P012605,O012605,Cash,Refunded,1820.35
P012606,O012606,Cash,Successful,1542.66
P012607,O012607,Debit Card,Successful,1022.06
P012608,O012608,Wallet,Successful,1134.6399999999999
P012609,O012609,Credit Card,Successful,1026.2600000000002
P012610,O012610,Wallet,Failed,426.64
P012611,O012611,UPI,Successful,817.8999999999999
P012612,O012612,Wallet,Successful,1576.59
P012613,O012613,UPI,Successful,1343.5500000000002
P012614,O012614,Debit Card,Successful,1432.42
P012615,O012615,Cash,Successful,1673.08
P012616,O012616,Debit Card,Successful,474.61000000000007
P012617,O012617,UPI,Successful,1082.62
P012618,O012618,Credit Card,Successful,985.25
P012619,O012619,Cash,Failed,1680.32
P012620,O012620,Cash,Successful,411.66
P012621,O012621,Debit Card,Successful,1204.77
P012622,O012622,UPI,Successful,676.08
P012623,O012623,Credit Card,Successful,733.5
P012624,O012624,Credit Card,Successful,121.52000000000001
P012625,O012625,Wallet,Successful,1594.62
P012626,O012626,Debit Card,Successful,1275.2
P012627,O012627,Debit Card,Successful,1215.01
P012628,O012628,UPI,Successful,437.41
P012629,O012629,Cash,Failed,1313.44
P012630,O012630,UPI,Successful,1852.02
P012631,O012631,Credit Card,Successful,314.6
P012632,O012632,Credit Card,Failed,1950.54
P012633,O012633,Debit Card,Successful,681.51
P012634,O012634,Credit Card,Successful,1606.8300000000002
P012635,O012635,Debit Card,Failed,1055.27
P012636,O012636,Cash,Successful,514.3599999999999
P012637,O012637,Wallet,Successful,600.46
P012638,O012638,UPI,Successful,637.18
P012639,O012639,UPI,Successful,547.72
P012640,O012640,Debit Card,Successful,1062.5500000000002
P012641,O012641,Debit Card,Failed,119.05000000000001
P012642,O012642,Debit Card,Successful,1442.23
P012643,O012643,Credit Card,Successful,1549.29
P012644,O012644,UPI,Successful,1413.56
P012645,O012645,Cash,Failed,1191.07
P012646,O012646,Debit Card,Successful,934.52
P012647,O012647,Wallet,Successful,459.66
P012648,O012648,UPI,Successful,911.94
P012649,O012649,Debit Card,Failed,1268.26
P012650,O012650,Wallet,Successful,1277.1100000000001
P012651,O012651,Debit Card,Successful,546.64
P012652,O012652,Wallet,Successful,880.6500000000001
P012653,O012653,Cash,Successful,1220.13
P012654,O012654,UPI,Refunded,952.93
P012655,O012655,Credit Card,Successful,163.98
P012656,O012656,Debit Card,Successful,1011.5600000000001
P012657,O012657,Credit Card,Successful,1263.0
P012658,O012658,UPI,Successful,1219.0700000000002
P012659,O012659,UPI,Successful,816.4499999999999
P012660,O012660,Credit Card,Successful,1808.47
P012661,O012661,Wallet,Successful,1418.11
P012662,O012662,Cash,Successful,1263.5
P012663,O012663,Wallet,Successful,777.0100000000001
P012664,O012664,Debit Card,Successful,882.8799999999999
P012665,O012665,Cash,Successful,514.36
P012666,O012666,Debit Card,Successful,778.3699999999999
P012667,O012667,Debit Card,Successful,839.96
P012668,O012668,Wallet,Successful,430.58
P012669,O012669,UPI,Successful,1481.91
P012670,O012670,Cash,Successful,501.17999999999995
P012671,O012671,Cash,Successful,214.31
P012672,O012672,Wallet,Successful,875.32
P012673,O012673,Debit Card,Successful,1080.97
P012674,O012674,Wallet,Refunded,448.86
P012675,O012675,Debit Card,Successful,333.07
P012676,O012676,Cash,Successful,485.71
P012677,O012677,Debit Card,Successful,511.5799999999999
P012678,O012678,Credit Card,Successful,496.59
P012679,O012679,UPI,Successful,891.02
P012680,O012680,Wallet,Successful,113.17999999999999
P012681,O012681,Debit Card,Successful,235.26999999999998
P012682,O012682,UPI,Successful,1256.62
P012683,O012683,Wallet,Failed,769.3100000000001
P012684,O012684,Wallet,Successful,738.3100000000001
P012685,O012685,UPI,Successful,84.74
P012686,O012686,Credit Card,Successful,663.39
P012687,O012687,Debit Card,Failed,1199.21
P012688,O012688,Debit Card,Successful,561.36
P012689,O012689,Cash,Successful,1687.19
P012690,O012690,Debit Card,Successful,759.66
P012691,O012691,UPI,Refunded,933.33
P012692,O012692,Cash,Successful,1558.8200000000002
P012693,O012693,Debit Card,Successful,1642.53
P012694,O012694,Wallet,Successful,780.54
P012695,O012695,UPI,Successful,281.01
P012696,O012696,Wallet,Successful,826.47
P012697,O012697,Credit Card,Successful,946.29
P012698,O012698,Cash,Successful,1846.53
P012699,O012699,Cash,Failed,630.87
P012700,O012700,UPI,Failed,249.14000000000001
P012701,O012701,Debit Card,Successful,1053.77
P012702,O012702,Credit Card,Successful,127.48000000000002
P012703,O012703,Cash,Successful,740.05
P012704,O012704,Debit Card,Successful,727.48
P012705,O012705,Debit Card,Successful,552.91
P012706,O012706,UPI,Successful,1553.93
P012707,O012707,Cash,Successful,781.74
P012708,O012708,UPI,Successful,1469.93
P012709,O012709,Debit Card,Successful,903.51
P012710,O012710,Debit Card,Successful,1239.63
P012711,O012711,Credit Card,Successful,896.29
P012712,O012712,Credit Card,Successful,1893.8000000000002
P012713,O012713,Cash,Failed,978.53
P012714,O012714,Debit Card,Successful,343.45
P012715,O012715,Debit Card,Successful,85.9
P012716,O012716,Cash,Failed,1328.0500000000002
P012717,O012717,Credit Card,Successful,1175.5
P012718,O012718,Credit Card,Successful,274.71
P012719,O012719,Wallet,Successful,1152.22
P012720,O012720,Debit Card,Refunded,383.12
P012721,O012721,Wallet,Successful,1517.11
P012722,O012722,Cash,Successful,998.8899999999999
P012723,O012723,Cash,Successful,256.51
P012724,O012724,Credit Card,Successful,232.93
P012725,O012725,UPI,Successful,810.49
P012726,O012726,Wallet,Successful,1522.98
P012727,O012727,Credit Card,Successful,948.8399999999999
P012728,O012728,Wallet,Successful,1503.3899999999999
P012729,O012729,UPI,Successful,985.55
P012730,O012730,UPI,Successful,756.64
P012731,O012731,Debit Card,Successful,1483.75
P012732,O012732,Cash,Successful,937.89
P012733,O012733,Cash,Successful,312.53000000000003
P012734,O012734,Cash,Successful,579.1600000000001
P012735,O012735,Credit Card,Successful,1048.5
P012736,O012736,UPI,Failed,788.92
P012737,O012737,UPI,Successful,611.75
P012738,O012738,Credit Card,Successful,1010.0000000000001
P012739,O012739,Cash,Successful,1191.8
P012740,O012740,UPI,Successful,617.93
P012741,O012741,Wallet,Successful,591.42
P012742,O012742,Debit Card,Successful,1180.75
P012743,O012743,Credit Card,Failed,1456.97
P012744,O012744,Debit Card,Successful,563.96
P012745,O012745,Cash,Successful,596.21
P012746,O012746,Credit Card,Successful,434.31999999999994
P012747,O012747,Wallet,Successful,279.32
P012748,O012748,Credit Card,Successful,764.71
P012749,O012749,Debit Card,Successful,865.7900000000001
P012750,O012750,Credit Card,Successful,1069.02
P012751,O012751,Wallet,Successful,1168.1100000000001
P012752,O012752,UPI,Refunded,182.51999999999998
P012753,O012753,Cash,Successful,1129.8400000000001
P012754,O012754,Wallet,Successful,478.72
P012755,O012755,Cash,Successful,407.27000000000004
P012756,O012756,Cash,Successful,1532.92
P012757,O012757,Wallet,Successful,285.99
P012758,O012758,Credit Card,Successful,697.48
P012759,O012759,Credit Card,Successful,1019.62
P012760,O012760,Wallet,Successful,929.1500000000001
P012761,O012761,Debit Card,Successful,185.99
P012762,O012762,Credit Card,Successful,222.68
P012763,O012763,Debit Card,Successful,1158.1200000000001
P012764,O012764,Cash,Successful,1488.13
P012765,O012765,Wallet,Successful,1459.18
P012766,O012766,Cash,Successful,1543.4
P012767,O012767,Credit Card,Successful,590.31
P012768,O012768,Credit Card,Successful,483.56000000000006
P012769,O012769,Credit Card,Successful,256.75
P012770,O012770,Cash,Successful,609.5300000000001
P012771,O012771,Cash,Successful,504.03999999999996
P012772,O012772,Credit Card,Successful,1015.6800000000001
P012773,O012773,Wallet,Successful,610.85
P012774,O012774,Credit Card,Successful,514.4699999999999
P012775,O012775,UPI,Successful,1113.62
P012776,O012776,Wallet,Successful,699.59
P012777,O012777,Credit Card,Successful,616.43
P012778,O012778,UPI,Successful,956.0999999999999
P012779,O012779,Debit Card,Successful,259.63
P012780,O012780,UPI,Successful,1120.8899999999999
P012781,O012781,Wallet,Successful,1393.4099999999999
P012782,O012782,Wallet,Successful,948.8
P012783,O012783,UPI,Successful,1078.83
P012784,O012784,Debit Card,Successful,824.5100000000001
P012785,O012785,UPI,Successful,1628.62
P012786,O012786,Debit Card,Successful,261.5
P012787,O012787,Wallet,Successful,1567.93
P012788,O012788,Wallet,Successful,1098.02
P012789,O012789,Cash,Successful,1257.23
P012790,O012790,Debit Card,Successful,1695.6399999999999
P012791,O012791,UPI,Successful,822.8000000000001
P012792,O012792,Debit Card,Successful,485.1
P012793,O012793,UPI,Refunded,1576.09
P012794,O012794,Wallet,Failed,1328.68
P012795,O012795,Wallet,Successful,1151.25
P012796,O012796,Credit Card,Successful,1278.9099999999999
P012797,O012797,Wallet,Successful,1425.76
P012798,O012798,Wallet,Successful,1454.5
P012799,O012799,Wallet,Successful,1134.1299999999999
P012800,O012800,UPI,Successful,678.51
P012801,O012801,UPI,Successful,1279.79
P012802,O012802,Credit Card,Successful,214.66
P012803,O012803,Credit Card,Successful,890.2900000000001
P012804,O012804,Debit Card,Successful,1212.88
P012805,O012805,Debit Card,Successful,339.53
P012806,O012806,Debit Card,Successful,605.49
P012807,O012807,Cash,Successful,738.1999999999999
P012808,O012808,Debit Card,Successful,576.98
P012809,O012809,Credit Card,Failed,1313.95
P012810,O012810,Cash,Successful,933.15
P012811,O012811,Debit Card,Failed,1448.48
P012812,O012812,Credit Card,Successful,193.78
P012813,O012813,Credit Card,Successful,808.7099999999999
P012814,O012814,Credit Card,Failed,117.35
P012815,O012815,Cash,Successful,462.33
P012816,O012816,Wallet,Successful,1167.56
P012817,O012817,Debit Card,Successful,272.22
P012818,O012818,Wallet,Successful,211.69000000000003
P012819,O012819,Credit Card,Successful,791.28
P012820,O012820,UPI,Successful,1149.2
P012821,O012821,UPI,Successful,1142.46
P012822,O012822,Cash,Failed,1153.7199999999998
P012823,O012823,Wallet,Successful,169.27999999999997
P012824,O012824,Wallet,Successful,900.43
P012825,O012825,UPI,Successful,845.91
P012826,O012826,UPI,Successful,1466.7
P012827,O012827,Wallet,Successful,1477.76
P012828,O012828,UPI,Successful,743.4
P012829,O012829,Wallet,Failed,1043.09
P012830,O012830,Credit Card,Successful,636.04
P012831,O012831,Debit Card,Successful,710.03
P012832,O012832,UPI,Successful,1273.61
P012833,O012833,Cash,Successful,481.0
P012834,O012834,Debit Card,Successful,597.5699999999999
P012835,O012835,Debit Card,Successful,573.5799999999999
P012836,O012836,Debit Card,Successful,1517.95
P012837,O012837,Wallet,Successful,1688.04
P012838,O012838,Cash,Successful,858.9
P012839,O012839,Wallet,Successful,205.49
P012840,O012840,Debit Card,Successful,254.17000000000002
P012841,O012841,Cash,Successful,635.73
P012842,O012842,UPI,Successful,842.11
P012843,O012843,UPI,Refunded,337.93
P012844,O012844,Cash,Successful,1364.19
P012845,O012845,Wallet,Successful,976.17
P012846,O012846,Cash,Successful,301.91999999999996
P012847,O012847,Debit Card,Successful,281.32
P012848,O012848,Wallet,Successful,902.0500000000001
P012849,O012849,Wallet,Failed,295.73
P012850,O012850,UPI,Successful,919.35
P012851,O012851,Cash,Successful,713.13
P012852,O012852,Cash,Successful,1829.13
P012853,O012853,Debit Card,Successful,854.26
P012854,O012854,Credit Card,Failed,1127.5300000000002
P012855,O012855,Credit Card,Successful,1434.84
P012856,O012856,Cash,Successful,662.6600000000001
P012857,O012857,UPI,Successful,1033.6399999999999
P012858,O012858,Credit Card,Successful,303.85
P012859,O012859,Debit Card,Successful,690.78
P012860,O012860,Debit Card,Successful,762.9699999999999
P012861,O012861,UPI,Successful,851.4
P012862,O012862,Debit Card,Successful,258.96999999999997
P012863,O012863,Debit Card,Successful,627.77
P012864,O012864,Credit Card,Successful,1475.6599999999999
P012865,O012865,Credit Card,Successful,1835.63
P012866,O012866,Credit Card,Successful,528.0
P012867,O012867,Debit Card,Successful,498.69000000000005
P012868,O012868,Debit Card,Successful,87.08
P012869,O012869,UPI,Successful,243.33000000000004
P012870,O012870,Wallet,Successful,632.89
P012871,O012871,UPI,Successful,1217.04
P012872,O012872,Debit Card,Successful,602.47
P012873,O012873,Wallet,Successful,203.27
P012874,O012874,UPI,Successful,1183.71
P012875,O012875,Credit Card,Successful,809.44
P012876,O012876,Debit Card,Successful,1012.95
P012877,O012877,UPI,Successful,524.5300000000001
P012878,O012878,Credit Card,Successful,1116.6399999999999
P012879,O012879,Debit Card,Successful,1316.63
P012880,O012880,Cash,Successful,1014.7700000000001
P012881,O012881,Credit Card,Successful,1202.25
P012882,O012882,Wallet,Successful,630.5
P012883,O012883,Credit Card,Successful,186.06
P012884,O012884,UPI,Successful,844.36
P012885,O012885,Credit Card,Successful,1554.62
P012886,O012886,Wallet,Successful,1055.0500000000002
P012887,O012887,Cash,Refunded,932.07
P012888,O012888,Credit Card,Successful,1169.8200000000002
P012889,O012889,Wallet,Successful,1018.02
P012890,O012890,Credit Card,Successful,1530.71
P012891,O012891,Cash,Refunded,438.22999999999996
P012892,O012892,Wallet,Successful,1527.55
P012893,O012893,Wallet,Successful,1061.56
P012894,O012894,Debit Card,Successful,327.0
P012895,O012895,Debit Card,Successful,786.01
P012896,O012896,Wallet,Successful,881.99
P012897,O012897,Debit Card,Successful,203.17
P012898,O012898,UPI,Successful,1102.74
P012899,O012899,UPI,Successful,535.38
P012900,O012900,Debit Card,Successful,714.34
P012901,O012901,UPI,Successful,894.38
P012902,O012902,Debit Card,Failed,918.2800000000001
P012903,O012903,Debit Card,Successful,1448.53
P012904,O012904,Debit Card,Successful,1567.28
P012905,O012905,Debit Card,Successful,1697.81
P012906,O012906,Wallet,Successful,848.8900000000001
P012907,O012907,Debit Card,Successful,903.8699999999999
P012908,O012908,Wallet,Successful,677.06
P012909,O012909,Cash,Successful,1273.21
P012910,O012910,Credit Card,Successful,402.26
P012911,O012911,Debit Card,Successful,754.9000000000001
P012912,O012912,Credit Card,Successful,1161.4
P012913,O012913,Cash,Successful,1154.22
P012914,O012914,Cash,Successful,517.0
P012915,O012915,Credit Card,Successful,361.63
P012916,O012916,Cash,Failed,537.94
P012917,O012917,UPI,Successful,1302.35
P012918,O012918,UPI,Successful,254.35999999999999
P012919,O012919,Cash,Successful,1816.18
P012920,O012920,Wallet,Successful,1954.98
P012921,O012921,UPI,Successful,1375.8
P012922,O012922,Wallet,Successful,1291.99
P012923,O012923,Credit Card,Successful,1458.35
P012924,O012924,Wallet,Successful,620.78
P012925,O012925,Wallet,Successful,249.83999999999997
P012926,O012926,Wallet,Successful,1378.5700000000002
P012927,O012927,UPI,Successful,317.38
P012928,O012928,Credit Card,Successful,139.53
P012929,O012929,Cash,Successful,338.13
P012930,O012930,Wallet,Successful,747.8299999999999
P012931,O012931,UPI,Successful,795.97
P012932,O012932,Debit Card,Failed,164.9
P012933,O012933,Credit Card,Successful,810.1
P012934,O012934,Debit Card,Successful,1086.31
P012935,O012935,Cash,Successful,1339.2600000000002
P012936,O012936,Debit Card,Successful,521.2199999999999
P012937,O012937,Debit Card,Successful,357.65999999999997
P012938,O012938,Wallet,Successful,694.15
P012939,O012939,Wallet,Successful,1794.88
P012940,O012940,Wallet,Successful,615.33
P012941,O012941,UPI,Successful,148.26999999999998
P012942,O012942,Cash,Successful,584.5699999999999
P012943,O012943,Credit Card,Successful,927.48
P012944,O012944,Credit Card,Successful,644.51
P012945,O012945,Wallet,Successful,1113.24
P012946,O012946,Wallet,Successful,1028.21
P012947,O012947,UPI,Successful,1048.8700000000001
P012948,O012948,UPI,Successful,593.0500000000001
P012949,O012949,Credit Card,Failed,1147.53
P012950,O012950,Cash,Successful,919.4899999999999
P012951,O012951,Wallet,Successful,336.8
P012952,O012952,Cash,Failed,1423.3400000000001
P012953,O012953,UPI,Successful,691.8100000000001
P012954,O012954,Debit Card,Successful,1500.99
P012955,O012955,Cash,Refunded,409.28
P012956,O012956,Credit Card,Successful,1278.67
P012957,O012957,Wallet,Successful,144.0
P012958,O012958,Cash,Successful,335.45000000000005
P012959,O012959,Credit Card,Successful,1274.3300000000002
P012960,O012960,Cash,Successful,938.6099999999999
P012961,O012961,Wallet,Successful,786.09
P012962,O012962,Cash,Successful,1779.38
P012963,O012963,Wallet,Successful,995.99
P012964,O012964,Credit Card,Successful,1090.53
P012965,O012965,Wallet,Successful,431.79
P012966,O012966,UPI,Successful,228.66000000000003
P012967,O012967,Wallet,Successful,647.94
P012968,O012968,Cash,Failed,1251.17
P012969,O012969,Credit Card,Successful,728.84
P012970,O012970,Cash,Successful,417.98
P012971,O012971,Wallet,Successful,1109.0900000000001
P012972,O012972,Wallet,Successful,600.68
P012973,O012973,Cash,Successful,1889.76
P012974,O012974,Credit Card,Successful,895.55
P012975,O012975,UPI,Successful,1918.3100000000002
P012976,O012976,Cash,Successful,143.05
P012977,O012977,Credit Card,Successful,86.1
P012978,O012978,Cash,Successful,758.61
P012979,O012979,Wallet,Successful,1703.19
P012980,O012980,Cash,Successful,802.3599999999999
P012981,O012981,Cash,Successful,1257.47
P012982,O012982,Debit Card,Successful,274.32
P012983,O012983,Debit Card,Successful,1164.56
P012984,O012984,Wallet,Successful,1109.36
P012985,O012985,Credit Card,Failed,856.0300000000001
P012986,O012986,Debit Card,Successful,725.3000000000001
P012987,O012987,UPI,Successful,1196.31
P012988,O012988,Wallet,Successful,811.7800000000001
P012989,O012989,UPI,Successful,609.01
P012990,O012990,Debit Card,Successful,239.13
P012991,O012991,Cash,Refunded,688.0
P012992,O012992,Wallet,Successful,867.7700000000001
P012993,O012993,Wallet,Failed,860.7700000000001
P012994,O012994,Wallet,Successful,874.94
P012995,O012995,Cash,Successful,693.0500000000001
P012996,O012996,Cash,Successful,750.46
P012997,O012997,Cash,Successful,434.76
P012998,O012998,Credit Card,Successful,981.93
P012999,O012999,UPI,Successful,1675.12
P013000,O013000,Wallet,Successful,1540.95
P013001,O013001,Credit Card,Successful,1773.77
P013002,O013002,Cash,Successful,256.8
P013003,O013003,UPI,Successful,382.03999999999996
P013004,O013004,Wallet,Successful,1141.3000000000002
P013005,O013005,Credit Card,Successful,1141.3600000000001
P013006,O013006,Credit Card,Successful,298.79999999999995
P013007,O013007,UPI,Successful,1128.8600000000001
P013008,O013008,UPI,Successful,728.0899999999999
P013009,O013009,UPI,Successful,1496.51
P013010,O013010,Wallet,Successful,1271.66
P013011,O013011,UPI,Successful,196.66
P013012,O013012,Debit Card,Successful,260.75
P013013,O013013,Credit Card,Successful,685.71
P013014,O013014,Wallet,Successful,102.96
P013015,O013015,UPI,Failed,226.54999999999998
P013016,O013016,Credit Card,Successful,1760.41
P013017,O013017,UPI,Successful,1526.9099999999999
P013018,O013018,UPI,Successful,1356.3700000000001
P013019,O013019,Credit Card,Failed,1519.2
P013020,O013020,Debit Card,Successful,472.07000000000005
P013021,O013021,Wallet,Failed,1337.1799999999998
P013022,O013022,Credit Card,Successful,1177.84
P013023,O013023,Wallet,Successful,1201.3400000000001
P013024,O013024,Cash,Successful,446.20000000000005
P013025,O013025,Credit Card,Successful,1269.57
P013026,O013026,Debit Card,Successful,1553.06
P013027,O013027,Credit Card,Successful,847.6299999999999
P013028,O013028,UPI,Successful,690.3100000000001
P013029,O013029,Wallet,Successful,1550.9
P013030,O013030,Wallet,Successful,306.32000000000005
P013031,O013031,Cash,Successful,146.35
P013032,O013032,Cash,Successful,406.62
P013033,O013033,Credit Card,Successful,992.8199999999999
P013034,O013034,UPI,Successful,1186.34
P013035,O013035,Credit Card,Successful,1061.95
P013036,O013036,Credit Card,Successful,650.45
P013037,O013037,Cash,Failed,1715.89
P013038,O013038,Debit Card,Successful,700.3499999999999
P013039,O013039,Cash,Successful,1440.3899999999999
P013040,O013040,Wallet,Successful,1541.43
P013041,O013041,UPI,Successful,709.71
P013042,O013042,UPI,Successful,335.59000000000003
P013043,O013043,Debit Card,Successful,269.39
P013044,O013044,Credit Card,Successful,931.5
P013045,O013045,Wallet,Successful,1532.5
P013046,O013046,Wallet,Successful,375.69
P013047,O013047,Debit Card,Successful,694.94
P013048,O013048,Debit Card,Successful,1120.69
P013049,O013049,UPI,Failed,886.4499999999999
P013050,O013050,Debit Card,Successful,957.7399999999999
P013051,O013051,Debit Card,Failed,1186.02
P013052,O013052,UPI,Successful,696.83
P013053,O013053,Wallet,Successful,1161.3799999999999
P013054,O013054,Cash,Successful,1227.75
P013055,O013055,Credit Card,Failed,1340.3799999999999
P013056,O013056,Credit Card,Successful,371.04999999999995
P013057,O013057,UPI,Successful,909.2099999999999
P013058,O013058,Cash,Successful,1101.3600000000001
P013059,O013059,Debit Card,Successful,399.96000000000004
P013060,O013060,Debit Card,Successful,1190.38
P013061,O013061,Credit Card,Successful,324.25
P013062,O013062,Credit Card,Successful,361.53000000000003
P013063,O013063,Credit Card,Successful,766.1099999999999
P013064,O013064,Debit Card,Successful,347.82000000000005
P013065,O013065,Wallet,Successful,116.03
P013066,O013066,UPI,Successful,641.38
P013067,O013067,Wallet,Successful,1115.95
P013068,O013068,Debit Card,Successful,792.02
P013069,O013069,Cash,Successful,179.39
P013070,O013070,UPI,Successful,480.78
P013071,O013071,Credit Card,Successful,813.97
P013072,O013072,Credit Card,Successful,1206.18
P013073,O013073,UPI,Successful,1281.1000000000001
P013074,O013074,Debit Card,Successful,878.48
P013075,O013075,Cash,Successful,1112.1100000000001
P013076,O013076,Debit Card,Successful,1276.38
P013077,O013077,UPI,Successful,163.82
P013078,O013078,Cash,Successful,226.92000000000002
P013079,O013079,Wallet,Successful,772.5999999999999
P013080,O013080,Debit Card,Successful,1226.69
P013081,O013081,Wallet,Successful,92.96
P013082,O013082,Wallet,Successful,817.01
P013083,O013083,Credit Card,Failed,421.58
P013084,O013084,Credit Card,Successful,1025.19
P013085,O013085,Wallet,Successful,608.34
P013086,O013086,Wallet,Successful,1582.3200000000002
P013087,O013087,Wallet,Successful,161.34
P013088,O013088,Wallet,Successful,1470.29
P013089,O013089,Cash,Successful,697.65
P013090,O013090,Wallet,Successful,1568.9099999999999
P013091,O013091,Credit Card,Successful,1560.2
P013092,O013092,Wallet,Successful,433.18999999999994
P013094,O013094,Cash,Successful,1390.7
P013095,O013095,Cash,Successful,424.6
P013096,O013096,Debit Card,Successful,1470.71
P013097,O013097,Wallet,Successful,188.11
P013098,O013098,Credit Card,Successful,663.0899999999999
P013099,O013099,Cash,Successful,93.6
P013100,O013100,Wallet,Successful,681.88
P013101,O013101,Credit Card,Successful,901.4800000000001
P013102,O013102,Debit Card,Successful,1099.58
P013103,O013103,Cash,Successful,1081.04
P013104,O013104,Cash,Successful,1417.4299999999998
P013105,O013105,Credit Card,Successful,234.2
P013106,O013106,Credit Card,Successful,1447.61
P013107,O013107,Wallet,Successful,526.02
P013108,O013108,Debit Card,Successful,304.72
P013109,O013109,UPI,Successful,551.16
P013110,O013110,UPI,Successful,1727.55
P013111,O013111,Credit Card,Successful,1003.56
P013112,O013112,Wallet,Successful,1088.05
P013113,O013113,Debit Card,Successful,1101.8
P013114,O013114,Cash,Failed,825.36
P013115,O013115,UPI,Failed,664.31
P013116,O013116,UPI,Successful,343.58
P013117,O013117,Wallet,Successful,687.1700000000001
P013118,O013118,Credit Card,Successful,904.3799999999999
P013119,O013119,Debit Card,Successful,957.9000000000001
P013120,O013120,Cash,Successful,193.44
P013121,O013121,Credit Card,Successful,522.74
P013122,O013122,Wallet,Successful,531.0899999999999
P013123,O013123,Credit Card,Successful,786.6300000000001
P013124,O013124,Cash,Successful,1203.3899999999999
P013125,O013125,UPI,Successful,1005.71
P013126,O013126,UPI,Successful,1082.15
P013127,O013127,UPI,Successful,540.87
P013128,O013128,Wallet,Successful,1660.41
P013129,O013129,Cash,Successful,1466.24
P013130,O013130,Cash,Successful,405.05
P013131,O013131,Debit Card,Successful,1199.02
P013132,O013132,Debit Card,Successful,1734.6000000000001
P013133,O013133,Debit Card,Successful,904.47
P013134,O013134,Cash,Successful,1534.84
P013135,O013135,Wallet,Successful,120.83999999999999
P013136,O013136,Credit Card,Successful,891.3199999999999
P013137,O013137,Credit Card,Successful,564.14
P013138,O013138,Cash,Successful,428.06000000000006
P013139,O013139,Wallet,Successful,1548.1799999999998
P013140,O013140,UPI,Successful,598.5600000000001
P013141,O013141,Wallet,Successful,120.65
P013142,O013142,Cash,Successful,892.4100000000001
P013143,O013143,Cash,Successful,1720.1200000000001
P013144,O013144,UPI,Successful,239.53
P013145,O013145,UPI,Successful,492.68000000000006
P013146,O013146,Debit Card,Successful,914.51
P013147,O013147,Wallet,Successful,1454.98
P013148,O013148,Debit Card,Successful,495.01
P013149,O013149,Debit Card,Successful,534.92
P013150,O013150,UPI,Successful,822.17
P013151,O013151,UPI,Successful,693.4599999999999
P013152,O013152,UPI,Successful,345.67
P013153,O013153,Wallet,Successful,1698.95
P013154,O013154,Credit Card,Successful,1552.41
P013155,O013155,Credit Card,Successful,1603.9
P013156,O013156,Debit Card,Successful,768.14
P013157,O013157,Cash,Successful,137.0
P013158,O013158,UPI,Successful,250.14
P013159,O013159,Credit Card,Successful,750.9300000000001
P013160,O013160,Credit Card,Successful,1513.82
P013161,O013161,Debit Card,Successful,1948.08
P013162,O013162,Wallet,Successful,1240.44
P013163,O013163,Debit Card,Successful,518.93
P013164,O013164,Wallet,Successful,1056.29
P013165,O013165,Wallet,Successful,1194.2
P013166,O013166,Cash,Successful,1428.3200000000002
P013167,O013167,Credit Card,Successful,770.65
P013168,O013168,Wallet,Successful,688.71
P013169,O013169,UPI,Successful,124.52
P013170,O013170,Credit Card,Successful,1232.4099999999999
P013171,O013171,Cash,Successful,953.52
P013172,O013172,UPI,Successful,897.44
P013173,O013173,Debit Card,Successful,1451.0900000000001
P013174,O013174,Debit Card,Successful,783.01
P013175,O013175,UPI,Successful,616.99
P013176,O013176,Debit Card,Successful,649.36
P013177,O013177,UPI,Successful,101.35999999999999
P013178,O013178,Credit Card,Successful,320.23
P013179,O013179,Cash,Successful,135.44
P013180,O013180,UPI,Successful,546.4200000000001
P013181,O013181,Wallet,Successful,210.48000000000002
P013182,O013182,Credit Card,Successful,522.46
P013183,O013183,UPI,Successful,310.92999999999995
P013184,O013184,Debit Card,Successful,1708.95
P013185,O013185,Credit Card,Successful,1642.66
P013186,O013186,Cash,Successful,975.7099999999999
P013187,O013187,Debit Card,Successful,1451.3000000000002
P013188,O013188,UPI,Successful,1022.8100000000001
P013189,O013189,Debit Card,Successful,1567.57
P013190,O013190,UPI,Successful,1269.0800000000002
P013191,O013191,Debit Card,Successful,896.07
P013192,O013192,UPI,Successful,1602.5900000000001
P013193,O013193,Wallet,Successful,876.51
P013194,O013194,Cash,Refunded,734.77
P013195,O013195,Debit Card,Successful,902.0899999999999
P013196,O013196,UPI,Successful,1391.67
P013197,O013197,Debit Card,Successful,687.76
P013198,O013198,Credit Card,Successful,895.23
P013199,O013199,UPI,Successful,951.0300000000001
P013200,O013200,Cash,Failed,1704.34
P013201,O013201,UPI,Successful,1081.4499999999998
P013202,O013202,Debit Card,Successful,736.0
P013203,O013203,Wallet,Successful,1175.6299999999999
P013204,O013204,Cash,Successful,281.44
P013205,O013205,Wallet,Failed,654.2800000000001
P013206,O013206,UPI,Successful,1132.56
P013207,O013207,Cash,Successful,1142.68
P013208,O013208,Cash,Successful,689.77
P013209,O013209,Cash,Successful,680.57
P013210,O013210,Credit Card,Successful,1579.8999999999999
P013211,O013211,Debit Card,Successful,796.3900000000001
P013212,O013212,Wallet,Successful,418.77
P013213,O013213,Cash,Successful,573.5
P013214,O013214,Debit Card,Successful,698.36
P013215,O013215,UPI,Successful,1438.64
P013216,O013216,UPI,Successful,1588.7400000000002
P013217,O013217,Debit Card,Successful,450.56
P013218,O013218,Cash,Successful,1363.0099999999998
P013219,O013219,Wallet,Successful,1242.43
P013220,O013220,Wallet,Successful,987.01
P013221,O013221,UPI,Successful,1715.19
P013222,O013222,Cash,Successful,632.96
P013223,O013223,Credit Card,Successful,382.02
P013224,O013224,Cash,Successful,1440.3600000000001
P013225,O013225,Credit Card,Successful,217.41
P013226,O013226,Wallet,Successful,1536.33
P013227,O013227,Wallet,Successful,983.41
P013228,O013228,Credit Card,Successful,354.04
P013229,O013229,Credit Card,Successful,506.15000000000003
P013230,O013230,Cash,Successful,302.55
P013231,O013231,UPI,Successful,1055.76
P013232,O013232,Cash,Failed,326.86
P013233,O013233,Debit Card,Successful,1137.6999999999998
P013234,O013234,Credit Card,Successful,259.47
P013235,O013235,Cash,Successful,1154.6799999999998
P013236,O013236,Wallet,Successful,1310.02
P013237,O013237,Wallet,Successful,840.8000000000001
P013238,O013238,Cash,Successful,1461.87
P013239,O013239,Cash,Successful,734.2
P013240,O013240,UPI,Successful,451.29
P013241,O013241,UPI,Successful,336.81
P013242,O013242,Debit Card,Successful,982.18
P013243,O013243,Wallet,Successful,336.26
P013244,O013244,Wallet,Successful,1390.7
P013245,O013245,Debit Card,Successful,1272.72
P013246,O013246,Cash,Successful,886.3399999999999
P013247,O013247,Debit Card,Successful,1389.34
P013248,O013248,UPI,Successful,140.19
P013249,O013249,UPI,Successful,451.88
P013250,O013250,Credit Card,Successful,1228.4099999999999
P013251,O013251,Cash,Successful,909.19
P013252,O013252,Cash,Successful,945.8599999999999
P013253,O013253,Cash,Successful,266.76000000000005
P013254,O013254,Credit Card,Failed,1248.4399999999998
P013255,O013255,Debit Card,Successful,1160.48
P013256,O013256,Cash,Successful,1132.1100000000001
P013257,O013257,Wallet,Successful,714.0400000000001
P013258,O013258,Wallet,Successful,389.63
P013259,O013259,Wallet,Successful,436.7099999999999
P013260,O013260,UPI,Successful,813.75
P013261,O013261,Cash,Successful,504.67
P013262,O013262,Credit Card,Successful,1427.76
P013263,O013263,Wallet,Successful,251.06
P013264,O013264,UPI,Successful,1020.13
P013265,O013265,Cash,Successful,893.2399999999999
P013266,O013266,UPI,Successful,318.21999999999997
P013267,O013267,Debit Card,Successful,1432.03
P013268,O013268,Cash,Successful,1286.67
P013269,O013269,Wallet,Successful,718.42
P013270,O013270,Wallet,Successful,1146.12
P013271,O013271,Cash,Successful,1063.6
P013272,O013272,UPI,Successful,1003.73
P013273,O013273,Cash,Successful,751.54
P013274,O013274,UPI,Successful,1292.46
P013275,O013275,Cash,Successful,1387.3
P013276,O013276,Debit Card,Successful,881.3299999999999
P013277,O013277,Credit Card,Successful,104.36
P013278,O013278,Credit Card,Successful,432.68999999999994
P013279,O013279,UPI,Successful,1022.93
P013280,O013280,Cash,Successful,1523.5900000000001
P013281,O013281,Cash,Successful,1198.66
P013282,O013282,Debit Card,Successful,791.85
P013283,O013283,Credit Card,Successful,145.63
P013284,O013284,Cash,Successful,1213.12
P013285,O013285,Wallet,Successful,642.8699999999999
P013286,O013286,Cash,Successful,1072.3
P013287,O013287,UPI,Successful,1288.6100000000001
P013288,O013288,Wallet,Successful,1317.83
P013289,O013289,Credit Card,Successful,1646.96
P013290,O013290,Debit Card,Successful,1306.15
P013291,O013291,Wallet,Successful,1774.0
P013292,O013292,Credit Card,Successful,1120.03
P013293,O013293,UPI,Successful,1408.2
P013294,O013294,Debit Card,Successful,1245.5300000000002
P013295,O013295,Cash,Successful,1391.94
P013296,O013296,Cash,Successful,445.42
P013297,O013297,Cash,Refunded,1248.73
P013298,O013298,UPI,Successful,233.63000000000002
P013299,O013299,Wallet,Successful,233.01000000000002
P013300,O013300,Cash,Successful,836.1499999999999
P013301,O013301,UPI,Successful,541.7800000000001
P013302,O013302,Cash,Failed,982.6400000000001
P013303,O013303,Cash,Failed,1111.08
P013304,O013304,Cash,Successful,397.69000000000005
P013305,O013305,Debit Card,Successful,1083.33
P013306,O013306,Debit Card,Successful,1957.1599999999999
P013307,O013307,Debit Card,Successful,1103.0700000000002
P013308,O013308,Debit Card,Successful,320.85
P013309,O013309,Debit Card,Successful,924.31
P013310,O013310,Credit Card,Failed,111.14999999999999
P013311,O013311,Cash,Successful,832.75
P013312,O013312,Credit Card,Failed,966.36
P013313,O013313,UPI,Failed,1727.28
P013314,O013314,Debit Card,Successful,1317.67
P013315,O013315,UPI,Successful,1050.6
P013316,O013316,Debit Card,Successful,878.66
P013317,O013317,Wallet,Successful,970.3
P013318,O013318,Cash,Successful,1759.3400000000001
P013319,O013319,Credit Card,Successful,120.67
P013320,O013320,Cash,Successful,601.6700000000001
P013321,O013321,Credit Card,Successful,331.87
P013322,O013322,Credit Card,Successful,607.23
P013323,O013323,Debit Card,Successful,957.48
P013324,O013324,UPI,Successful,557.51
P013325,O013325,Credit Card,Successful,1451.75
P013326,O013326,Debit Card,Successful,1020.3499999999999
P013327,O013327,Debit Card,Successful,1284.87
P013328,O013328,Credit Card,Successful,1215.28
P013329,O013329,Wallet,Failed,1369.06
P013330,O013330,Credit Card,Successful,1411.96
P013331,O013331,Wallet,Successful,105.94
P013332,O013332,UPI,Successful,518.21
P013333,O013333,Debit Card,Failed,1757.3899999999999
P013334,O013334,Debit Card,Successful,993.78
P013335,O013335,Cash,Successful,186.46999999999997
P013336,O013336,UPI,Successful,802.1
P013337,O013337,UPI,Successful,1871.1899999999998
P013338,O013338,Cash,Successful,1779.66
P013339,O013339,Credit Card,Successful,689.05
P013340,O013340,Credit Card,Successful,1681.72
P013341,O013341,Wallet,Successful,868.21
P013342,O013342,Cash,Successful,801.4100000000001
P013343,O013343,Cash,Successful,811.82
P013344,O013344,Wallet,Successful,1736.77
P013345,O013345,UPI,Successful,1215.02
P013346,O013346,Credit Card,Successful,680.87
P013347,O013347,Wallet,Successful,960.8700000000001
P013348,O013348,Cash,Successful,939.14
P013349,O013349,Wallet,Successful,751.7900000000001
P013350,O013350,Debit Card,Successful,489.19999999999993
P013351,O013351,Cash,Successful,1190.6899999999998
P013352,O013352,Wallet,Successful,198.28
P013353,O013353,Credit Card,Successful,1292.31
P013354,O013354,Credit Card,Successful,834.24
P013355,O013355,Debit Card,Successful,1618.16
P013356,O013356,Debit Card,Successful,1386.11
P013357,O013357,Debit Card,Successful,965.42
P013358,O013358,Credit Card,Successful,373.53000000000003
P013359,O013359,UPI,Successful,1167.6200000000001
P013360,O013360,UPI,Successful,1649.59
P013361,O013361,Credit Card,Successful,386.12
P013362,O013362,Cash,Successful,448.4599999999999
P013363,O013363,Wallet,Failed,1675.3700000000001
P013364,O013364,UPI,Successful,1728.68
P013365,O013365,Cash,Successful,997.7500000000001
P013366,O013366,UPI,Successful,1021.87
P013367,O013367,Credit Card,Failed,874.9100000000001
P013368,O013368,Debit Card,Successful,789.8199999999999
P013369,O013369,Cash,Successful,695.26
P013370,O013370,UPI,Successful,678.15
P013371,O013371,Cash,Successful,1260.8899999999999
P013372,O013372,Cash,Successful,573.19
P013373,O013373,Wallet,Successful,413.64000000000004
P013374,O013374,Cash,Successful,1207.5
P013375,O013375,Wallet,Successful,117.8
P013376,O013376,Credit Card,Successful,1095.18
P013377,O013377,Wallet,Successful,563.64
P013378,O013378,UPI,Successful,387.67
P013379,O013379,Wallet,Failed,722.0
P013380,O013380,Cash,Successful,268.86
P013381,O013381,Wallet,Successful,811.8199999999999
P013382,O013382,Wallet,Successful,207.73000000000002
P013383,O013383,Wallet,Successful,846.4300000000001
P013384,O013384,Credit Card,Successful,419.16
P013385,O013385,Wallet,Successful,280.13
P013386,O013386,Wallet,Successful,1197.53
P013387,O013387,Wallet,Successful,1285.47
P013388,O013388,Cash,Successful,104.54
P013389,O013389,Wallet,Successful,768.59
P013390,O013390,Cash,Successful,228.53
P013391,O013391,Wallet,Successful,1303.54
P013392,O013392,Cash,Successful,1180.13
P013393,O013393,UPI,Successful,169.86
P013394,O013394,Cash,Successful,1676.5700000000002
P013395,O013395,Cash,Successful,1537.13
P013396,O013396,UPI,Successful,681.06
P013397,O013397,UPI,Successful,282.59000000000003
P013398,O013398,Wallet,Successful,226.2
P013399,O013399,Wallet,Successful,1457.1399999999999
P013400,O013400,UPI,Successful,823.28
P013401,O013401,Debit Card,Successful,92.27
P013402,O013402,Credit Card,Successful,1575.3200000000002
P013403,O013403,Debit Card,Successful,1173.26
P013404,O013404,Cash,Successful,1153.1
P013405,O013405,Cash,Successful,1410.66
P013406,O013406,Wallet,Successful,1182.81
P013407,O013407,Cash,Successful,237.22
P013408,O013408,Wallet,Successful,998.9799999999999
P013409,O013409,Debit Card,Successful,1159.52
P013410,O013410,Credit Card,Successful,213.83
P013411,O013411,Debit Card,Failed,513.1999999999999
P013412,O013412,Credit Card,Refunded,768.25
P013413,O013413,Cash,Successful,1643.8600000000001
P013414,O013414,Debit Card,Successful,1366.1
P013415,O013415,UPI,Successful,1236.09
P013416,O013416,UPI,Successful,1857.1299999999999
P013417,O013417,Debit Card,Successful,422.01
P013418,O013418,UPI,Successful,844.96
P013419,O013419,Credit Card,Successful,873.92
P013420,O013420,Wallet,Successful,1264.98
P013421,O013421,UPI,Failed,1579.6799999999998
P013422,O013422,Wallet,Successful,846.6700000000001
P013423,O013423,Debit Card,Successful,870.4300000000001
P013424,O013424,Cash,Successful,902.1399999999999
P013425,O013425,Credit Card,Successful,1386.66
P013426,O013426,Cash,Successful,436.27000000000004
P013427,O013427,UPI,Successful,1923.78
P013428,O013428,Debit Card,Refunded,250.29999999999998
P013429,O013429,Credit Card,Successful,133.05999999999997
P013430,O013430,UPI,Successful,687.4300000000001
P013431,O013431,UPI,Failed,1219.69
P013432,O013432,Debit Card,Successful,1564.57
P013433,O013433,UPI,Successful,1764.46
P013434,O013434,Debit Card,Successful,1173.0800000000002
P013435,O013435,Wallet,Successful,726.2700000000001
P013436,O013436,Debit Card,Successful,1142.8799999999999
P013437,O013437,Wallet,Successful,1736.0
P013438,O013438,Cash,Successful,567.25
P013439,O013439,Cash,Successful,975.13
P013440,O013440,Debit Card,Successful,1095.1599999999999
P013441,O013441,UPI,Successful,110.96
P013442,O013442,Debit Card,Successful,733.49
P013443,O013443,Wallet,Successful,1091.42
P013444,O013444,Debit Card,Successful,1787.92
P013445,O013445,Credit Card,Successful,1550.73
P013446,O013446,Cash,Successful,933.72
P013447,O013447,Debit Card,Successful,1624.0700000000002
P013448,O013448,Cash,Successful,230.22000000000003
P013449,O013449,Cash,Successful,1068.65
P013450,O013450,Credit Card,Successful,701.29
P013451,O013451,Debit Card,Successful,1111.4899999999998
P013452,O013452,Debit Card,Successful,1642.97
P013453,O013453,Cash,Successful,148.53000000000003
P013454,O013454,Credit Card,Successful,1572.4
P013455,O013455,Credit Card,Failed,171.55
P013456,O013456,Debit Card,Successful,1189.73
P013457,O013457,UPI,Successful,227.23
P013458,O013458,UPI,Successful,1300.5700000000002
P013459,O013459,Credit Card,Successful,439.92999999999995
P013460,O013460,UPI,Successful,807.34
P013461,O013461,Credit Card,Successful,1865.76
P013462,O013462,Wallet,Successful,1239.6200000000001
P013463,O013463,Credit Card,Successful,1369.82
P013464,O013464,Cash,Refunded,1113.31
P013465,O013465,Credit Card,Successful,1082.29
P013466,O013466,Cash,Successful,1623.81
P013467,O013467,UPI,Successful,1472.8799999999999
P013468,O013468,Cash,Successful,713.99
P013469,O013469,Credit Card,Successful,1268.08
P013470,O013470,UPI,Successful,1720.97
P013471,O013471,Credit Card,Successful,1256.43
P013472,O013472,Credit Card,Successful,90.72
P013473,O013473,Credit Card,Successful,1281.18
P013474,O013474,Debit Card,Successful,1505.75
P013475,O013475,Wallet,Successful,711.0500000000001
P013476,O013476,UPI,Successful,1648.08
P013477,O013477,Wallet,Successful,775.58
P013478,O013478,Wallet,Refunded,724.63
P013479,O013479,Debit Card,Successful,327.33000000000004
P013480,O013480,Debit Card,Successful,223.02999999999997
P013481,O013481,Debit Card,Successful,985.47
P013482,O013482,Credit Card,Successful,1206.12
P013483,O013483,Wallet,Successful,692.09
P013484,O013484,Cash,Successful,1045.07
P013485,O013485,Credit Card,Successful,843.53
P013486,O013486,Credit Card,Failed,1462.26
P013487,O013487,Credit Card,Successful,1683.2
P013488,O013488,Wallet,Successful,1051.51
P013489,O013489,Cash,Successful,1545.59
P013490,O013490,Credit Card,Successful,1467.85
P013491,O013491,UPI,Successful,1070.92
P013492,O013492,Cash,Refunded,354.94
P013493,O013493,Cash,Successful,321.49
P013494,O013494,Credit Card,Successful,1499.83
P013495,O013495,UPI,Successful,441.48
P013496,O013496,Cash,Successful,486.28999999999996
P013497,O013497,Debit Card,Successful,348.39
P013498,O013498,Credit Card,Successful,817.74
P013499,O013499,Debit Card,Successful,1072.42
P013500,O013500,Debit Card,Successful,1204.81
P013501,O013501,UPI,Refunded,541.42
P013502,O013502,Credit Card,Successful,236.57999999999998
P013503,O013503,Debit Card,Successful,664.4599999999999
P013504,O013504,Cash,Successful,840.86
P013505,O013505,UPI,Successful,1087.5700000000002
P013506,O013506,UPI,Successful,504.52
P013507,O013507,Debit Card,Failed,334.27
P013508,O013508,UPI,Successful,1517.37
P013509,O013509,Credit Card,Successful,1472.02
P013510,O013510,UPI,Successful,526.5699999999999
P013511,O013511,Debit Card,Successful,1066.3600000000001
P013512,O013512,Cash,Successful,858.52
P013513,O013513,Wallet,Successful,311.37
P013515,O013515,Credit Card,Successful,87.95
P013516,O013516,Wallet,Successful,320.17999999999995
P013517,O013517,Wallet,Successful,708.71
P013518,O013518,Debit Card,Successful,1429.19
P013519,O013519,Credit Card,Successful,1528.73
P013520,O013520,Credit Card,Successful,1134.8799999999999
P013521,O013521,Wallet,Successful,1094.11
P013522,O013522,UPI,Successful,702.94
P013523,O013523,UPI,Successful,1463.01
P013524,O013524,UPI,Successful,132.61
P013525,O013525,Cash,Successful,249.79
P013526,O013526,Credit Card,Successful,1713.9099999999999
P013527,O013527,Cash,Successful,1583.4099999999999
P013528,O013528,Cash,Successful,929.42
P013529,O013529,Debit Card,Successful,1132.68
P013530,O013530,Cash,Successful,1739.1
P013531,O013531,Wallet,Successful,1205.25
P013532,O013532,Wallet,Refunded,1557.53
P013533,O013533,Cash,Successful,611.67
P013534,O013534,Credit Card,Successful,1506.1799999999998
P013535,O013535,Credit Card,Successful,188.39
P013536,O013536,Wallet,Successful,766.51
P013537,O013537,Wallet,Successful,436.00000000000006
P013538,O013538,Credit Card,Successful,164.54000000000002
P013539,O013539,Credit Card,Successful,1199.1000000000001
P013540,O013540,Debit Card,Successful,180.60000000000002
P013541,O013541,Wallet,Successful,281.89
P013542,O013542,Credit Card,Successful,209.48
P013543,O013543,Cash,Successful,1938.27
P013544,O013544,Cash,Successful,149.03
P013545,O013545,UPI,Refunded,533.3599999999999
P013546,O013546,Debit Card,Successful,1063.1999999999998
P013547,O013547,Cash,Successful,1527.39
P013548,O013548,Wallet,Refunded,975.3799999999999
P013549,O013549,UPI,Successful,1561.8
P013550,O013550,Cash,Successful,628.24
P013551,O013551,Wallet,Successful,884.4699999999999
P013552,O013552,Debit Card,Successful,1510.04
P013553,O013553,UPI,Successful,1171.25
P013554,O013554,UPI,Successful,419.04
P013555,O013555,Wallet,Successful,906.6500000000001
P013556,O013556,Debit Card,Successful,1766.37
P013557,O013557,Credit Card,Failed,1280.5
P013558,O013558,Wallet,Successful,421.21000000000004
P013559,O013559,Wallet,Successful,352.53999999999996
P013560,O013560,Cash,Successful,1219.56
P013561,O013561,Wallet,Successful,385.15999999999997
P013562,O013562,Wallet,Successful,854.88
P013563,O013563,Credit Card,Successful,403.9
P013564,O013564,Debit Card,Successful,95.13
P013565,O013565,Cash,Successful,1504.09
P013566,O013566,Debit Card,Successful,1298.83
P013567,O013567,Wallet,Successful,816.28
P013568,O013568,Debit Card,Successful,338.63
P013569,O013569,UPI,Successful,1176.16
P013570,O013570,Debit Card,Successful,564.16
P013571,O013571,UPI,Failed,1341.24
P013572,O013572,Cash,Successful,595.27
P013573,O013573,Wallet,Successful,765.02
P013574,O013574,Wallet,Successful,807.1300000000001
P013575,O013575,Debit Card,Successful,1515.48
P013576,O013576,UPI,Successful,1283.02
P013577,O013577,Debit Card,Successful,761.05
P013578,O013578,Debit Card,Failed,423.5
P013579,O013579,Cash,Successful,357.63
P013580,O013580,Cash,Successful,580.01
P013581,O013581,Wallet,Successful,1485.72
P013582,O013582,Debit Card,Successful,494.78000000000003
P013583,O013583,Wallet,Successful,145.35999999999999
P013584,O013584,Cash,Successful,896.6799999999998
P013585,O013585,Wallet,Successful,137.11
P013586,O013586,Debit Card,Successful,1560.35
P013587,O013587,Credit Card,Successful,1286.87
P013588,O013588,Wallet,Successful,582.1
P013589,O013589,Credit Card,Successful,976.73
P013590,O013590,Debit Card,Successful,1315.61
P013591,O013591,Cash,Successful,1787.3999999999999
P013592,O013592,Cash,Successful,1702.29
P013593,O013593,Cash,Successful,218.55
P013594,O013594,UPI,Failed,217.46999999999997
P013595,O013595,Wallet,Successful,1016.32
P013596,O013596,Debit Card,Successful,826.03
P013597,O013597,Wallet,Successful,560.8100000000001
P013598,O013598,UPI,Successful,1564.92
P013599,O013599,Cash,Failed,1125.3300000000002
P013600,O013600,Cash,Successful,1248.0900000000001
P013601,O013601,Credit Card,Refunded,352.75
P013602,O013602,Debit Card,Successful,513.14
P013603,O013603,Credit Card,Successful,1010.9399999999999
P013604,O013604,Cash,Successful,1329.52
P013605,O013605,UPI,Successful,1461.85
P013606,O013606,Debit Card,Successful,1075.5900000000001
P013607,O013607,Cash,Successful,790.0799999999999
P013608,O013608,Cash,Successful,1135.49
P013609,O013609,Cash,Successful,214.18
P013610,O013610,Debit Card,Successful,958.8900000000001
P013611,O013611,Cash,Successful,1324.4299999999998
P013612,O013612,Cash,Successful,1010.9000000000001
P013613,O013613,UPI,Successful,97.49
P013614,O013614,Debit Card,Successful,1362.76
P013615,O013615,Wallet,Successful,1092.52
P013616,O013616,Cash,Successful,852.5899999999999
P013617,O013617,Debit Card,Successful,1304.94
P013618,O013618,Cash,Successful,360.62
P013619,O013619,Debit Card,Successful,736.81
P013620,O013620,Wallet,Successful,1148.6100000000001
P013621,O013621,Wallet,Successful,933.86
P013622,O013622,Wallet,Successful,1891.6599999999999
P013623,O013623,UPI,Successful,203.66
P013624,O013624,Debit Card,Successful,535.3900000000001
P013625,O013625,Wallet,Successful,446.15999999999997
P013626,O013626,Wallet,Successful,1661.3100000000002
P013627,O013627,Debit Card,Successful,1561.6899999999998
P013628,O013628,UPI,Successful,256.61
P013629,O013629,Debit Card,Successful,772.2
P013630,O013630,Wallet,Successful,199.31
P013631,O013631,Credit Card,Failed,942.4200000000001
P013632,O013632,Credit Card,Successful,676.98
P013633,O013633,Cash,Successful,588.93
P013634,O013634,Cash,Successful,950.3000000000001
P013635,O013635,Debit Card,Successful,1516.96
P013636,O013636,Credit Card,Successful,853.5600000000001
P013637,O013637,Cash,Successful,1294.21
P013638,O013638,Wallet,Failed,907.8
P013639,O013639,Cash,Successful,380.15
P013640,O013640,UPI,Successful,861.87
P013641,O013641,Credit Card,Successful,1047.67
P013642,O013642,Wallet,Successful,760.1800000000001
P013643,O013643,Credit Card,Successful,463.06000000000006
P013644,O013644,Credit Card,Successful,439.07
P013645,O013645,Cash,Successful,1812.8500000000001
P013646,O013646,Wallet,Successful,570.52
P013647,O013647,UPI,Successful,1185.19
P013648,O013648,Cash,Successful,728.6500000000001
P013649,O013649,Wallet,Successful,1723.8
P013650,O013650,Cash,Successful,1445.17
P013651,O013651,Debit Card,Successful,1229.3700000000001
P013652,O013652,Credit Card,Successful,1092.31
P013653,O013653,Credit Card,Refunded,1052.8400000000001
P013654,O013654,UPI,Successful,598.27
P013655,O013655,Credit Card,Successful,322.28000000000003
P013656,O013656,Wallet,Successful,232.7
P013657,O013657,Cash,Successful,935.11
P013658,O013658,Cash,Successful,1837.5700000000002
P013659,O013659,Wallet,Successful,532.4000000000001
P013660,O013660,Debit Card,Successful,715.0
P013661,O013661,Credit Card,Successful,1125.6000000000001
P013662,O013662,Cash,Successful,568.6
P013663,O013663,Cash,Successful,83.31
P013664,O013664,Credit Card,Successful,725.18
P013665,O013665,Debit Card,Successful,1478.6
P013666,O013666,Credit Card,Successful,1420.92
P013667,O013667,Credit Card,Failed,607.81
P013668,O013668,UPI,Successful,1472.94
P013669,O013669,UPI,Successful,1688.34
P013670,O013670,Cash,Successful,733.28
P013671,O013671,Credit Card,Failed,79.44
P013672,O013672,Credit Card,Successful,1583.47
P013673,O013673,Debit Card,Successful,629.68
P013674,O013674,Debit Card,Successful,1379.72
P013675,O013675,UPI,Failed,1015.7300000000001
P013676,O013676,Cash,Successful,407.84
P013677,O013677,Wallet,Successful,1319.7199999999998
P013678,O013678,Debit Card,Successful,1492.21
P013679,O013679,Debit Card,Successful,878.0500000000001
P013680,O013680,Cash,Successful,1477.67
P013681,O013681,Cash,Successful,620.12
P013682,O013682,Cash,Successful,1661.64
P013683,O013683,Credit Card,Successful,492.81
P013684,O013684,Cash,Successful,1114.14
P013685,O013685,Cash,Successful,1228.8
P013686,O013686,Cash,Successful,934.8000000000001
P013687,O013687,UPI,Failed,710.25
P013688,O013688,Credit Card,Successful,875.0400000000001
P013689,O013689,Credit Card,Successful,1155.18
P013690,O013690,Credit Card,Successful,858.2
P013691,O013691,Cash,Successful,1168.24
P013692,O013692,Debit Card,Successful,740.05
P013693,O013693,UPI,Successful,229.27999999999997
P013694,O013694,UPI,Successful,955.3300000000002
P013695,O013695,Cash,Successful,556.54
P013696,O013696,UPI,Successful,1197.3
P013697,O013697,Wallet,Successful,937.2599999999999
P013698,O013698,UPI,Successful,1216.09
P013699,O013699,Debit Card,Successful,988.6800000000001
P013700,O013700,Wallet,Successful,790.4100000000001
P013701,O013701,Cash,Successful,325.96000000000004
P013702,O013702,Credit Card,Successful,272.77
P013703,O013703,Credit Card,Successful,1050.16
P013704,O013704,Cash,Successful,1721.25
P013705,O013705,UPI,Refunded,633.35
P013706,O013706,UPI,Successful,1078.06
P013707,O013707,Credit Card,Successful,969.8299999999999
P013708,O013708,Credit Card,Successful,848.4200000000001
P013709,O013709,Cash,Successful,156.63
P013710,O013710,Credit Card,Successful,1067.8799999999999
P013711,O013711,Wallet,Successful,305.49
P013712,O013712,Debit Card,Successful,964.27
P013713,O013713,Credit Card,Successful,1160.3200000000002
P013714,O013714,Cash,Failed,83.88
P013715,O013715,Wallet,Successful,840.78
P013716,O013716,Debit Card,Successful,1082.1299999999999
P013717,O013717,UPI,Successful,854.75
P013718,O013718,UPI,Successful,545.1
P013719,O013719,Debit Card,Failed,1346.8100000000002
P013720,O013720,Wallet,Successful,1180.7399999999998
P013721,O013721,UPI,Successful,635.9599999999999
P013722,O013722,UPI,Successful,613.56
P013723,O013723,Wallet,Successful,1077.35
P013724,O013724,Debit Card,Failed,759.3299999999999
P013725,O013725,UPI,Successful,1527.1599999999999
P013726,O013726,Cash,Successful,1154.24
P013727,O013727,Cash,Successful,619.44
P013728,O013728,Credit Card,Successful,776.34
P013729,O013729,Wallet,Failed,1730.12
P013730,O013730,Debit Card,Successful,319.44
P013731,O013731,Credit Card,Successful,1375.35
P013732,O013732,Credit Card,Successful,668.13
P013733,O013733,Credit Card,Successful,248.75
P013734,O013734,Debit Card,Failed,243.42
P013735,O013735,Debit Card,Successful,567.5300000000001
P013736,O013736,Debit Card,Successful,917.4999999999999
P013737,O013737,Cash,Failed,1609.24
P013738,O013738,UPI,Successful,666.6700000000001
P013739,O013739,UPI,Successful,417.12
P013740,O013740,Cash,Successful,835.0500000000001
P013741,O013741,UPI,Successful,361.91999999999996
P013742,O013742,Credit Card,Successful,440.7900000000001
P013743,O013743,UPI,Successful,1644.03
P013744,O013744,Debit Card,Successful,1031.0
P013745,O013745,Cash,Successful,1238.95
P013746,O013746,Debit Card,Successful,451.05
P013747,O013747,Cash,Successful,1080.0600000000002
P013748,O013748,Cash,Successful,1067.36
P013749,O013749,Credit Card,Successful,1495.1299999999999
P013750,O013750,Credit Card,Successful,134.39000000000001
P013751,O013751,Debit Card,Refunded,1551.46
P013752,O013752,Credit Card,Successful,193.22
P013753,O013753,Cash,Refunded,1670.79
P013754,O013754,Cash,Successful,309.03999999999996
P013755,O013755,Debit Card,Successful,804.6600000000001
P013756,O013756,Debit Card,Successful,228.32999999999998
P013757,O013757,Cash,Successful,789.62
P013758,O013758,Cash,Successful,494.71000000000004
P013759,O013759,UPI,Successful,809.0899999999999
P013760,O013760,Cash,Successful,1068.1599999999999
P013761,O013761,Cash,Successful,754.8499999999999
P013762,O013762,Wallet,Successful,141.47
P013763,O013763,UPI,Failed,1519.07
P013764,O013764,Credit Card,Successful,256.26000000000005
P013765,O013765,UPI,Successful,1391.12
P013766,O013766,Credit Card,Successful,1523.21
P013767,O013767,Cash,Successful,934.4199999999998
P013768,O013768,Credit Card,Successful,520.29
P013769,O013769,Debit Card,Successful,186.04000000000002
P013770,O013770,Wallet,Successful,1302.0
P013771,O013771,Credit Card,Successful,351.52
P013772,O013772,Credit Card,Successful,1293.62
P013773,O013773,Cash,Successful,1466.2
P013774,O013774,Debit Card,Successful,1562.6599999999999
P013775,O013775,Wallet,Successful,1028.39
P013776,O013776,Cash,Failed,1631.7600000000002
P013777,O013777,Credit Card,Successful,358.39
P013778,O013778,Credit Card,Successful,1609.26
P013779,O013779,Debit Card,Successful,577.34
P013780,O013780,Cash,Successful,555.8399999999999
P013781,O013781,Cash,Successful,432.5799999999999
P013782,O013782,Cash,Successful,323.68
P013783,O013783,UPI,Successful,680.72
P013784,O013784,Debit Card,Successful,1428.0099999999998
P013785,O013785,Debit Card,Successful,688.37
P013786,O013786,Cash,Successful,950.9699999999999
P013787,O013787,Wallet,Successful,513.8399999999999
P013788,O013788,UPI,Successful,704.41
P013789,O013789,Credit Card,Successful,154.25
P013790,O013790,UPI,Successful,1375.29
P013791,O013791,Cash,Successful,955.8299999999999
P013792,O013792,Credit Card,Successful,1477.2199999999998
P013793,O013793,Wallet,Successful,976.06
P013794,O013794,Wallet,Successful,1232.1799999999998
P013795,O013795,Cash,Successful,799.4300000000001
P013796,O013796,Debit Card,Successful,1239.6200000000001
P013797,O013797,Credit Card,Successful,1259.86
P013798,O013798,Debit Card,Successful,895.51
P013799,O013799,Debit Card,Successful,504.04
P013800,O013800,Credit Card,Failed,387.06
P013801,O013801,Cash,Successful,1542.42
P013802,O013802,Wallet,Refunded,232.76
P013803,O013803,Wallet,Failed,836.77
P013804,O013804,Credit Card,Successful,844.27
P013805,O013805,Debit Card,Successful,1302.63
P013806,O013806,UPI,Failed,344.05
P013807,O013807,Wallet,Successful,1287.3799999999999
P013808,O013808,Wallet,Successful,927.6099999999999
P013809,O013809,UPI,Successful,1276.3
P013810,O013810,UPI,Successful,1117.4199999999998
P013811,O013811,Credit Card,Successful,874.3499999999999
P013812,O013812,Debit Card,Successful,1621.7
P013813,O013813,UPI,Successful,568.02
P013814,O013814,Credit Card,Successful,441.52000000000004
P013815,O013815,Wallet,Successful,1277.22
P013816,O013816,Wallet,Successful,339.86
P013817,O013817,Credit Card,Successful,1061.69
P013818,O013818,Debit Card,Successful,954.6100000000001
P013819,O013819,Credit Card,Successful,85.36
P013820,O013820,UPI,Successful,492.94
P013821,O013821,Debit Card,Successful,759.78
P013822,O013822,UPI,Refunded,615.51
P013823,O013823,Wallet,Successful,839.9100000000001
P013824,O013824,Credit Card,Successful,935.24
P013825,O013825,Cash,Refunded,1065.1599999999999
P013826,O013826,Debit Card,Refunded,359.14000000000004
P013827,O013827,Cash,Successful,521.77
P013828,O013828,Cash,Successful,1078.1399999999999
P013829,O013829,Debit Card,Successful,995.28
P013830,O013830,Cash,Successful,1246.1
P013831,O013831,Cash,Failed,1277.39
P013832,O013832,Cash,Successful,637.29
P013833,O013833,Credit Card,Successful,738.48
P013834,O013834,Wallet,Successful,1733.8799999999999
P013835,O013835,UPI,Successful,362.45
P013836,O013836,Wallet,Successful,596.94
P013837,O013837,Credit Card,Successful,1596.99
P013838,O013838,UPI,Successful,601.32
P013839,O013839,UPI,Successful,819.1700000000001
P013840,O013840,UPI,Successful,700.0799999999999
P013841,O013841,Debit Card,Successful,1526.27
P013842,O013842,Cash,Successful,1070.2399999999998
P013843,O013843,Debit Card,Successful,467.34000000000003
P013844,O013844,Debit Card,Successful,1492.09
P013845,O013845,Credit Card,Refunded,144.43
P013846,O013846,Debit Card,Successful,815.3699999999999
P013847,O013847,Debit Card,Failed,1727.45
P013848,O013848,Credit Card,Successful,1112.8999999999999
P013849,O013849,Cash,Successful,1311.8100000000002
P013850,O013850,Debit Card,Successful,1338.3899999999999
P013851,O013851,Credit Card,Successful,1419.16
P013852,O013852,Debit Card,Successful,251.05
P013853,O013853,Cash,Failed,432.34000000000003
P013854,O013854,Debit Card,Successful,743.81
P013855,O013855,Cash,Successful,105.35
P013856,O013856,Credit Card,Successful,1173.32
P013857,O013857,Wallet,Successful,980.36
P013858,O013858,Wallet,Successful,1162.63
P013859,O013859,Credit Card,Successful,1082.1100000000001
P013860,O013860,Debit Card,Successful,686.17
P013861,O013861,UPI,Successful,1584.21
P013862,O013862,Debit Card,Successful,1138.0
P013863,O013863,Cash,Successful,1030.52
P013864,O013864,Cash,Successful,159.17000000000002
P013865,O013865,Credit Card,Successful,1276.95
P013866,O013866,Debit Card,Refunded,1119.1299999999999
P013867,O013867,Cash,Successful,1313.5100000000002
P013868,O013868,Cash,Successful,622.99
P013869,O013869,Credit Card,Successful,1439.73
P013870,O013870,UPI,Refunded,874.4100000000001
P013871,O013871,Wallet,Successful,1486.5
P013872,O013872,Debit Card,Successful,255.19
P013873,O013873,UPI,Successful,988.04
P013874,O013874,Debit Card,Successful,422.59
P013875,O013875,Wallet,Successful,938.8100000000001
P013876,O013876,Debit Card,Successful,556.37
P013877,O013877,Credit Card,Successful,1500.1
P013878,O013878,Debit Card,Successful,326.81
P013879,O013879,Credit Card,Successful,1144.28
P013880,O013880,UPI,Successful,748.1400000000001
P013881,O013881,Wallet,Successful,780.75
P013882,O013882,Credit Card,Successful,1076.2599999999998
P013883,O013883,Wallet,Successful,596.58
P013884,O013884,Wallet,Successful,608.37
P013885,O013885,Debit Card,Refunded,185.18
P013886,O013886,Cash,Successful,892.7800000000001
P013887,O013887,Credit Card,Successful,652.09
P013888,O013888,UPI,Successful,1470.6799999999998
P013889,O013889,Credit Card,Successful,787.08
P013890,O013890,Wallet,Successful,1567.42
P013891,O013891,Cash,Successful,401.09
P013892,O013892,Debit Card,Successful,515.7099999999999
P013893,O013893,Credit Card,Refunded,813.1999999999999
P013894,O013894,Debit Card,Failed,346.04
P013895,O013895,Cash,Successful,1890.3700000000001
P013896,O013896,UPI,Successful,1118.82
P013897,O013897,Wallet,Successful,104.48
P013898,O013898,Cash,Successful,1158.95
P013899,O013899,Wallet,Successful,1375.55
P013900,O013900,UPI,Successful,157.32
P013901,O013901,Wallet,Successful,984.3
P013902,O013902,Cash,Successful,699.72
P013903,O013903,Wallet,Successful,1072.8999999999999
P013904,O013904,Wallet,Successful,569.97
P013905,O013905,Wallet,Successful,973.8700000000001
P013906,O013906,Credit Card,Successful,1209.35
P013907,O013907,Wallet,Successful,984.49
P013908,O013908,Wallet,Successful,1783.7
P013909,O013909,Wallet,Successful,1535.8899999999999
P013910,O013910,UPI,Successful,134.41
P013911,O013911,Debit Card,Successful,601.4
P013912,O013912,Credit Card,Successful,717.63
P013913,O013913,Cash,Successful,190.48
P013914,O013914,Debit Card,Successful,810.2600000000001
P013915,O013915,Credit Card,Successful,125.79
P013916,O013916,Debit Card,Failed,1045.33
P013917,O013917,Debit Card,Successful,78.3
P013918,O013918,Wallet,Successful,124.57000000000001
P013919,O013919,Debit Card,Successful,1552.2400000000002
P013920,O013920,Debit Card,Successful,573.82
P013921,O013921,Cash,Successful,243.4
P013922,O013922,Cash,Successful,679.39
P013923,O013923,UPI,Successful,153.08
P013924,O013924,Credit Card,Successful,1174.98
P013925,O013925,Wallet,Successful,962.8400000000001
P013926,O013926,Cash,Successful,1095.93
P013927,O013927,Debit Card,Successful,1106.8400000000001
P013928,O013928,Cash,Successful,1273.55
P013929,O013929,Credit Card,Successful,279.01
P013930,O013930,Debit Card,Successful,614.7099999999999
P013931,O013931,Cash,Successful,380.09999999999997
P013932,O013932,Debit Card,Successful,198.82
P013933,O013933,Debit Card,Failed,900.02
P013934,O013934,Credit Card,Successful,490.26
P013935,O013935,Credit Card,Successful,339.39
P013936,O013936,Debit Card,Successful,779.64
P013937,O013937,Debit Card,Successful,1014.96
P013938,O013938,Debit Card,Successful,1113.7
P013939,O013939,Cash,Successful,131.39000000000001
P013940,O013940,Debit Card,Successful,896.7800000000001
P013941,O013941,Debit Card,Successful,492.59000000000003
P013942,O013942,Wallet,Successful,1968.22
P013943,O013943,Wallet,Successful,304.16
P013944,O013944,Cash,Successful,888.9599999999999
P013945,O013945,Cash,Successful,1534.27
P013946,O013946,UPI,Successful,499.15
P013947,O013947,Credit Card,Successful,1332.4399999999998
P013948,O013948,Cash,Successful,474.0
P013949,O013949,Cash,Successful,207.77
P013950,O013950,Debit Card,Successful,161.29
P013951,O013951,Cash,Successful,1662.7399999999998
P013952,O013952,Credit Card,Successful,432.32
P013953,O013953,Credit Card,Successful,596.24
P013954,O013954,Credit Card,Successful,1393.6000000000001
P013955,O013955,Cash,Successful,958.49
P013956,O013956,Debit Card,Failed,935.0
P013957,O013957,Credit Card,Successful,710.68
P013958,O013958,Debit Card,Successful,148.92000000000002
P013959,O013959,UPI,Successful,1249.03
P013960,O013960,Credit Card,Successful,1546.08
P013961,O013961,Credit Card,Successful,244.70999999999998
P013962,O013962,Credit Card,Refunded,738.01
P013963,O013963,Debit Card,Successful,1573.29
P013964,O013964,Credit Card,Successful,454.39
P013965,O013965,Wallet,Successful,917.4299999999998
P013966,O013966,Cash,Successful,768.3699999999999
P013967,O013967,Cash,Successful,1407.4
P013968,O013968,Cash,Failed,167.31
P013969,O013969,Cash,Failed,1501.68
P013970,O013970,Debit Card,Successful,346.42
P013971,O013971,Debit Card,Successful,103.52999999999999
P013972,O013972,Wallet,Refunded,974.53
P013973,O013973,Debit Card,Successful,476.30999999999995
P013974,O013974,Cash,Successful,1328.3200000000002
P013975,O013975,Cash,Successful,718.78
P013976,O013976,Wallet,Successful,1029.72
P013977,O013977,Credit Card,Failed,1157.72
P013978,O013978,Credit Card,Successful,1405.8000000000002
P013979,O013979,UPI,Successful,1629.3400000000001
P013980,O013980,Wallet,Failed,975.27
P013981,O013981,Cash,Successful,767.34
P013982,O013982,Credit Card,Successful,1097.7800000000002
P013983,O013983,Credit Card,Refunded,1284.55
P013984,O013984,UPI,Failed,327.89
P013985,O013985,Credit Card,Successful,145.02
P013986,O013986,Cash,Failed,960.59
P013987,O013987,Credit Card,Successful,259.49
P013988,O013988,Cash,Successful,439.06000000000006
P013989,O013989,Wallet,Successful,927.98
P013990,O013990,Wallet,Failed,350.74
P013991,O013991,Wallet,Successful,143.85
P013992,O013992,Credit Card,Successful,873.29
P013993,O013993,Wallet,Failed,926.71
P013994,O013994,UPI,Failed,563.27
P013995,O013995,Cash,Successful,839.72
P013996,O013996,Wallet,Successful,1221.3400000000001
P013997,O013997,Cash,Successful,267.86
P013998,O013998,Cash,Successful,462.37999999999994
P013999,O013999,Credit Card,Successful,1560.74
P014000,O014000,Wallet,Successful,1210.41
P014001,O014001,Cash,Successful,429.86
P014002,O014002,Debit Card,Successful,656.54
P014003,O014003,Debit Card,Failed,325.45
P014004,O014004,UPI,Successful,503.0300000000001
P014005,O014005,UPI,Successful,1638.48
P014006,O014006,Cash,Successful,800.56
P014007,O014007,Credit Card,Successful,1275.6499999999999
P014008,O014008,Cash,Successful,356.39
P014009,O014009,Debit Card,Successful,374.98999999999995
P014010,O014010,UPI,Refunded,1679.73
P014011,O014011,Debit Card,Successful,1403.87
P014012,O014012,Wallet,Successful,1128.3300000000002
P014013,O014013,Cash,Successful,672.6700000000001
P014014,O014014,UPI,Successful,971.23
P014015,O014015,Credit Card,Failed,889.0400000000001
P014016,O014016,UPI,Successful,1451.4699999999998
P014017,O014017,UPI,Successful,502.84999999999997
P014018,O014018,UPI,Successful,1536.12
P014019,O014019,Cash,Successful,1143.03
P014020,O014020,Credit Card,Successful,626.6800000000001
P014021,O014021,Debit Card,Successful,578.57
P014022,O014022,UPI,Successful,1078.0700000000002
P014023,O014023,UPI,Successful,1303.6399999999999
P014024,O014024,Debit Card,Successful,672.6099999999999
P014025,O014025,UPI,Successful,392.84
P014026,O014026,Credit Card,Successful,840.0
P014027,O014027,Credit Card,Successful,948.03
P014028,O014028,Wallet,Successful,1058.38
P014029,O014029,Debit Card,Successful,1841.21
P014030,O014030,Cash,Successful,851.73
P014031,O014031,Wallet,Successful,1335.96
P014032,O014032,Credit Card,Successful,716.49
P014033,O014033,Wallet,Successful,938.5600000000001
P014034,O014034,Cash,Successful,234.12
P014035,O014035,Wallet,Successful,1645.59
P014036,O014036,Wallet,Successful,533.8000000000001
P014037,O014037,Credit Card,Successful,220.17000000000002
P014038,O014038,Debit Card,Successful,1924.9399999999998
P014039,O014039,UPI,Successful,1566.8300000000002
P014040,O014040,Debit Card,Successful,458.22
P014041,O014041,Wallet,Successful,728.74
P014042,O014042,Credit Card,Successful,1565.3600000000001
P014043,O014043,UPI,Successful,1439.2
P014044,O014044,UPI,Successful,1697.63
P014045,O014045,UPI,Successful,1099.9399999999998
P014046,O014046,Cash,Successful,454.60999999999996
P014047,O014047,UPI,Successful,386.38
P014048,O014048,Debit Card,Successful,1080.17
P014049,O014049,Debit Card,Successful,1719.6399999999999
P014050,O014050,Debit Card,Successful,1040.51
P014051,O014051,Cash,Successful,116.37
P014052,O014052,UPI,Successful,926.7900000000001
P014053,O014053,UPI,Failed,1236.21
P014054,O014054,UPI,Successful,1140.29
P014055,O014055,Credit Card,Successful,1265.6599999999999
P014056,O014056,Wallet,Successful,626.62
P014057,O014057,UPI,Successful,352.75
P014058,O014058,UPI,Successful,1399.8899999999999
P014059,O014059,Cash,Successful,420.17
P014060,O014060,Debit Card,Successful,279.65
P014061,O014061,Cash,Successful,665.5400000000001
P014062,O014062,Credit Card,Successful,1213.78
P014063,O014063,UPI,Successful,179.71999999999997
P014064,O014064,Debit Card,Successful,468.78
P014065,O014065,Wallet,Successful,854.4200000000001
P014066,O014066,Credit Card,Successful,500.65999999999997
P014067,O014067,UPI,Successful,1438.8100000000002
P014068,O014068,Wallet,Successful,992.01
P014069,O014069,Debit Card,Successful,1222.33
P014070,O014070,Credit Card,Failed,456.84000000000003
P014071,O014071,UPI,Successful,1018.74
P014072,O014072,Wallet,Successful,1297.78
P014073,O014073,Debit Card,Successful,216.84
P014074,O014074,Debit Card,Successful,154.8
P014075,O014075,Cash,Successful,1070.73
P014076,O014076,Wallet,Successful,895.76
P014077,O014077,Wallet,Successful,618.46
P014078,O014078,Cash,Successful,166.79999999999998
P014079,O014079,Cash,Successful,671.55
P014080,O014080,Credit Card,Successful,1272.51
P014081,O014081,UPI,Successful,1093.42
P014082,O014082,Wallet,Successful,773.41
P014083,O014083,UPI,Successful,1078.04
P014084,O014084,Wallet,Successful,1243.1999999999998
P014085,O014085,Wallet,Refunded,845.04
P014086,O014086,Credit Card,Successful,428.55999999999995
P014087,O014087,Cash,Successful,465.37
P014088,O014088,Credit Card,Successful,1412.71
P014089,O014089,Cash,Successful,835.53
P014090,O014090,UPI,Successful,1224.47
P014091,O014091,Cash,Successful,808.49
P014092,O014092,Credit Card,Refunded,1428.0
P014093,O014093,Debit Card,Successful,814.92
P014094,O014094,Credit Card,Successful,1633.9499999999998
P014095,O014095,Debit Card,Successful,531.23
P014096,O014096,UPI,Successful,261.06
P014097,O014097,Debit Card,Successful,700.8000000000001
P014098,O014098,Cash,Successful,1433.23
P014099,O014099,Debit Card,Successful,1445.0100000000002
P014100,O014100,Credit Card,Successful,422.02000000000004
P014101,O014101,UPI,Successful,1114.1100000000001
P014102,O014102,Cash,Successful,985.36
P014103,O014103,Credit Card,Successful,641.7900000000001
P014104,O014104,Debit Card,Successful,534.47
P014105,O014105,Cash,Failed,628.24
P014106,O014106,UPI,Successful,1205.96
P014107,O014107,Wallet,Refunded,414.21999999999997
P014108,O014108,Cash,Successful,754.84
P014109,O014109,Wallet,Successful,762.75
P014110,O014110,Debit Card,Successful,1803.02
P014111,O014111,Cash,Successful,476.7800000000001
P014112,O014112,Wallet,Successful,100.83000000000001
P014113,O014113,Cash,Successful,1124.1599999999999
P014114,O014114,UPI,Successful,1285.68
P014115,O014115,UPI,Successful,1050.29
P014116,O014116,Debit Card,Successful,1113.92
P014117,O014117,Cash,Successful,839.53
P014118,O014118,Cash,Successful,99.23000000000002
P014119,O014119,UPI,Successful,1392.8899999999999
P014120,O014120,Debit Card,Successful,1741.6100000000001
P014121,O014121,Cash,Successful,287.68999999999994
P014122,O014122,Cash,Successful,224.42999999999998
P014123,O014123,Cash,Successful,595.53
P014124,O014124,Debit Card,Successful,1307.25
P014125,O014125,Credit Card,Successful,264.21000000000004
P014126,O014126,Credit Card,Successful,1057.82
P014127,O014127,UPI,Successful,199.79
P014128,O014128,Wallet,Successful,148.31
P014129,O014129,Debit Card,Successful,1278.45
P014130,O014130,Wallet,Successful,1304.22
P014131,O014131,Credit Card,Successful,1009.51
P014132,O014132,Credit Card,Successful,311.8
P014133,O014133,UPI,Successful,557.8599999999999
P014134,O014134,Cash,Successful,178.04999999999998
P014135,O014135,Wallet,Successful,1098.98
P014136,O014136,Credit Card,Successful,1230.9099999999999
P014137,O014137,Credit Card,Successful,685.5600000000001
P014138,O014138,Credit Card,Successful,716.55
P014139,O014139,Wallet,Failed,1013.2099999999999
P014140,O014140,Cash,Failed,1877.3
P014141,O014141,Cash,Successful,715.4300000000001
P014142,O014142,Cash,Successful,935.1899999999999
P014143,O014143,Debit Card,Successful,1362.13
P014144,O014144,Debit Card,Refunded,549.9
P014145,O014145,Credit Card,Successful,1361.86
P014146,O014146,Credit Card,Successful,1311.66
P014147,O014147,Cash,Successful,1200.5300000000002
P014148,O014148,Wallet,Successful,902.2800000000001
P014149,O014149,Wallet,Failed,1915.21
P014150,O014150,Credit Card,Successful,1374.58
P014151,O014151,Debit Card,Successful,1194.19
P014152,O014152,UPI,Successful,1523.43
P014153,O014153,UPI,Successful,1121.99
P014154,O014154,Cash,Successful,466.36999999999995
P014155,O014155,Credit Card,Successful,335.74
P014156,O014156,Debit Card,Successful,763.76
P014157,O014157,Cash,Successful,1079.59
P014158,O014158,Debit Card,Successful,1238.03
P014159,O014159,Wallet,Successful,284.78
P014160,O014160,Wallet,Successful,1165.87
P014161,O014161,Wallet,Successful,527.86
P014162,O014162,Credit Card,Failed,1678.0800000000002
P014163,O014163,Cash,Successful,945.3299999999999
P014164,O014164,Wallet,Refunded,1279.05
P014165,O014165,UPI,Successful,1115.48
P014166,O014166,Wallet,Successful,249.01000000000002
P014167,O014167,Credit Card,Successful,1609.48
P014168,O014168,Credit Card,Successful,304.87
P014169,O014169,Credit Card,Successful,669.07
P014170,O014170,UPI,Successful,968.5699999999999
P014171,O014171,UPI,Successful,164.25
P014172,O014172,Debit Card,Successful,879.72
P014173,O014173,Debit Card,Successful,847.64
P014174,O014174,UPI,Failed,173.32999999999998
P014175,O014175,Cash,Successful,1441.8500000000001
P014176,O014176,Wallet,Successful,1022.67
P014177,O014177,Debit Card,Successful,502.42999999999995
P014178,O014178,UPI,Successful,232.11
P014179,O014179,UPI,Successful,1031.96
P014180,O014180,Wallet,Successful,643.76
P014181,O014181,Wallet,Successful,1622.47
P014182,O014182,Cash,Successful,1149.13
P014183,O014183,Cash,Successful,538.09
P014184,O014184,Debit Card,Successful,885.56
P014185,O014185,Cash,Successful,904.0
P014186,O014186,UPI,Successful,1318.85
P014187,O014187,UPI,Successful,1431.0
P014188,O014188,Debit Card,Successful,1774.95
P014189,O014189,Debit Card,Successful,1109.26
P014190,O014190,Credit Card,Successful,1137.2
P014191,O014191,UPI,Successful,374.45000000000005
P014192,O014192,Cash,Successful,753.15
P014193,O014193,Debit Card,Failed,925.6300000000001
P014194,O014194,Credit Card,Successful,279.48
P014195,O014195,UPI,Successful,432.31999999999994
P014196,O014196,Credit Card,Successful,1762.04
P014197,O014197,Wallet,Successful,1505.4
P014198,O014198,Wallet,Successful,907.9799999999999
P014199,O014199,Wallet,Successful,528.6500000000001
P014200,O014200,Credit Card,Successful,1123.51
P014201,O014201,Credit Card,Failed,532.13
P014202,O014202,Credit Card,Successful,412.62
P014203,O014203,Credit Card,Successful,273.15
P014204,O014204,Cash,Successful,533.63
P014205,O014205,Wallet,Failed,864.37
P014206,O014206,Cash,Successful,352.03000000000003
P014207,O014207,UPI,Successful,366.81
P014208,O014208,Cash,Successful,737.5899999999999
P014209,O014209,Wallet,Successful,830.1399999999999
P014210,O014210,Debit Card,Successful,1166.7399999999998
P014211,O014211,Cash,Successful,935.0099999999999
P014212,O014212,UPI,Successful,1241.3400000000001
P014213,O014213,Wallet,Successful,1404.24
P014214,O014214,Wallet,Successful,793.27
P014215,O014215,Cash,Successful,707.6400000000001
P014216,O014216,Wallet,Successful,1142.29
P014217,O014217,Debit Card,Successful,1665.6299999999999
P014218,O014218,Debit Card,Successful,304.41999999999996
P014219,O014219,UPI,Successful,1887.0600000000002
P014220,O014220,Cash,Failed,1524.73
P014221,O014221,Credit Card,Successful,1533.56
P014222,O014222,Credit Card,Successful,731.6099999999999
P014223,O014223,UPI,Successful,1311.5100000000002
P014224,O014224,UPI,Successful,1280.4299999999998
P014225,O014225,Wallet,Successful,413.59000000000003
P014226,O014226,Debit Card,Successful,1127.79
P014227,O014227,Wallet,Successful,814.6400000000001
P014228,O014228,Debit Card,Successful,639.88
P014229,O014229,Cash,Failed,1359.6599999999999
P014230,O014230,Wallet,Successful,1351.6699999999998
P014231,O014231,Credit Card,Successful,1538.3799999999999
P014232,O014232,Cash,Successful,1301.4199999999998
P014233,O014233,UPI,Successful,964.9
P014234,O014234,Wallet,Successful,1090.73
P014235,O014235,Credit Card,Successful,1433.6799999999998
P014236,O014236,UPI,Failed,335.57
P014237,O014237,Cash,Successful,1522.2900000000002
P014238,O014238,Cash,Successful,953.3600000000001
P014239,O014239,UPI,Successful,1908.76
P014240,O014240,Cash,Failed,921.8
P014241,O014241,Wallet,Successful,370.38
P014242,O014242,Cash,Successful,1180.46
P014243,O014243,Debit Card,Successful,1181.9299999999998
P014244,O014244,Debit Card,Successful,276.74
P014245,O014245,Credit Card,Successful,101.63
P014246,O014246,Credit Card,Successful,856.02
P014247,O014247,Debit Card,Successful,432.91
P014248,O014248,UPI,Successful,1251.28
P014249,O014249,Credit Card,Successful,466.46999999999997
P014250,O014250,Cash,Successful,1266.8200000000002
P014251,O014251,Wallet,Refunded,632.89
P014252,O014252,Wallet,Successful,732.1
P014253,O014253,Wallet,Successful,400.7
P014254,O014254,Wallet,Successful,805.3500000000001
P014255,O014255,Wallet,Successful,1195.59
P014256,O014256,Cash,Successful,979.69
P014257,O014257,Credit Card,Refunded,1368.4099999999999
P014258,O014258,Debit Card,Successful,977.8900000000001
P014259,O014259,UPI,Refunded,1164.58
P014260,O014260,UPI,Successful,628.1999999999999
P014261,O014261,Cash,Successful,692.75
P014262,O014262,Debit Card,Failed,109.47
P014263,O014263,Credit Card,Successful,206.25
P014264,O014264,Wallet,Successful,813.33
P014265,O014265,Debit Card,Successful,417.78000000000003
P014266,O014266,Debit Card,Failed,1216.81
P014267,O014267,Cash,Failed,1203.77
P014268,O014268,Credit Card,Successful,1533.0
P014269,O014269,Wallet,Successful,1301.31
P014270,O014270,Debit Card,Successful,1643.86
P014271,O014271,Wallet,Successful,773.03
P014272,O014272,Cash,Successful,1003.6999999999999
P014273,O014273,Credit Card,Successful,614.63
P014274,O014274,Cash,Successful,1913.22
P014275,O014275,Credit Card,Successful,605.89
P014276,O014276,Credit Card,Failed,309.54
P014277,O014277,Cash,Successful,442.03000000000003
P014278,O014278,UPI,Successful,671.01
P014279,O014279,Wallet,Successful,1131.18
P014280,O014280,Cash,Successful,1067.29
P014281,O014281,Credit Card,Successful,1101.21
P014282,O014282,Debit Card,Successful,949.57
P014283,O014283,Credit Card,Successful,745.4100000000001
P014284,O014284,UPI,Successful,144.35000000000002
P014285,O014285,Credit Card,Successful,1395.1699999999998
P014286,O014286,Debit Card,Successful,254.28
P014287,O014287,Cash,Successful,948.57
P014288,O014288,Credit Card,Successful,1439.8100000000002
P014289,O014289,UPI,Successful,936.99
P014290,O014290,Credit Card,Successful,470.80999999999995
P014291,O014291,UPI,Successful,1198.34
P014292,O014292,Credit Card,Successful,520.4
P014293,O014293,Credit Card,Successful,1006.41
P014294,O014294,Debit Card,Successful,919.6199999999999
P014295,O014295,Wallet,Successful,1370.66
P014296,O014296,Cash,Successful,208.85
P014297,O014297,UPI,Successful,1550.04
P014298,O014298,Wallet,Successful,266.36
P014299,O014299,Wallet,Successful,247.16000000000003
P014300,O014300,UPI,Successful,727.1700000000001
P014301,O014301,Credit Card,Successful,590.55
P014302,O014302,Credit Card,Successful,144.68
P014303,O014303,Debit Card,Successful,313.42999999999995
P014304,O014304,Credit Card,Successful,764.02
P014305,O014305,Credit Card,Successful,1366.85
P014306,O014306,Cash,Failed,311.99
P014307,O014307,Cash,Successful,275.03000000000003
P014308,O014308,Credit Card,Successful,1141.77
P014309,O014309,UPI,Successful,954.2400000000001
P014310,O014310,Credit Card,Successful,674.6
P014311,O014311,UPI,Successful,863.69
P014312,O014312,Debit Card,Successful,698.78
P014313,O014313,Cash,Successful,1426.01
P014314,O014314,Debit Card,Successful,93.6
P014315,O014315,Cash,Successful,656.95
P014316,O014316,Debit Card,Successful,371.4
P014317,O014317,Wallet,Successful,609.48
P014318,O014318,Credit Card,Successful,280.99
P014319,O014319,Credit Card,Successful,829.17
P014320,O014320,Credit Card,Successful,1215.04
P014321,O014321,Cash,Successful,1100.53
P014322,O014322,Cash,Successful,1348.4499999999998
P014323,O014323,Credit Card,Successful,1396.96
P014324,O014324,Credit Card,Successful,938.9100000000001
P014325,O014325,Debit Card,Successful,737.09
P014326,O014326,UPI,Successful,187.44
P014327,O014327,Credit Card,Successful,142.27
P014328,O014328,Wallet,Successful,281.75
P014329,O014329,UPI,Successful,1866.61
P014330,O014330,Credit Card,Successful,1263.23
P014331,O014331,UPI,Successful,739.89
P014332,O014332,Wallet,Successful,925.97
P014333,O014333,UPI,Successful,1381.96
P014334,O014334,UPI,Successful,843.6599999999999
P014335,O014335,Cash,Successful,707.6899999999999
P014336,O014336,Credit Card,Successful,717.28
P014337,O014337,Debit Card,Successful,353.97
P014338,O014338,UPI,Successful,1735.5700000000002
P014339,O014339,Wallet,Failed,847.8
P014340,O014340,Debit Card,Successful,1200.37
P014341,O014341,Cash,Successful,1038.15
P014342,O014342,Credit Card,Successful,1186.56
P014343,O014343,UPI,Successful,592.03
P014344,O014344,Credit Card,Successful,1510.3799999999999
P014345,O014345,Cash,Successful,1272.3600000000001
P014346,O014346,UPI,Successful,226.06
P014347,O014347,Cash,Successful,228.39
P014348,O014348,Wallet,Successful,1790.45
P014349,O014349,Cash,Successful,322.6
P014350,O014350,Wallet,Failed,1020.07
P014351,O014351,Wallet,Refunded,1198.29
P014352,O014352,Cash,Successful,217.7
P014353,O014353,Cash,Successful,1135.4699999999998
P014354,O014354,UPI,Successful,882.8000000000001
P014355,O014355,Credit Card,Successful,489.14
P014356,O014356,Credit Card,Successful,1080.0900000000001
P014357,O014357,Wallet,Successful,1220.39
P014358,O014358,Debit Card,Failed,1129.34
P014359,O014359,Cash,Successful,1455.66
P014360,O014360,Cash,Successful,119.19999999999999
P014361,O014361,UPI,Successful,1487.57
P014362,O014362,Debit Card,Successful,341.08000000000004
P014363,O014363,UPI,Successful,594.5
P014364,O014364,Debit Card,Failed,1068.85
P014365,O014365,Debit Card,Successful,576.45
P014366,O014366,UPI,Successful,412.45
P014367,O014367,Cash,Successful,1693.3500000000001
P014368,O014368,Wallet,Successful,1709.41
P014369,O014369,Wallet,Successful,139.82000000000002
P014370,O014370,Debit Card,Successful,1007.71
P014371,O014371,UPI,Successful,352.48
P014372,O014372,Wallet,Successful,1619.45
P014373,O014373,UPI,Successful,787.41
P014374,O014374,UPI,Successful,961.37
P014375,O014375,UPI,Successful,983.96
P014376,O014376,UPI,Successful,201.28
P014377,O014377,UPI,Successful,266.22
P014378,O014378,Wallet,Successful,923.44
P014379,O014379,Debit Card,Successful,1666.26
P014380,O014380,Debit Card,Successful,1515.71
P014381,O014381,Debit Card,Successful,1573.92
P014382,O014382,Credit Card,Successful,360.01
P014383,O014383,UPI,Successful,1906.3200000000002
P014384,O014384,Credit Card,Successful,1132.82
P014385,O014385,Cash,Successful,672.76
P014386,O014386,Debit Card,Successful,1425.03
P014387,O014387,Cash,Successful,1222.0
P014388,O014388,Cash,Successful,1185.4099999999999
P014389,O014389,Cash,Successful,1227.73
P014390,O014390,Debit Card,Successful,1315.7199999999998
P014391,O014391,Debit Card,Successful,1570.3700000000001
P014392,O014392,Cash,Failed,259.8
P014393,O014393,Debit Card,Successful,1600.52
P014394,O014394,Credit Card,Refunded,1571.3700000000001
P014395,O014395,Debit Card,Successful,838.62
P014396,O014396,Wallet,Successful,389.6
P014397,O014397,UPI,Successful,675.9100000000001
P014398,O014398,Credit Card,Successful,1157.31
P014399,O014399,Credit Card,Successful,1228.5800000000002
P014400,O014400,UPI,Successful,467.98
P014401,O014401,Wallet,Successful,836.66
P014402,O014402,Debit Card,Failed,1775.97
P014403,O014403,Debit Card,Successful,1294.92
P014404,O014404,Wallet,Successful,262.18
P014405,O014405,Credit Card,Successful,963.84
P014406,O014406,UPI,Successful,1326.29
P014407,O014407,UPI,Successful,140.93
P014408,O014408,Cash,Successful,166.82
P014409,O014409,UPI,Successful,1457.82
P014410,O014410,Debit Card,Successful,882.99
P014411,O014411,UPI,Successful,165.18
P014412,O014412,Wallet,Successful,1524.68
P014413,O014413,Debit Card,Successful,923.0900000000001
P014414,O014414,Cash,Successful,1021.1500000000001
P014415,O014415,Cash,Successful,716.3199999999999
P014416,O014416,Debit Card,Successful,1307.1399999999999
P014417,O014417,Wallet,Successful,725.86
P014418,O014418,Debit Card,Successful,1152.59
P014419,O014419,UPI,Successful,845.42
P014420,O014420,Cash,Successful,1222.03
P014421,O014421,Credit Card,Successful,1444.3899999999999
P014422,O014422,Cash,Successful,1171.2599999999998
P014423,O014423,Wallet,Failed,1237.3200000000002
P014424,O014424,Cash,Successful,340.78999999999996
P014425,O014425,Debit Card,Successful,183.05
P014426,O014426,Credit Card,Successful,1274.1200000000001
P014427,O014427,Credit Card,Successful,155.75
P014428,O014428,UPI,Successful,362.83
P014429,O014429,Cash,Successful,774.47
P014430,O014430,Debit Card,Successful,1270.98
P014431,O014431,Wallet,Successful,1467.73
P014432,O014432,Cash,Successful,909.5999999999999
P014433,O014433,Debit Card,Successful,1365.23
P014434,O014434,Debit Card,Successful,1274.97
P014435,O014435,UPI,Successful,1002.19
P014436,O014436,Cash,Successful,335.32
P014437,O014437,UPI,Successful,728.9100000000001
P014438,O014438,Debit Card,Failed,1645.1000000000001
P014439,O014439,UPI,Successful,492.52
P014440,O014440,Credit Card,Successful,1180.26
P014441,O014441,Credit Card,Successful,1811.81
P014442,O014442,Wallet,Successful,366.96000000000004
P014443,O014443,UPI,Successful,284.21
P014444,O014444,UPI,Successful,1594.0800000000002
P014445,O014445,UPI,Successful,126.13999999999999
P014446,O014446,Cash,Successful,970.45
P014447,O014447,UPI,Successful,647.53
P014448,O014448,Debit Card,Successful,1386.61
P014449,O014449,UPI,Successful,288.24
P014450,O014450,Cash,Successful,569.46
P014451,O014451,Debit Card,Successful,130.73000000000002
P014452,O014452,Credit Card,Successful,541.63
P014453,O014453,Debit Card,Failed,876.83
P014454,O014454,Credit Card,Successful,348.66
P014455,O014455,Wallet,Successful,1011.1499999999999
P014456,O014456,UPI,Successful,262.39
P014457,O014457,Credit Card,Successful,1440.5600000000002
P014458,O014458,Credit Card,Successful,1551.97
P014459,O014459,Cash,Successful,738.79
P014460,O014460,Wallet,Successful,1067.01
P014461,O014461,Debit Card,Successful,988.6800000000001
P014462,O014462,Wallet,Successful,1283.99
P014463,O014463,UPI,Successful,1417.8000000000002
P014464,O014464,UPI,Successful,1450.04
P014465,O014465,UPI,Successful,432.25
P014466,O014466,Credit Card,Successful,1316.74
P014467,O014467,Debit Card,Successful,1162.66
P014468,O014468,Debit Card,Successful,465.61
P014469,O014469,Cash,Successful,466.51000000000005
P014470,O014470,Wallet,Successful,1317.49
P014471,O014471,Debit Card,Successful,1270.6999999999998
P014472,O014472,Cash,Failed,1266.6999999999998
P014473,O014473,Debit Card,Successful,1107.6200000000001
P014474,O014474,UPI,Successful,1758.3799999999999
P014475,O014475,UPI,Successful,1249.42
P014476,O014476,Cash,Successful,805.95
P014477,O014477,Cash,Successful,1300.11
P014478,O014478,Credit Card,Successful,597.28
P014479,O014479,Debit Card,Successful,466.77
P014480,O014480,Cash,Successful,1651.54
P014481,O014481,UPI,Successful,1877.22
P014482,O014482,UPI,Successful,1444.52
P014483,O014483,Debit Card,Successful,471.7
P014484,O014484,Wallet,Successful,1067.09
P014485,O014485,Debit Card,Successful,956.3199999999999
P014486,O014486,Wallet,Successful,369.39000000000004
P014487,O014487,Cash,Successful,785.3399999999999
P014488,O014488,UPI,Successful,883.41
P014489,O014489,Cash,Successful,447.31999999999994
P014490,O014490,Credit Card,Successful,1803.95
P014491,O014491,Credit Card,Successful,780.4000000000001
P014492,O014492,Credit Card,Refunded,1030.98
P014493,O014493,Credit Card,Successful,1029.98
P014494,O014494,Cash,Successful,1675.3500000000001
P014495,O014495,Credit Card,Successful,1004.56
P014496,O014496,Cash,Failed,984.8799999999999
P014497,O014497,Debit Card,Successful,495.04
P014498,O014498,Wallet,Successful,896.4499999999999
P014499,O014499,Credit Card,Successful,768.92
P014500,O014500,UPI,Successful,1257.0600000000002
P014501,O014501,Credit Card,Successful,567.17
P014502,O014502,Wallet,Successful,1044.2900000000002
P014503,O014503,Credit Card,Failed,1083.26
P014504,O014504,Debit Card,Successful,713.27
P014505,O014505,UPI,Successful,267.48
P014506,O014506,Credit Card,Failed,1287.27
P014507,O014507,Debit Card,Refunded,1575.16
P014508,O014508,Cash,Successful,343.66
P014509,O014509,Cash,Successful,214.62000000000003
P014510,O014510,Wallet,Successful,162.48000000000002
P014511,O014511,UPI,Successful,128.61
P014512,O014512,Cash,Successful,1276.52
P014513,O014513,Credit Card,Successful,1176.85
P014514,O014514,Credit Card,Successful,378.6
P014515,O014515,Wallet,Successful,1672.49
P014516,O014516,Debit Card,Failed,300.45
P014517,O014517,Debit Card,Successful,800.52
P014518,O014518,UPI,Successful,855.7
P014519,O014519,Cash,Successful,184.44
P014520,O014520,Debit Card,Successful,580.01
P014521,O014521,Debit Card,Successful,210.70999999999998
P014522,O014522,Debit Card,Successful,1135.3999999999999
P014523,O014523,Debit Card,Successful,133.82999999999998
P014524,O014524,Debit Card,Failed,126.3
P014525,O014525,Credit Card,Successful,1437.76
P014526,O014526,Cash,Successful,1167.87
P014527,O014527,UPI,Successful,921.97
P014528,O014528,Credit Card,Successful,628.53
P014529,O014529,Credit Card,Successful,461.32
P014530,O014530,Cash,Successful,278.70000000000005
P014531,O014531,UPI,Successful,951.79
P014532,O014532,Wallet,Successful,771.31
P014533,O014533,Cash,Successful,702.74
P014534,O014534,UPI,Successful,1224.67
P014535,O014535,Debit Card,Successful,285.4
P014536,O014536,Wallet,Successful,1324.45
P014537,O014537,Credit Card,Successful,773.4
P014538,O014538,Credit Card,Successful,464.64
P014539,O014539,Credit Card,Successful,1139.94
P014540,O014540,UPI,Successful,461.32
P014541,O014541,Credit Card,Successful,383.54
P014542,O014542,Debit Card,Successful,1679.94
P014543,O014543,UPI,Successful,1556.82
P014544,O014544,Wallet,Successful,1342.8799999999999
P014545,O014545,UPI,Successful,500.2900000000001
P014546,O014546,UPI,Successful,969.47
P014547,O014547,Cash,Successful,328.54
P014548,O014548,Cash,Successful,599.13
P014549,O014549,Wallet,Successful,205.07
P014550,O014550,Cash,Successful,954.27
P014551,O014551,Cash,Successful,1446.27
P014552,O014552,Wallet,Successful,1586.2
P014553,O014553,Cash,Successful,1337.76
P014554,O014554,Credit Card,Successful,392.28000000000003
P014555,O014555,Wallet,Successful,1171.64
P014556,O014556,Cash,Successful,1471.55
P014557,O014557,Cash,Successful,1537.46
P014558,O014558,UPI,Successful,75.22
P014559,O014559,Cash,Successful,1402.23
P014560,O014560,Credit Card,Successful,1357.72
P014561,O014561,Debit Card,Refunded,326.13
P014562,O014562,Debit Card,Successful,582.52
P014563,O014563,Credit Card,Successful,286.5
P014564,O014564,Debit Card,Successful,1473.48
P014565,O014565,Wallet,Successful,87.2
P014566,O014566,Cash,Successful,891.58
P014567,O014567,Credit Card,Successful,1806.49
P014568,O014568,UPI,Successful,1633.6100000000001
P014569,O014569,UPI,Successful,1164.52
P014570,O014570,Cash,Successful,1357.05
P014571,O014571,Cash,Successful,915.46
P014572,O014572,Credit Card,Successful,1378.2399999999998
P014573,O014573,Credit Card,Successful,1532.2199999999998
P014574,O014574,Wallet,Successful,1227.57
P014575,O014575,Credit Card,Successful,402.97
P014576,O014576,UPI,Successful,608.53
P014577,O014577,Wallet,Successful,1496.3000000000002
P014578,O014578,Debit Card,Successful,1263.34
P014579,O014579,Credit Card,Failed,1272.96
P014580,O014580,Wallet,Failed,1388.3300000000002
P014581,O014581,Cash,Successful,315.98
P014582,O014582,Credit Card,Successful,781.6400000000001
P014583,O014583,Debit Card,Successful,1033.61
P014584,O014584,Wallet,Successful,1943.83
P014585,O014585,UPI,Successful,1327.83
P014586,O014586,Credit Card,Successful,420.17
P014587,O014587,UPI,Successful,623.32
P014588,O014588,Cash,Successful,498.93
P014589,O014589,Cash,Successful,343.15000000000003
P014590,O014590,Wallet,Successful,291.39
P014591,O014591,Debit Card,Successful,1623.23
P014592,O014592,Cash,Successful,1661.28
P014593,O014593,Debit Card,Successful,717.3699999999999
P014594,O014594,Credit Card,Successful,1033.94
P014595,O014595,UPI,Failed,1339.6100000000001
P014596,O014596,Credit Card,Successful,1186.33
P014597,O014597,UPI,Successful,1253.19
P014598,O014598,Wallet,Successful,1494.15
P014599,O014599,Debit Card,Successful,964.99
P014600,O014600,Debit Card,Successful,1382.6499999999999
P014601,O014601,Cash,Successful,1083.92
P014602,O014602,Cash,Successful,1123.3999999999999
P014603,O014603,Cash,Successful,297.16
P014604,O014604,Credit Card,Successful,1844.19
P014605,O014605,Debit Card,Successful,176.65
P014606,O014606,Debit Card,Successful,1825.8
P014607,O014607,Wallet,Successful,1532.21
P014608,O014608,Cash,Successful,1661.3
P014609,O014609,Credit Card,Successful,1142.0
P014610,O014610,Debit Card,Successful,1074.73
P014611,O014611,UPI,Successful,1825.73
P014612,O014612,Wallet,Successful,1770.6399999999999
P014613,O014613,Credit Card,Successful,1637.65
P014614,O014614,Wallet,Successful,262.87
P014615,O014615,Credit Card,Successful,661.63
P014616,O014616,Cash,Successful,1369.13
P014617,O014617,Credit Card,Successful,1199.3799999999999
P014618,O014618,Wallet,Successful,323.66
P014619,O014619,Credit Card,Successful,546.68
P014620,O014620,UPI,Successful,107.61
P014621,O014621,Wallet,Successful,1668.4099999999999
P014622,O014622,Debit Card,Successful,1213.25
P014623,O014623,Credit Card,Successful,897.11
P014624,O014624,Debit Card,Successful,1183.55
P014625,O014625,Debit Card,Successful,1603.2
P014626,O014626,Debit Card,Successful,554.1999999999999
P014627,O014627,UPI,Successful,641.29
P014628,O014628,UPI,Successful,817.9599999999999
P014629,O014629,Debit Card,Successful,1084.21
P014630,O014630,Cash,Successful,1814.94
P014631,O014631,Cash,Successful,408.12
P014632,O014632,Cash,Successful,575.5999999999999
P014633,O014633,Credit Card,Successful,639.78
P014634,O014634,Credit Card,Successful,1134.35
P014635,O014635,Credit Card,Successful,1496.35
P014636,O014636,UPI,Successful,387.09
P014637,O014637,Wallet,Successful,1360.13
P014638,O014638,UPI,Successful,1785.04
P014639,O014639,Wallet,Successful,283.71999999999997
P014640,O014640,Wallet,Successful,966.2099999999999
P014641,O014641,UPI,Successful,475.9
P014642,O014642,Debit Card,Failed,659.79
P014643,O014643,Cash,Successful,244.07999999999998
P014644,O014644,UPI,Successful,1129.9900000000002
P014645,O014645,UPI,Successful,626.03
P014646,O014646,Debit Card,Successful,982.1999999999999
P014647,O014647,Debit Card,Successful,961.86
P014648,O014648,Debit Card,Successful,1175.28
P014649,O014649,UPI,Successful,1327.84
P014650,O014650,Cash,Successful,450.11
P014651,O014651,UPI,Successful,921.3599999999999
P014652,O014652,UPI,Successful,1126.01
P014653,O014653,Wallet,Successful,574.73
P014654,O014654,Cash,Successful,909.22
P014655,O014655,Wallet,Successful,151.33
P014656,O014656,Cash,Successful,794.1099999999999
P014657,O014657,Credit Card,Successful,601.56
P014658,O014658,Credit Card,Successful,1299.6
P014659,O014659,Credit Card,Failed,550.92
P014660,O014660,UPI,Successful,435.93
P014661,O014661,Credit Card,Successful,899.94
P014662,O014662,Credit Card,Successful,1376.6999999999998
P014663,O014663,Cash,Successful,564.8800000000001
P014664,O014664,Wallet,Successful,1347.99
P014665,O014665,Debit Card,Successful,557.8
P014666,O014666,UPI,Successful,1069.96
P014667,O014667,Wallet,Successful,255.49
P014668,O014668,UPI,Failed,188.49
P014669,O014669,Credit Card,Successful,1478.01
P014670,O014670,UPI,Refunded,582.44
P014671,O014671,Cash,Successful,696.9000000000001
P014672,O014672,Cash,Successful,947.1200000000001
P014673,O014673,UPI,Successful,1675.65
P014674,O014674,UPI,Successful,375.58
P014675,O014675,Cash,Successful,568.48
P014676,O014676,Credit Card,Successful,1313.1499999999999
P014677,O014677,Debit Card,Successful,1089.09
P014678,O014678,Credit Card,Successful,1373.3600000000001
P014679,O014679,Wallet,Successful,1108.3899999999999
P014680,O014680,Cash,Successful,1185.96
P014681,O014681,Wallet,Failed,287.58
P014682,O014682,Debit Card,Successful,1600.6499999999999
P014683,O014683,Wallet,Successful,102.91000000000001
P014684,O014684,UPI,Successful,782.04
P014685,O014685,UPI,Successful,460.93999999999994
P014686,O014686,Cash,Successful,221.29000000000002
P014687,O014687,Cash,Successful,543.3299999999999
P014688,O014688,Debit Card,Successful,1047.77
P014689,O014689,Credit Card,Refunded,973.9200000000001
P014690,O014690,Cash,Successful,1659.65
P014691,O014691,Wallet,Successful,1147.71
P014692,O014692,Debit Card,Successful,513.6500000000001
P014693,O014693,Credit Card,Successful,923.96
P014694,O014694,Wallet,Successful,492.09999999999997
P014695,O014695,Debit Card,Failed,379.09999999999997
P014696,O014696,Cash,Successful,1808.6399999999999
P014697,O014697,UPI,Successful,909.44
P014698,O014698,Cash,Successful,1232.69
P014699,O014699,UPI,Failed,1375.71
P014700,O014700,Debit Card,Successful,614.1899999999999
P014701,O014701,Wallet,Successful,1304.0
P014702,O014702,Debit Card,Successful,1277.75
P014703,O014703,Cash,Successful,1631.3799999999999
P014704,O014704,Credit Card,Successful,350.3
P014705,O014705,Credit Card,Successful,1765.0300000000002
P014706,O014706,Credit Card,Successful,526.95
P014707,O014707,Wallet,Successful,1415.97
P014708,O014708,Wallet,Successful,313.6
P014709,O014709,Wallet,Successful,1728.93
P014710,O014710,UPI,Failed,648.96
P014711,O014711,Credit Card,Successful,1205.94
P014712,O014712,Credit Card,Successful,1349.1499999999999
P014713,O014713,UPI,Successful,514.04
P014714,O014714,Cash,Successful,652.1600000000001
P014715,O014715,Cash,Successful,580.47
P014716,O014716,Wallet,Successful,564.0500000000001
P014717,O014717,Wallet,Successful,1011.9399999999999
P014718,O014718,Cash,Failed,961.3499999999999
P014719,O014719,Credit Card,Successful,241.47
P014720,O014720,UPI,Successful,1354.92
P014721,O014721,Debit Card,Successful,732.75
P014722,O014722,Credit Card,Successful,1532.07
P014723,O014723,Credit Card,Successful,1511.85
P014724,O014724,Wallet,Successful,1327.81
P014725,O014725,Debit Card,Successful,1313.74
P014726,O014726,Debit Card,Successful,1740.95
P014727,O014727,Debit Card,Successful,986.46
P014728,O014728,Debit Card,Successful,1444.11
P014729,O014729,Debit Card,Successful,1436.02
P014730,O014730,Credit Card,Successful,306.13
P014731,O014731,Wallet,Refunded,1001.73
P014732,O014732,Cash,Successful,249.41000000000003
P014733,O014733,Wallet,Successful,1088.77
P014734,O014734,Credit Card,Failed,1328.96
P014735,O014735,Debit Card,Successful,1672.71
P014736,O014736,Wallet,Successful,1223.28
P014737,O014737,UPI,Successful,731.29
P014738,O014738,Debit Card,Successful,373.44
P014739,O014739,Credit Card,Successful,242.23
P014740,O014740,Credit Card,Successful,869.0899999999999
P014741,O014741,Debit Card,Successful,1538.84
P014742,O014742,Wallet,Successful,1347.9599999999998
P014743,O014743,Debit Card,Successful,1637.04
P014744,O014744,Wallet,Successful,1451.69
P014745,O014745,Credit Card,Successful,471.15
P014746,O014746,Debit Card,Refunded,361.93
P014747,O014747,Wallet,Successful,689.74
P014748,O014748,UPI,Successful,371.61
P014749,O014749,Cash,Successful,345.53999999999996
P014750,O014750,UPI,Successful,567.12
P014751,O014751,Wallet,Successful,140.19
P014752,O014752,Credit Card,Successful,962.51
P014753,O014753,Cash,Successful,644.1999999999999
P014754,O014754,Wallet,Successful,413.11999999999995
P014755,O014755,Wallet,Successful,298.28999999999996
P014756,O014756,Wallet,Successful,785.81
P014757,O014757,Cash,Successful,1106.32
P014758,O014758,UPI,Successful,1463.48
P014759,O014759,UPI,Successful,460.40999999999997
P014760,O014760,Credit Card,Successful,141.67
P014761,O014761,Cash,Successful,1372.81
P014762,O014762,Debit Card,Successful,521.9100000000001
P014763,O014763,Credit Card,Successful,865.33
P014764,O014764,Wallet,Successful,1536.39
P014765,O014765,Debit Card,Successful,162.14999999999998
P014766,O014766,UPI,Successful,351.14
P014767,O014767,Debit Card,Successful,263.67999999999995
P014768,O014768,Debit Card,Successful,412.03000000000003
P014769,O014769,UPI,Successful,308.07
P014770,O014770,Wallet,Successful,491.94999999999993
P014771,O014771,Wallet,Successful,1499.64
P014772,O014772,Debit Card,Successful,149.64999999999998
P014773,O014773,Cash,Successful,220.95000000000002
P014774,O014774,Debit Card,Refunded,824.45
P014775,O014775,Debit Card,Successful,767.06
P014776,O014776,Credit Card,Successful,720.3
P014777,O014777,UPI,Successful,1075.6200000000001
P014778,O014778,Credit Card,Successful,1439.8799999999999
P014779,O014779,Wallet,Successful,996.6299999999999
P014780,O014780,Wallet,Successful,913.85
P014781,O014781,Wallet,Refunded,189.85000000000002
P014782,O014782,UPI,Successful,1542.29
P014783,O014783,Wallet,Successful,524.1
P014784,O014784,Cash,Successful,1321.39
P014785,O014785,Cash,Successful,697.4799999999999
P014786,O014786,Cash,Successful,1101.51
P014787,O014787,Cash,Refunded,922.46
P014788,O014788,Wallet,Successful,652.8299999999999
P014789,O014789,Credit Card,Successful,972.0500000000001
P014790,O014790,Debit Card,Successful,1002.6299999999999
P014791,O014791,Cash,Successful,511.26
P014792,O014792,UPI,Successful,597.12
P014793,O014793,Credit Card,Successful,133.38
P014794,O014794,Credit Card,Successful,439.13
P014795,O014795,Credit Card,Successful,722.72
P014796,O014796,Cash,Successful,1849.8
P014797,O014797,Cash,Successful,1010.4200000000001
P014798,O014798,Wallet,Successful,1415.93
P014799,O014799,Credit Card,Successful,997.8699999999999
P014800,O014800,Credit Card,Failed,1827.9
P014801,O014801,Cash,Successful,899.56
P014802,O014802,UPI,Successful,1061.6200000000001
P014803,O014803,Wallet,Successful,569.21
P014804,O014804,Credit Card,Successful,1081.8799999999999
P014805,O014805,UPI,Refunded,1182.72
P014806,O014806,Debit Card,Failed,226.17000000000002
P014807,O014807,Cash,Successful,969.34
P014808,O014808,Cash,Successful,819.5600000000001
P014809,O014809,Credit Card,Successful,261.52
P014810,O014810,Debit Card,Successful,674.26
P014811,O014811,Wallet,Successful,1072.35
P014812,O014812,Debit Card,Successful,1171.2
P014813,O014813,Credit Card,Successful,606.38
P014814,O014814,Credit Card,Successful,961.71
P014815,O014815,UPI,Refunded,1358.42
P014816,O014816,Wallet,Successful,821.15
P014817,O014817,UPI,Successful,1832.43
P014818,O014818,UPI,Successful,130.59
P014819,O014819,Wallet,Refunded,538.3699999999999
P014820,O014820,Cash,Successful,335.07
P014821,O014821,UPI,Successful,851.33
P014822,O014822,Cash,Successful,436.67
P014823,O014823,Wallet,Refunded,1303.77
P014824,O014824,UPI,Successful,1604.1399999999999
P014825,O014825,Credit Card,Successful,394.28
P014826,O014826,UPI,Successful,1609.8999999999999
P014827,O014827,Wallet,Successful,1100.32
P014828,O014828,Cash,Successful,343.89
P014829,O014829,UPI,Successful,1423.74
P014830,O014830,Wallet,Successful,264.03000000000003
P014831,O014831,Wallet,Successful,1098.06
P014832,O014832,Cash,Refunded,1349.41
P014833,O014833,Cash,Successful,1379.94
P014834,O014834,Wallet,Successful,143.56
P014835,O014835,Debit Card,Refunded,192.58
P014836,O014836,Credit Card,Successful,1656.29
P014837,O014837,Wallet,Successful,1165.93
P014838,O014838,Credit Card,Successful,1165.4299999999998
P014839,O014839,Cash,Successful,1340.79
P014840,O014840,UPI,Successful,1429.45
P014841,O014841,UPI,Successful,1044.52
P014842,O014842,Wallet,Refunded,1511.67
P014843,O014843,Cash,Successful,119.97
P014844,O014844,Cash,Successful,1142.23
P014845,O014845,UPI,Successful,881.15
P014846,O014846,Credit Card,Successful,1779.89
P014847,O014847,Cash,Successful,1391.6999999999998
P014848,O014848,UPI,Successful,459.15
P014849,O014849,Debit Card,Successful,1496.57
P014850,O014850,UPI,Failed,1744.9299999999998
P014851,O014851,Debit Card,Successful,523.53
P014852,O014852,Credit Card,Successful,1393.75
P014853,O014853,Credit Card,Successful,1129.6200000000001
P014854,O014854,Debit Card,Successful,797.66
P014855,O014855,Wallet,Failed,1219.2599999999998
P014856,O014856,Debit Card,Successful,1308.92
P014857,O014857,UPI,Successful,490.49
P014858,O014858,Debit Card,Successful,1242.0900000000001
P014859,O014859,Cash,Successful,149.70000000000002
P014860,O014860,UPI,Successful,645.8399999999999
P014861,O014861,Wallet,Successful,173.72
P014862,O014862,UPI,Successful,581.55
P014863,O014863,Credit Card,Failed,1636.24
P014864,O014864,Wallet,Successful,1224.67
P014865,O014865,UPI,Successful,1316.5400000000002
P014866,O014866,Cash,Failed,323.84999999999997
P014867,O014867,Credit Card,Successful,889.62
P014868,O014868,Credit Card,Successful,636.6099999999999
P014869,O014869,Cash,Successful,1320.1000000000001
P014870,O014870,Debit Card,Successful,384.75
P014871,O014871,Debit Card,Successful,634.72
P014872,O014872,Wallet,Successful,1757.17
P014873,O014873,Wallet,Successful,402.96
P014874,O014874,Wallet,Successful,1044.73
P014875,O014875,Credit Card,Successful,652.75
P014876,O014876,Credit Card,Failed,206.91000000000003
P014877,O014877,Credit Card,Successful,473.29
P014878,O014878,Cash,Successful,1281.47
P014879,O014879,Debit Card,Successful,1572.51
P014880,O014880,UPI,Successful,716.48
P014881,O014881,Wallet,Successful,1102.75
P014882,O014882,Wallet,Successful,790.84
P014883,O014883,UPI,Successful,501.2099999999999
P014884,O014884,UPI,Successful,609.64
P014885,O014885,UPI,Successful,905.33
P014886,O014886,Credit Card,Successful,999.69
P014887,O014887,Cash,Successful,607.63
P014888,O014888,UPI,Failed,1104.88
P014889,O014889,Debit Card,Successful,1878.6499999999999
P014890,O014890,Debit Card,Successful,110.84
P014891,O014891,Debit Card,Successful,337.66
P014892,O014892,Credit Card,Successful,1654.99
P014893,O014893,Wallet,Successful,194.79999999999998
P014894,O014894,Wallet,Refunded,1262.04
P014895,O014895,UPI,Successful,1185.21
P014896,O014896,Credit Card,Refunded,165.63
P014897,O014897,Cash,Successful,79.44
P014898,O014898,UPI,Successful,982.4
P014899,O014899,Wallet,Successful,241.95
P014900,O014900,Wallet,Refunded,1716.3400000000001
P014901,O014901,UPI,Successful,836.76
P014902,O014902,UPI,Successful,483.31000000000006
P014903,O014903,Debit Card,Successful,412.88
P014904,O014904,Cash,Successful,1295.78
P014905,O014905,Debit Card,Successful,1225.3
P014906,O014906,UPI,Successful,1149.93
P014907,O014907,Cash,Successful,232.19
P014908,O014908,UPI,Successful,954.79
P014909,O014909,Credit Card,Successful,1708.02
P014910,O014910,UPI,Failed,1446.3400000000001
P014911,O014911,Credit Card,Successful,247.15
P014912,O014912,Debit Card,Successful,1358.42
P014913,O014913,UPI,Successful,173.46
P014914,O014914,Cash,Successful,1077.9099999999999
P014915,O014915,Cash,Successful,1697.32
P014916,O014916,Wallet,Successful,1280.55
P014917,O014917,Cash,Successful,997.9699999999999
P014918,O014918,Cash,Successful,1577.19
P014919,O014919,Credit Card,Failed,1219.37
P014920,O014920,Debit Card,Successful,203.0
P014921,O014921,Credit Card,Successful,650.65
P014922,O014922,Debit Card,Successful,887.42
P014923,O014923,Credit Card,Successful,1108.8999999999999
P014924,O014924,Debit Card,Successful,413.83000000000004
P014925,O014925,Credit Card,Successful,1591.17
P014926,O014926,Debit Card,Refunded,384.49
P014927,O014927,Credit Card,Successful,1059.54
P014928,O014928,Wallet,Successful,1609.42
P014929,O014929,Wallet,Successful,1187.06
P014930,O014930,Cash,Successful,265.35
P014931,O014931,UPI,Successful,1658.1100000000001
P014932,O014932,UPI,Successful,228.35
P014933,O014933,Credit Card,Successful,448.8
P014934,O014934,Wallet,Successful,320.57
P014935,O014935,UPI,Successful,1129.65
P014936,O014936,Wallet,Successful,1332.36
P014937,O014937,Credit Card,Successful,432.94
P014938,O014938,Wallet,Successful,1397.48
P014939,O014939,Debit Card,Successful,272.85
P014940,O014940,Cash,Successful,521.28
P014941,O014941,Cash,Successful,859.05
P014942,O014942,Credit Card,Failed,1566.01
P014943,O014943,Wallet,Refunded,659.9699999999999
P014944,O014944,Wallet,Successful,387.95
P014945,O014945,Cash,Successful,973.99
P014946,O014946,Cash,Successful,946.57
P014947,O014947,Debit Card,Successful,101.00999999999999
P014948,O014948,Credit Card,Successful,113.25
P014949,O014949,Credit Card,Successful,443.32
P014950,O014950,Credit Card,Successful,1090.46
P014951,O014951,UPI,Successful,653.5799999999999
P014952,O014952,Cash,Successful,477.99
P014953,O014953,UPI,Successful,282.9
P014954,O014954,Wallet,Successful,588.74
P014955,O014955,Credit Card,Successful,871.5
P014956,O014956,Wallet,Successful,210.79000000000002
P014957,O014957,Cash,Successful,96.72
P014958,O014958,Wallet,Successful,323.62
P014959,O014959,Cash,Successful,1254.71
P014960,O014960,Credit Card,Successful,785.81
P014961,O014961,Cash,Successful,833.2800000000001
P014962,O014962,Wallet,Successful,100.17
P014963,O014963,Credit Card,Successful,1294.53
P014964,O014964,UPI,Successful,412.52
P014965,O014965,Debit Card,Successful,224.64
P014966,O014966,Debit Card,Successful,1481.9299999999998
P014967,O014967,UPI,Successful,727.02
P014968,O014968,UPI,Successful,1175.52
P014969,O014969,Wallet,Successful,1248.3
P014970,O014970,UPI,Successful,1496.37
P014971,O014971,Cash,Successful,1058.31
P014972,O014972,Debit Card,Successful,227.79
P014973,O014973,Debit Card,Refunded,893.5699999999999
P014974,O014974,Debit Card,Successful,871.77
P014975,O014975,Cash,Successful,204.3
P014976,O014976,Debit Card,Successful,657.71
P014977,O014977,Debit Card,Successful,755.65
P014978,O014978,Debit Card,Successful,302.01
P014979,O014979,Credit Card,Successful,97.27000000000001
P014980,O014980,Debit Card,Successful,1113.88
P014981,O014981,Credit Card,Successful,1297.6999999999998
P014982,O014982,Credit Card,Refunded,433.98999999999995
P014983,O014983,Wallet,Successful,97.14
P014984,O014984,Debit Card,Successful,1332.7400000000002
P014985,O014985,Wallet,Successful,284.40999999999997
P014986,O014986,UPI,Successful,722.51
P014987,O014987,Cash,Successful,675.89
P014988,O014988,Debit Card,Failed,385.79
P014989,O014989,Wallet,Failed,1231.9
P014990,O014990,Wallet,Successful,1448.5900000000001
P014991,O014991,UPI,Failed,779.1999999999999
P014992,O014992,Wallet,Successful,1841.17
P014993,O014993,UPI,Successful,332.79
P014994,O014994,Wallet,Successful,1675.21
P014995,O014995,UPI,Successful,490.65
P014996,O014996,UPI,Successful,556.06
P014997,O014997,Wallet,Successful,237.29000000000002
P014998,O014998,Debit Card,Successful,1686.98
P014999,O014999,Cash,Successful,1366.32
P015000,O015000,UPI,Successful,568.02
P015001,O015001,UPI,Successful,606.11
P015002,O015002,Wallet,Successful,1506.57
P015003,O015003,Cash,Successful,1394.89
P015004,O015004,UPI,Successful,1007.2499999999999
P015005,O015005,Debit Card,Successful,804.96
P015006,O015006,Wallet,Successful,156.34
P015007,O015007,Wallet,Successful,306.45000000000005
P015008,O015008,Cash,Failed,279.0
P015009,O015009,UPI,Successful,479.15999999999997
P015010,O015010,Credit Card,Failed,533.9
P015011,O015011,Debit Card,Successful,1096.3
P015012,O015012,UPI,Failed,1427.47
P015013,O015013,Debit Card,Successful,1547.23
P015014,O015014,UPI,Successful,963.23
P015015,O015015,Credit Card,Failed,132.14000000000001
P015016,O015016,Cash,Successful,179.88
P015017,O015017,Cash,Successful,1592.04
P015018,O015018,Cash,Failed,555.36
P015019,O015019,UPI,Successful,514.23
P015020,O015020,UPI,Successful,351.84
P015021,O015021,Debit Card,Successful,517.9399999999999
P015022,O015022,Cash,Refunded,473.86999999999995
P015023,O015023,Credit Card,Successful,697.59
P015024,O015024,UPI,Successful,1080.53
P015025,O015025,UPI,Successful,692.46
P015026,O015026,UPI,Successful,851.22
P015027,O015027,UPI,Successful,425.6
P015028,O015028,UPI,Successful,187.76999999999998
P015029,O015029,Cash,Failed,588.26
P015030,O015030,Debit Card,Successful,185.98
P015031,O015031,Debit Card,Successful,490.57000000000005
P015032,O015032,Debit Card,Failed,1606.19
P015033,O015033,UPI,Successful,691.3599999999999
P015034,O015034,Debit Card,Successful,368.86
P015035,O015035,Credit Card,Successful,1665.76
P015036,O015036,Cash,Successful,1209.51
P015037,O015037,Cash,Successful,1915.03
P015038,O015038,Wallet,Successful,490.87
P015039,O015039,Cash,Successful,455.82
P015040,O015040,Cash,Successful,472.23
P015041,O015041,Cash,Successful,1422.41
P015042,O015042,UPI,Successful,273.65
P015043,O015043,UPI,Successful,551.29
P015044,O015044,Debit Card,Successful,1189.29
P015045,O015045,Cash,Successful,1190.8700000000001
P015046,O015046,Credit Card,Successful,1624.1
P015047,O015047,Debit Card,Successful,1626.6799999999998
P015048,O015048,UPI,Successful,1140.93
P015049,O015049,Debit Card,Failed,753.92
P015050,O015050,Cash,Refunded,807.4200000000001
P015051,O015051,UPI,Successful,782.72
P015052,O015052,Wallet,Successful,746.8399999999999
P015053,O015053,Cash,Successful,607.3199999999999
P015054,O015054,Cash,Successful,367.23
P015055,O015055,UPI,Failed,615.44
P015056,O015056,Debit Card,Successful,1919.28
P015057,O015057,UPI,Successful,1770.8
P015058,O015058,Credit Card,Successful,1072.8500000000001
P015059,O015059,UPI,Successful,327.94
P015060,O015060,Debit Card,Successful,1532.99
P015061,O015061,Credit Card,Successful,690.0799999999999
P015062,O015062,Credit Card,Successful,1028.7099999999998
P015063,O015063,Debit Card,Successful,1575.5500000000002
P015064,O015064,Debit Card,Successful,536.96
P015065,O015065,Debit Card,Successful,1768.57
P015066,O015066,UPI,Successful,395.12
P015067,O015067,UPI,Successful,1338.65
P015068,O015068,UPI,Successful,631.2
P015069,O015069,UPI,Successful,756.9
P015070,O015070,Debit Card,Failed,965.44
P015071,O015071,UPI,Successful,573.3100000000001
P015072,O015072,Debit Card,Failed,852.39
P015073,O015073,UPI,Successful,766.66
P015074,O015074,Credit Card,Successful,1006.0
P015075,O015075,Cash,Successful,1748.61
P015076,O015076,Wallet,Successful,446.08
P015077,O015077,Debit Card,Failed,528.47
P015078,O015078,UPI,Successful,1392.3799999999999
P015079,O015079,Wallet,Successful,784.0300000000001
P015080,O015080,Wallet,Successful,177.57
P015081,O015081,Cash,Successful,883.8
P015082,O015082,Cash,Successful,872.75
P015083,O015083,UPI,Successful,963.8699999999999
P015084,O015084,UPI,Successful,518.0
P015085,O015085,Credit Card,Successful,1655.77
P015086,O015086,UPI,Successful,1327.5
P015087,O015087,UPI,Successful,1400.06
P015088,O015088,Debit Card,Successful,1693.3600000000001
P015089,O015089,UPI,Successful,147.57999999999998
P015090,O015090,Cash,Successful,998.58
P015091,O015091,Wallet,Successful,1265.8100000000002
P015092,O015092,UPI,Successful,141.93
P015093,O015093,Wallet,Successful,1276.71
P015094,O015094,Debit Card,Successful,1824.76
P015095,O015095,Wallet,Successful,964.26
P015096,O015096,Wallet,Successful,748.04
P015097,O015097,Wallet,Successful,707.26
P015098,O015098,Credit Card,Successful,1079.6399999999999
P015099,O015099,Credit Card,Successful,1176.2
P015100,O015100,Cash,Successful,1208.5300000000002
P015101,O015101,UPI,Successful,893.78
P015102,O015102,Credit Card,Successful,674.91
P015103,O015103,UPI,Successful,1067.9299999999998
P015104,O015104,Debit Card,Successful,1135.13
P015105,O015105,Wallet,Successful,1470.95
P015106,O015106,Cash,Successful,1780.4799999999998
P015107,O015107,Wallet,Successful,573.4
P015108,O015108,Cash,Successful,592.99
P015109,O015109,Cash,Successful,834.74
P015110,O015110,UPI,Successful,1379.52
P015111,O015111,UPI,Successful,1340.18
P015112,O015112,Debit Card,Successful,964.26
P015113,O015113,Wallet,Successful,835.3400000000001
P015114,O015114,Debit Card,Successful,1127.64
P015115,O015115,UPI,Successful,953.2399999999999
P015116,O015116,UPI,Failed,216.98000000000002
P015117,O015117,Wallet,Failed,634.2
P015118,O015118,Debit Card,Successful,156.02
P015119,O015119,Debit Card,Successful,972.74
P015120,O015120,Debit Card,Successful,562.56
P015121,O015121,Debit Card,Successful,1384.69
P015122,O015122,UPI,Successful,868.2900000000001
P015123,O015123,Credit Card,Failed,176.97
P015124,O015124,Cash,Successful,709.29
P015125,O015125,Credit Card,Refunded,455.42999999999995
P015126,O015126,Credit Card,Successful,438.26
P015127,O015127,Wallet,Successful,802.08
P015128,O015128,Debit Card,Refunded,1840.07
P015129,O015129,Debit Card,Successful,1463.7800000000002
P015130,O015130,Credit Card,Successful,1256.87
P015131,O015131,Credit Card,Successful,499.56
P015132,O015132,UPI,Successful,1369.73
P015133,O015133,UPI,Refunded,94.94
P015134,O015134,Cash,Successful,195.76
P015135,O015135,Debit Card,Successful,1507.0100000000002
P015136,O015136,Credit Card,Successful,903.5999999999999
P015137,O015137,Cash,Successful,669.78
P015138,O015138,Cash,Successful,1479.6299999999999
P015139,O015139,Wallet,Successful,316.16
P015140,O015140,Debit Card,Failed,641.0
P015141,O015141,Debit Card,Successful,1190.72
P015142,O015142,Wallet,Failed,401.44
P015143,O015143,UPI,Successful,1224.65
P015144,O015144,Debit Card,Successful,912.93
P015145,O015145,Credit Card,Successful,379.47
P015146,O015146,Wallet,Successful,1621.8700000000001
P015147,O015147,Wallet,Successful,651.56
P015148,O015148,Cash,Successful,1121.76
P015149,O015149,Cash,Successful,522.28
P015150,O015150,Wallet,Successful,663.43
P015151,O015151,Cash,Failed,145.13
P015152,O015152,Debit Card,Successful,847.89
P015153,O015153,Wallet,Successful,560.99
P015154,O015154,Cash,Failed,632.84
P015155,O015155,Credit Card,Successful,1464.0800000000002
P015156,O015156,UPI,Successful,1435.36
P015157,O015157,Debit Card,Successful,801.5600000000001
P015158,O015158,Cash,Successful,459.79
P015159,O015159,UPI,Successful,1836.31
P015160,O015160,UPI,Successful,169.61
P015161,O015161,UPI,Successful,290.05
P015162,O015162,Cash,Successful,453.59000000000003
P015163,O015163,UPI,Successful,1880.6899999999998
P015164,O015164,Credit Card,Successful,557.21
P015165,O015165,Cash,Successful,766.26
P015166,O015166,Debit Card,Successful,1355.66
P015167,O015167,Cash,Refunded,1723.51
P015168,O015168,UPI,Successful,1069.3500000000001
P015169,O015169,UPI,Successful,712.85
P015170,O015170,UPI,Successful,1386.24
P015171,O015171,Wallet,Successful,133.79000000000002
P015172,O015172,Wallet,Successful,1198.3000000000002
P015173,O015173,UPI,Successful,455.53
P015174,O015174,Wallet,Successful,1430.23
P015175,O015175,Cash,Successful,292.42
P015176,O015176,Wallet,Successful,593.0
P015177,O015177,Wallet,Successful,151.56
P015178,O015178,Cash,Successful,351.05999999999995
P015179,O015179,Wallet,Successful,1213.3799999999999
P015180,O015180,UPI,Successful,1130.6699999999998
P015181,O015181,Cash,Successful,1562.35
P015182,O015182,Credit Card,Successful,264.83
P015183,O015183,Debit Card,Failed,333.98999999999995
P015184,O015184,Debit Card,Successful,1518.89
P015185,O015185,Credit Card,Failed,1542.7199999999998
P015186,O015186,Credit Card,Successful,1000.1999999999999
P015187,O015187,Cash,Successful,816.11
P015188,O015188,UPI,Successful,376.06
P015189,O015189,Cash,Successful,655.0699999999999
P015190,O015190,Wallet,Failed,607.0400000000001
P015191,O015191,Cash,Successful,1316.9399999999998
P015192,O015192,Debit Card,Successful,1013.6300000000001
P015193,O015193,Wallet,Successful,176.26999999999998
P015194,O015194,Credit Card,Successful,1310.4099999999999
P015195,O015195,Wallet,Successful,1487.6599999999999
P015196,O015196,Cash,Successful,1366.5800000000002
P015197,O015197,Cash,Successful,392.25
P015198,O015198,Credit Card,Successful,300.82
P015199,O015199,UPI,Successful,1256.8799999999999
P015200,O015200,Credit Card,Successful,822.9
P015201,O015201,Credit Card,Successful,1109.13
P015202,O015202,Credit Card,Successful,230.23
P015203,O015203,Debit Card,Successful,1379.63
P015204,O015204,UPI,Successful,640.44
P015205,O015205,Wallet,Successful,127.52000000000001
P015206,O015206,Credit Card,Successful,958.6999999999999
P015207,O015207,Credit Card,Successful,1399.13
P015208,O015208,UPI,Successful,985.8400000000001
P015209,O015209,Cash,Failed,290.12
P015210,O015210,UPI,Successful,1397.05
P015211,O015211,Cash,Successful,610.46
P015212,O015212,UPI,Refunded,1607.52
P015213,O015213,UPI,Failed,1278.9699999999998
P015214,O015214,Cash,Successful,340.23
P015215,O015215,Debit Card,Successful,979.1
P015216,O015216,Cash,Successful,342.73
P015217,O015217,Debit Card,Successful,995.71
P015218,O015218,Debit Card,Successful,1554.17
P015219,O015219,Debit Card,Successful,1087.5600000000002
P015220,O015220,Cash,Failed,452.51
P015221,O015221,Debit Card,Successful,210.39
P015222,O015222,Debit Card,Successful,230.44
P015223,O015223,Debit Card,Successful,947.56
P015224,O015224,Wallet,Successful,1477.69
P015225,O015225,UPI,Successful,1403.37
P015226,O015226,Credit Card,Successful,1087.5500000000002
P015227,O015227,Wallet,Successful,539.0999999999999
P015228,O015228,Cash,Successful,1113.3400000000001
P015229,O015229,UPI,Successful,684.67
P015230,O015230,Wallet,Successful,1593.8500000000001
P015231,O015231,Wallet,Successful,259.45
P015232,O015232,Debit Card,Successful,1112.59
P015233,O015233,Wallet,Successful,1362.86
P015234,O015234,Wallet,Successful,1327.9
P015235,O015235,Cash,Successful,526.18
P015236,O015236,Debit Card,Successful,718.28
P015237,O015237,Debit Card,Successful,1001.8699999999999
P015238,O015238,Credit Card,Successful,1562.1
P015239,O015239,Wallet,Successful,794.8599999999999
P015240,O015240,Credit Card,Successful,607.3100000000001
P015241,O015241,Wallet,Successful,680.39
P015242,O015242,Credit Card,Successful,833.04
P015243,O015243,Cash,Failed,1739.4199999999998
P015244,O015244,Cash,Successful,983.1599999999999
P015245,O015245,Wallet,Successful,321.39
P015246,O015246,UPI,Successful,1387.77
P015247,O015247,UPI,Successful,439.27
P015248,O015248,Credit Card,Successful,126.78
P015249,O015249,Credit Card,Successful,222.77999999999997
P015250,O015250,Debit Card,Successful,1576.19
P015251,O015251,Debit Card,Successful,1481.31
P015252,O015252,Debit Card,Successful,473.18000000000006
P015253,O015253,Wallet,Successful,796.8000000000001
P015254,O015254,Credit Card,Successful,1201.92
P015255,O015255,UPI,Failed,723.59
P015256,O015256,Debit Card,Successful,208.46
P015257,O015257,Wallet,Successful,179.51999999999998
P015258,O015258,Cash,Successful,788.73
P015259,O015259,UPI,Successful,1602.69
P015260,O015260,Debit Card,Successful,237.36
P015261,O015261,Cash,Successful,373.37
P015262,O015262,Cash,Successful,457.75999999999993
P015263,O015263,Debit Card,Successful,1047.26
P015264,O015264,Cash,Successful,157.94
P015265,O015265,Debit Card,Successful,1301.6699999999998
P015266,O015266,Debit Card,Successful,934.48
P015267,O015267,Wallet,Successful,797.84
P015268,O015268,Wallet,Successful,632.36
P015269,O015269,Credit Card,Successful,353.91
P015270,O015270,Wallet,Successful,648.1700000000001
P015271,O015271,UPI,Successful,1753.93
P015272,O015272,Credit Card,Successful,264.65000000000003
P015273,O015273,Wallet,Successful,213.62
P015274,O015274,Cash,Successful,249.38
P015275,O015275,Debit Card,Successful,1366.62
P015276,O015276,Wallet,Successful,191.36
P015277,O015277,UPI,Successful,710.71
P015278,O015278,Credit Card,Successful,828.46
P015279,O015279,Cash,Successful,928.19
P015280,O015280,Wallet,Refunded,76.21
P015281,O015281,UPI,Successful,858.43
P015282,O015282,Wallet,Successful,344.18
P015283,O015283,Cash,Successful,264.48
P015284,O015284,Credit Card,Successful,1002.3
P015285,O015285,Debit Card,Successful,1113.8500000000001
P015286,O015286,Credit Card,Successful,1599.48
P015287,O015287,Credit Card,Successful,1509.33
P015288,O015288,Wallet,Successful,710.28
P015289,O015289,Wallet,Successful,1159.35
P015290,O015290,UPI,Successful,1170.49
P015291,O015291,Credit Card,Successful,699.06
P015292,O015292,Cash,Successful,273.94
P015293,O015293,Credit Card,Successful,649.76
P015294,O015294,Debit Card,Successful,1895.78
P015295,O015295,Debit Card,Successful,1036.6599999999999
P015296,O015296,UPI,Successful,561.93
P015297,O015297,UPI,Successful,1237.33
P015298,O015298,UPI,Successful,996.64
P015299,O015299,Cash,Successful,1108.91
P015300,O015300,Cash,Successful,948.9599999999998
P015301,O015301,UPI,Successful,978.1000000000001
P015302,O015302,Cash,Successful,1704.5900000000001
P015303,O015303,Debit Card,Successful,815.4199999999998
P015304,O015304,Debit Card,Successful,871.4899999999999
P015305,O015305,UPI,Successful,763.17
P015306,O015306,Wallet,Successful,1238.01
P015307,O015307,Credit Card,Successful,1787.05
P015308,O015308,Wallet,Successful,717.31
P015309,O015309,Credit Card,Successful,776.23
P015310,O015310,Wallet,Successful,738.01
P015311,O015311,Debit Card,Successful,691.8399999999999
P015312,O015312,Wallet,Successful,1314.1100000000001
P015313,O015313,Debit Card,Successful,440.16
P015314,O015314,Debit Card,Successful,940.27
P015315,O015315,UPI,Successful,1455.49
P015316,O015316,Wallet,Successful,292.38
P015317,O015317,UPI,Failed,84.35
P015318,O015318,Cash,Successful,446.78999999999996
P015319,O015319,Debit Card,Successful,1720.6000000000001
P015320,O015320,Credit Card,Successful,238.57
P015321,O015321,UPI,Successful,305.54
P015322,O015322,UPI,Successful,608.41
P015323,O015323,UPI,Successful,1344.02
P015324,O015324,Debit Card,Successful,1233.91
P015325,O015325,Wallet,Successful,197.32
P015326,O015326,Credit Card,Failed,1375.46
P015327,O015327,UPI,Successful,528.76
P015328,O015328,UPI,Successful,616.08
P015329,O015329,Debit Card,Successful,756.3100000000001
P015330,O015330,Cash,Successful,1016.8
P015331,O015331,UPI,Successful,830.9100000000001
P015332,O015332,UPI,Successful,1650.0
P015333,O015333,Debit Card,Successful,1063.55
P015334,O015334,Cash,Successful,1660.7099999999998
P015335,O015335,Debit Card,Successful,230.82
P015336,O015336,Debit Card,Successful,1674.02
P015337,O015337,Debit Card,Successful,432.28999999999996
P015338,O015338,Cash,Successful,628.84
P015339,O015339,Wallet,Successful,680.4
P015340,O015340,Wallet,Successful,669.4200000000001
P015341,O015341,Wallet,Successful,1552.81
P015342,O015342,Wallet,Successful,846.88
P015343,O015343,Credit Card,Successful,528.81
P015344,O015344,Credit Card,Successful,561.08
P015345,O015345,Cash,Successful,1248.21
P015346,O015346,Wallet,Successful,839.9499999999999
P015347,O015347,UPI,Successful,898.98
P015348,O015348,Wallet,Successful,1654.76
P015349,O015349,Wallet,Successful,1544.8600000000001
P015350,O015350,Cash,Successful,1306.4099999999999
P015351,O015351,Wallet,Successful,1058.05
P015352,O015352,UPI,Failed,288.28
P015353,O015353,Wallet,Refunded,1346.4599999999998
P015354,O015354,Cash,Successful,1442.3200000000002
P015355,O015355,Cash,Successful,1544.5900000000001
P015356,O015356,Credit Card,Successful,954.05
P015357,O015357,Cash,Successful,1118.8
P015358,O015358,Wallet,Successful,1342.76
P015359,O015359,Debit Card,Failed,1433.2
P015360,O015360,UPI,Successful,145.68
P015361,O015361,Cash,Successful,1132.11
P015362,O015362,Cash,Successful,740.89
P015363,O015363,Wallet,Successful,1577.57
P015364,O015364,Credit Card,Successful,332.87
P015365,O015365,Debit Card,Successful,1333.67
P015366,O015366,Cash,Successful,322.92
P015367,O015367,Cash,Successful,199.23000000000002
P015368,O015368,UPI,Successful,668.73
P015369,O015369,Credit Card,Successful,1607.43
P015370,O015370,Credit Card,Successful,1131.7
P015371,O015371,Wallet,Successful,123.24999999999999
P015372,O015372,Cash,Successful,478.67
P015373,O015373,Cash,Successful,333.61
P015374,O015374,UPI,Successful,93.5
P015375,O015375,Cash,Successful,777.2400000000001
P015376,O015376,Credit Card,Successful,597.6500000000001
P015377,O015377,Credit Card,Successful,1238.24
P015378,O015378,UPI,Successful,476.82
P015379,O015379,Credit Card,Successful,1389.84
P015380,O015380,UPI,Successful,584.46
P015381,O015381,Cash,Successful,795.47
P015382,O015382,Wallet,Successful,1125.5
P015383,O015383,Debit Card,Successful,376.52
P015384,O015384,Wallet,Successful,559.1500000000001
P015385,O015385,Credit Card,Successful,367.32
P015386,O015386,UPI,Successful,1333.28
P015387,O015387,Debit Card,Successful,211.82000000000002
P015388,O015388,Debit Card,Successful,962.31
P015389,O015389,Wallet,Failed,1263.94
P015390,O015390,Cash,Successful,806.4
P015391,O015391,Debit Card,Successful,906.4
P015392,O015392,UPI,Successful,193.33999999999997
P015393,O015393,Wallet,Successful,1422.41
P015394,O015394,UPI,Successful,1022.8699999999999
P015395,O015395,Wallet,Successful,1032.62
P015396,O015396,UPI,Successful,1090.32
P015397,O015397,Wallet,Successful,861.2800000000001
P015398,O015398,Credit Card,Successful,921.5400000000001
P015399,O015399,Debit Card,Successful,1327.68
P015400,O015400,Cash,Successful,1744.57
P015401,O015401,Debit Card,Successful,1301.5900000000001
P015402,O015402,Cash,Successful,1423.97
P015403,O015403,Credit Card,Successful,866.25
P015404,O015404,Debit Card,Successful,919.8000000000001
P015405,O015405,Cash,Successful,430.9
P015406,O015406,UPI,Successful,957.82
P015407,O015407,Credit Card,Successful,324.23
P015408,O015408,Debit Card,Successful,735.63
P015409,O015409,Wallet,Failed,217.54
P015410,O015410,Credit Card,Successful,1107.53
P015411,O015411,Cash,Failed,539.5899999999999
P015412,O015412,Wallet,Successful,1533.78
P015413,O015413,Debit Card,Successful,572.29
P015414,O015414,Cash,Successful,1593.68
P015415,O015415,UPI,Failed,725.5
P015416,O015416,Debit Card,Successful,1229.3799999999999
P015417,O015417,Wallet,Refunded,613.08
P015418,O015418,UPI,Successful,864.1999999999999
P015419,O015419,Debit Card,Failed,1177.16
P015420,O015420,Credit Card,Successful,514.0200000000001
P015421,O015421,Credit Card,Successful,1323.3600000000001
P015422,O015422,Credit Card,Successful,491.31000000000006
P015423,O015423,Debit Card,Successful,980.11
P015424,O015424,Credit Card,Successful,105.69
P015425,O015425,Debit Card,Successful,205.56
P015426,O015426,Cash,Successful,454.72
P015427,O015427,Credit Card,Successful,1308.75
P015428,O015428,Cash,Successful,975.5
P015429,O015429,Cash,Successful,1637.57
P015430,O015430,Wallet,Failed,1671.51
P015431,O015431,Cash,Successful,721.79
P015432,O015432,Cash,Successful,681.7199999999999
P015433,O015433,UPI,Successful,1649.5800000000002
P015434,O015434,Credit Card,Successful,724.55
P015435,O015435,UPI,Successful,1458.54
P015436,O015436,Debit Card,Successful,889.37
P015437,O015437,Wallet,Successful,839.02
P015438,O015438,Credit Card,Successful,471.3
P015439,O015439,Cash,Successful,299.69
P015440,O015440,Wallet,Successful,884.12
P015441,O015441,UPI,Successful,666.2299999999999
P015442,O015442,Debit Card,Failed,433.39000000000004
P015443,O015443,Cash,Successful,384.37
P015444,O015444,Debit Card,Successful,606.56
P015445,O015445,Wallet,Successful,998.4200000000001
P015446,O015446,Wallet,Successful,1616.74
P015447,O015447,Cash,Failed,1354.29
P015448,O015448,Credit Card,Successful,1436.6299999999999
P015449,O015449,Wallet,Successful,1043.78
P015450,O015450,Wallet,Successful,877.1100000000001
P015451,O015451,Debit Card,Successful,1589.78
P015452,O015452,Credit Card,Successful,621.75
P015453,O015453,Credit Card,Successful,373.13
P015454,O015454,Debit Card,Successful,188.40999999999997
P015455,O015455,UPI,Successful,1525.6
P015456,O015456,Debit Card,Successful,670.1800000000001
P015457,O015457,Credit Card,Successful,1011.52
P015458,O015458,Wallet,Failed,1387.1
P015459,O015459,Wallet,Successful,679.5699999999999
P015460,O015460,Credit Card,Failed,1504.98
P015461,O015461,UPI,Successful,507.65
P015462,O015462,Debit Card,Successful,1235.86
P015463,O015463,Wallet,Successful,968.11
P015464,O015464,Debit Card,Successful,460.36
P015465,O015465,Credit Card,Successful,244.25
P015466,O015466,Credit Card,Successful,260.2
P015467,O015467,Credit Card,Successful,1217.98
P015468,O015468,UPI,Successful,96.72
P015469,O015469,UPI,Failed,1129.11
P015470,O015470,Wallet,Successful,1311.87
P015471,O015471,Cash,Successful,639.96
P015472,O015472,Credit Card,Successful,1207.4199999999998
P015473,O015473,Wallet,Successful,377.68
P015474,O015474,Wallet,Successful,1719.48
P015475,O015475,Debit Card,Successful,393.80999999999995
P015476,O015476,Credit Card,Successful,972.5400000000001
P015477,O015477,Cash,Successful,1440.81
P015478,O015478,Wallet,Refunded,1549.8
P015479,O015479,UPI,Successful,1280.52
P015480,O015480,UPI,Successful,606.33
P015481,O015481,Cash,Successful,1150.22
P015482,O015482,Wallet,Successful,873.12
P015483,O015483,Cash,Successful,279.12
P015484,O015484,Credit Card,Failed,1408.75
P015485,O015485,Debit Card,Successful,1684.3
P015486,O015486,Cash,Successful,662.1600000000001
P015487,O015487,Debit Card,Successful,1250.7800000000002
P015488,O015488,Credit Card,Successful,118.57
P015489,O015489,UPI,Successful,370.62
P015490,O015490,Wallet,Successful,849.1
P015491,O015491,Debit Card,Successful,602.3
P015492,O015492,Wallet,Failed,1695.85
P015493,O015493,Cash,Successful,1374.0
P015494,O015494,UPI,Successful,998.2
P015495,O015495,Credit Card,Successful,1904.53
P015496,O015496,Debit Card,Successful,416.89
P015497,O015497,UPI,Successful,1809.24
P015498,O015498,Wallet,Successful,582.11
P015499,O015499,Debit Card,Successful,1202.28
P015500,O015500,Credit Card,Failed,883.6999999999999
P015501,O015501,Debit Card,Successful,723.09
P015502,O015502,Credit Card,Successful,1540.11
P015503,O015503,Cash,Successful,633.6500000000001
P015504,O015504,Credit Card,Successful,1032.9099999999999
P015505,O015505,UPI,Successful,380.02
P015506,O015506,Credit Card,Successful,1174.6599999999999
P015507,O015507,Wallet,Successful,906.49
P015508,O015508,UPI,Successful,452.03999999999996
P015509,O015509,Debit Card,Successful,498.0
P015510,O015510,Credit Card,Successful,561.9200000000001
P015511,O015511,Credit Card,Successful,1252.8600000000001
P015512,O015512,Cash,Successful,986.5100000000001
P015513,O015513,UPI,Successful,1471.38
P015514,O015514,UPI,Successful,1184.92
P015515,O015515,Credit Card,Successful,662.01
P015516,O015516,Cash,Successful,1552.16
P015517,O015517,Wallet,Refunded,1588.34
P015518,O015518,Wallet,Successful,442.81
P015519,O015519,Credit Card,Successful,1639.3799999999999
P015520,O015520,UPI,Successful,1420.48
P015521,O015521,Wallet,Failed,800.4499999999999
P015522,O015522,Cash,Successful,783.6800000000001
P015523,O015523,Cash,Successful,797.86
P015524,O015524,Credit Card,Refunded,1318.53
P015525,O015525,UPI,Successful,418.98999999999995
P015526,O015526,Wallet,Failed,159.01
P015527,O015527,Cash,Successful,763.6099999999999
P015528,O015528,Wallet,Successful,623.36
P015529,O015529,Credit Card,Failed,951.4100000000001
P015530,O015530,Wallet,Successful,1823.57
P015531,O015531,Debit Card,Successful,1300.53
P015532,O015532,Debit Card,Successful,1804.52
P015533,O015533,UPI,Successful,1257.73
P015534,O015534,Debit Card,Successful,179.33
P015535,O015535,Cash,Successful,1350.16
P015536,O015536,Credit Card,Successful,457.39
P015537,O015537,Debit Card,Successful,1476.4499999999998
P015538,O015538,Debit Card,Successful,1454.31
P015539,O015539,UPI,Successful,1470.84
P015540,O015540,Wallet,Successful,483.61999999999995
P015541,O015541,Debit Card,Successful,1236.1999999999998
P015542,O015542,Credit Card,Successful,934.1800000000001
P015543,O015543,UPI,Successful,253.44
P015544,O015544,UPI,Successful,1419.3799999999999
P015545,O015545,UPI,Successful,1548.65
P015546,O015546,Cash,Successful,1010.56
P015547,O015547,Debit Card,Successful,896.1
P015548,O015548,UPI,Successful,852.1899999999999
P015549,O015549,Credit Card,Successful,933.1300000000001
P015550,O015550,Debit Card,Successful,1581.64
P015551,O015551,Debit Card,Successful,864.89
P015552,O015552,Cash,Successful,339.09999999999997
P015553,O015553,Debit Card,Successful,598.19
P015554,O015554,Debit Card,Successful,1064.64
P015555,O015555,Credit Card,Successful,1226.6100000000001
P015556,O015556,Cash,Failed,770.75
P015557,O015557,Wallet,Successful,450.4
P015558,O015558,Cash,Successful,574.0500000000001
P015559,O015559,Cash,Successful,777.21
P015560,O015560,Cash,Failed,598.6099999999999
P015561,O015561,Wallet,Successful,647.9499999999999
P015562,O015562,Credit Card,Successful,1262.42
P015563,O015563,Debit Card,Successful,747.5600000000002
P015564,O015564,Credit Card,Successful,985.91
P015565,O015565,Credit Card,Successful,849.05
P015566,O015566,UPI,Successful,1093.88
P015567,O015567,Cash,Successful,310.03000000000003
P015568,O015568,UPI,Successful,1498.01
P015569,O015569,UPI,Successful,253.53
P015570,O015570,Cash,Successful,1403.81
P015571,O015571,UPI,Successful,1039.3500000000001
P015572,O015572,Credit Card,Successful,309.92
P015573,O015573,Wallet,Successful,1860.7
P015574,O015574,Credit Card,Successful,142.85999999999999
P015575,O015575,Debit Card,Successful,673.8299999999999
P015576,O015576,UPI,Successful,892.04
P015577,O015577,Credit Card,Successful,1585.1999999999998
P015578,O015578,Credit Card,Successful,150.77
P015579,O015579,Credit Card,Failed,1144.55
P015580,O015580,UPI,Successful,344.62
P015581,O015581,Credit Card,Successful,1103.1200000000001
P015582,O015582,Cash,Failed,977.6399999999999
P015583,O015583,Debit Card,Successful,126.08000000000001
P015584,O015584,Cash,Successful,179.86
P015585,O015585,Debit Card,Successful,210.23000000000002
P015586,O015586,Wallet,Successful,1462.1399999999999
P015587,O015587,Debit Card,Successful,1545.94
P015588,O015588,Debit Card,Successful,682.73
P015589,O015589,UPI,Successful,1351.08
P015591,O015591,Cash,Successful,835.18
P015592,O015592,UPI,Successful,1011.6099999999999
P015593,O015593,Wallet,Successful,1537.6799999999998
P015594,O015594,Cash,Successful,374.78999999999996
P015595,O015595,Credit Card,Successful,595.98
P015596,O015596,Wallet,Successful,1623.85
P015597,O015597,UPI,Successful,1496.75
P015598,O015598,Cash,Successful,293.85
P015599,O015599,Wallet,Successful,1345.2600000000002
P015600,O015600,UPI,Successful,116.23
P015601,O015601,Credit Card,Successful,552.01
P015602,O015602,Credit Card,Successful,191.45999999999998
P015603,O015603,Debit Card,Successful,836.3
P015604,O015604,Cash,Successful,543.4499999999999
P015605,O015605,Credit Card,Successful,297.94
P015606,O015606,Wallet,Refunded,80.91
P015607,O015607,Cash,Successful,777.11
P015608,O015608,Wallet,Successful,605.22
P015609,O015609,Credit Card,Successful,165.07
P015610,O015610,Wallet,Successful,1270.52
P015611,O015611,Wallet,Successful,765.49
P015612,O015612,Cash,Successful,1459.07
P015613,O015613,Credit Card,Successful,653.1
P015614,O015614,Credit Card,Successful,200.1
P015615,O015615,Cash,Successful,828.85
P015616,O015616,Debit Card,Successful,1491.77
P015617,O015617,Cash,Successful,93.19999999999999
P015618,O015618,UPI,Refunded,1284.86
P015619,O015619,Wallet,Successful,1021.64
P015620,O015620,Debit Card,Successful,1931.28
P015621,O015621,Wallet,Successful,1557.9399999999998
P015622,O015622,Cash,Successful,1522.97
P015623,O015623,Debit Card,Failed,151.05
P015624,O015624,Cash,Successful,605.94
P015625,O015625,Credit Card,Successful,720.5799999999999
P015626,O015626,Wallet,Successful,1228.04
P015627,O015627,Debit Card,Successful,1244.93
P015628,O015628,Debit Card,Successful,352.59000000000003
P015629,O015629,Credit Card,Successful,1400.41
P015630,O015630,Cash,Successful,381.29
P015631,O015631,Credit Card,Successful,681.7
P015632,O015632,Cash,Successful,951.8699999999999
P015633,O015633,UPI,Failed,1441.26
P015634,O015634,Credit Card,Successful,1171.83
P015635,O015635,Wallet,Successful,1794.56
P015636,O015636,Credit Card,Successful,1911.06
P015637,O015637,Cash,Successful,1046.72
P015638,O015638,UPI,Refunded,156.29
P015639,O015639,UPI,Failed,141.07
P015640,O015640,Wallet,Successful,1561.03
P015641,O015641,Wallet,Refunded,999.02
P015642,O015642,Cash,Successful,768.9
P015643,O015643,Credit Card,Successful,545.36
P015644,O015644,UPI,Successful,496.71999999999997
P015645,O015645,UPI,Refunded,167.5
P015646,O015646,Cash,Successful,606.8700000000001
P015647,O015647,Cash,Successful,1061.23
P015648,O015648,Credit Card,Successful,802.93
P015649,O015649,Wallet,Successful,1583.9699999999998
P015650,O015650,Wallet,Successful,1156.6599999999999
P015651,O015651,Credit Card,Successful,1724.81
P015652,O015652,Debit Card,Successful,270.97999999999996
P015653,O015653,Debit Card,Successful,813.89
P015654,O015654,Cash,Successful,158.78
P015655,O015655,Wallet,Successful,1490.72
P015656,O015656,Debit Card,Successful,373.87
P015657,O015657,Cash,Successful,1217.29
P015658,O015658,UPI,Successful,1565.54
P015659,O015659,Wallet,Successful,930.5300000000001
P015660,O015660,UPI,Successful,591.9399999999999
P015661,O015661,Debit Card,Successful,1098.18
P015662,O015662,Wallet,Successful,1060.64
P015663,O015663,Credit Card,Successful,1254.89
P015664,O015664,Wallet,Successful,101.27
P015665,O015665,Cash,Failed,1252.29
P015666,O015666,Credit Card,Successful,272.25
P015667,O015667,Wallet,Successful,932.16
P015668,O015668,UPI,Successful,496.04
P015669,O015669,Cash,Successful,1824.34
P015670,O015670,Debit Card,Successful,802.97
P015671,O015671,Cash,Successful,901.6699999999998
P015672,O015672,Cash,Successful,187.29000000000002
P015673,O015673,Credit Card,Successful,1603.83
P015674,O015674,Cash,Successful,403.63
P015675,O015675,Wallet,Successful,806.03
P015676,O015676,Wallet,Successful,1804.51
P015677,O015677,Wallet,Successful,225.21999999999997
P015678,O015678,Debit Card,Failed,1411.21
P015679,O015679,Debit Card,Successful,488.62
P015680,O015680,Cash,Successful,743.03
P015681,O015681,UPI,Successful,831.0400000000001
P015682,O015682,Cash,Successful,1693.24
P015683,O015683,UPI,Successful,109.4
P015684,O015684,Wallet,Successful,595.22
P015685,O015685,Debit Card,Successful,1518.6399999999999
P015686,O015686,Credit Card,Successful,1633.05
P015687,O015687,UPI,Successful,559.43
P015688,O015688,Cash,Successful,476.51000000000005
P015689,O015689,Wallet,Successful,851.63
P015690,O015690,UPI,Successful,1194.2199999999998
P015691,O015691,UPI,Successful,344.06
P015692,O015692,Cash,Successful,1484.49
P015693,O015693,Credit Card,Successful,835.04
P015694,O015694,Credit Card,Successful,360.04999999999995
P015695,O015695,Debit Card,Successful,963.5699999999999
P015696,O015696,Cash,Successful,1062.04
P015697,O015697,Cash,Successful,1199.27
P015698,O015698,Debit Card,Failed,1442.8799999999999
P015699,O015699,Debit Card,Successful,407.83
P015700,O015700,Credit Card,Successful,1049.29
P015701,O015701,Wallet,Successful,1342.96
P015702,O015702,UPI,Successful,1059.57
P015703,O015703,Cash,Failed,839.22
P015704,O015704,UPI,Successful,1174.25
P015705,O015705,Credit Card,Successful,294.75
P015706,O015706,Wallet,Successful,615.89
P015707,O015707,UPI,Successful,1614.4
P015708,O015708,Cash,Successful,752.48
P015709,O015709,UPI,Successful,1242.86
P015710,O015710,Debit Card,Successful,522.8
P015711,O015711,UPI,Successful,714.75
P015712,O015712,Credit Card,Successful,1624.0
P015713,O015713,Debit Card,Successful,332.84999999999997
P015714,O015714,Cash,Successful,1770.71
P015715,O015715,Credit Card,Successful,501.54
P015716,O015716,Credit Card,Successful,1433.59
P015717,O015717,UPI,Successful,1531.45
P015718,O015718,UPI,Successful,750.65
P015719,O015719,Wallet,Successful,1311.2
P015720,O015720,UPI,Failed,862.0799999999999
P015721,O015721,UPI,Successful,1689.43
P015722,O015722,Cash,Successful,919.8900000000001
P015723,O015723,Debit Card,Successful,1741.48
P015724,O015724,Debit Card,Successful,326.04
P015725,O015725,Credit Card,Successful,1298.32
P015726,O015726,UPI,Successful,451.71000000000004
P015727,O015727,Debit Card,Successful,435.27
P015728,O015728,Credit Card,Successful,709.5999999999999
P015729,O015729,Debit Card,Successful,704.8599999999999
P015730,O015730,UPI,Successful,174.35
P015731,O015731,Debit Card,Successful,698.0899999999999
P015732,O015732,Cash,Successful,1700.2800000000002
P015733,O015733,Credit Card,Successful,982.63
P015734,O015734,Debit Card,Successful,501.49
P015735,O015735,Debit Card,Successful,1723.65
P015736,O015736,Credit Card,Failed,799.1599999999999
P015737,O015737,Cash,Successful,539.69
P015738,O015738,Wallet,Successful,1167.9
P015739,O015739,Credit Card,Successful,459.04
P015740,O015740,Credit Card,Successful,541.7
P015741,O015741,Debit Card,Successful,712.36
P015742,O015742,Cash,Successful,651.52
P015743,O015743,Cash,Successful,925.1800000000001
P015744,O015744,Credit Card,Successful,1015.7199999999999
P015745,O015745,Wallet,Successful,1079.3799999999999
P015746,O015746,Wallet,Successful,1046.1699999999998
P015747,O015747,Credit Card,Successful,166.1
P015748,O015748,UPI,Failed,338.73
P015749,O015749,Debit Card,Successful,465.52
P015750,O015750,Credit Card,Successful,891.0999999999999
P015751,O015751,Cash,Successful,1471.72
P015752,O015752,Credit Card,Successful,520.5500000000001
P015753,O015753,Credit Card,Successful,1917.8899999999999
P015754,O015754,UPI,Failed,301.08
P015755,O015755,UPI,Successful,1507.1399999999999
P015756,O015756,Cash,Successful,1531.5300000000002
P015757,O015757,UPI,Successful,711.5799999999999
P015758,O015758,Credit Card,Successful,370.95
P015759,O015759,Wallet,Successful,807.76
P015760,O015760,Credit Card,Successful,413.70000000000005
P015761,O015761,Credit Card,Successful,923.5400000000001
P015762,O015762,Cash,Successful,1044.51
P015763,O015763,Credit Card,Successful,1306.1599999999999
P015764,O015764,Wallet,Successful,825.8800000000001
P015765,O015765,Wallet,Successful,539.98
P015766,O015766,Wallet,Successful,1527.45
P015767,O015767,Cash,Successful,195.88
P015768,O015768,Cash,Successful,1478.19
P015769,O015769,Wallet,Successful,790.1800000000001
P015770,O015770,Wallet,Successful,325.72999999999996
P015771,O015771,Debit Card,Successful,318.95
P015772,O015772,Wallet,Failed,487.43000000000006
P015773,O015773,UPI,Successful,304.86
P015774,O015774,UPI,Successful,944.46
P015775,O015775,UPI,Refunded,611.31
P015776,O015776,Wallet,Successful,566.13
P015777,O015777,Credit Card,Successful,394.83
P015778,O015778,Cash,Failed,1251.07
P015779,O015779,Credit Card,Successful,908.25
P015780,O015780,UPI,Successful,1691.6599999999999
P015781,O015781,Debit Card,Successful,307.32
P015782,O015782,Credit Card,Successful,1207.52
P015783,O015783,UPI,Failed,115.50000000000001
P015784,O015784,Wallet,Failed,210.9
P015785,O015785,Debit Card,Successful,1194.32
P015786,O015786,UPI,Successful,676.38
P015787,O015787,UPI,Failed,442.00000000000006
P015788,O015788,Wallet,Successful,84.42999999999999
P015789,O015789,UPI,Successful,1142.78
P015790,O015790,Cash,Successful,792.99
P015791,O015791,UPI,Successful,384.39
P015792,O015792,Wallet,Successful,1599.3
P015793,O015793,UPI,Successful,704.9200000000001
P015794,O015794,UPI,Successful,603.6999999999999
P015795,O015795,Debit Card,Successful,867.2499999999999
P015796,O015796,Credit Card,Successful,507.00000000000006
P015797,O015797,Debit Card,Successful,511.21
P015798,O015798,Debit Card,Successful,1544.0700000000002
P015799,O015799,Cash,Failed,522.51
P015800,O015800,Wallet,Successful,1027.44
P015801,O015801,Cash,Successful,166.26000000000002
P015802,O015802,Cash,Successful,336.19
P015803,O015803,Debit Card,Successful,116.98999999999998
P015804,O015804,UPI,Successful,974.22
P015805,O015805,UPI,Successful,1028.79
P015806,O015806,Credit Card,Successful,575.49
P015807,O015807,Wallet,Failed,1235.05
P015808,O015808,Cash,Successful,1228.8
P015809,O015809,Cash,Successful,878.6800000000001
P015810,O015810,Credit Card,Successful,529.99
P015811,O015811,UPI,Successful,687.23
P015812,O015812,Cash,Successful,1386.24
P015813,O015813,Cash,Refunded,957.54
P015814,O015814,Credit Card,Successful,563.67
P015815,O015815,Cash,Successful,899.6799999999998
P015816,O015816,UPI,Successful,525.33
P015817,O015817,Debit Card,Successful,330.21
P015818,O015818,UPI,Successful,501.86
P015819,O015819,Credit Card,Successful,1097.72
P015820,O015820,Wallet,Successful,933.67
P015821,O015821,Debit Card,Successful,408.64
P015822,O015822,Wallet,Successful,1736.96
P015823,O015823,Wallet,Successful,1032.6
P015824,O015824,Cash,Successful,1577.48
P015825,O015825,Debit Card,Successful,713.65
P015826,O015826,Cash,Successful,1911.25
P015827,O015827,Debit Card,Successful,1165.99
P015828,O015828,Credit Card,Successful,825.2199999999999
P015829,O015829,UPI,Successful,1406.59
P015830,O015830,Credit Card,Successful,1389.5700000000002
P015831,O015831,Wallet,Successful,686.33
P015832,O015832,Credit Card,Successful,1895.78
P015833,O015833,Credit Card,Successful,602.76
P015834,O015834,Wallet,Refunded,522.15
P015835,O015835,Debit Card,Successful,1672.57
P015836,O015836,Debit Card,Successful,1384.53
P015837,O015837,UPI,Successful,613.9300000000001
P015838,O015838,Cash,Successful,539.04
P015839,O015839,Cash,Successful,334.17999999999995
P015840,O015840,Debit Card,Successful,686.81
P015841,O015841,Wallet,Successful,240.61999999999998
P015842,O015842,Debit Card,Successful,278.18
P015843,O015843,Cash,Successful,1379.6399999999999
P015844,O015844,Wallet,Successful,211.67
P015845,O015845,Cash,Successful,690.53
P015846,O015846,Credit Card,Successful,701.47
P015847,O015847,Wallet,Successful,1632.9499999999998
P015848,O015848,Debit Card,Successful,890.1899999999999
P015849,O015849,Cash,Successful,337.33
P015850,O015850,Wallet,Successful,234.60000000000002
P015851,O015851,Debit Card,Refunded,1283.38
P015852,O015852,Cash,Failed,284.14
P015853,O015853,Wallet,Successful,1344.3600000000001
P015854,O015854,Cash,Successful,826.77
P015855,O015855,Wallet,Successful,628.1
P015856,O015856,Cash,Successful,1063.22
P015857,O015857,Credit Card,Successful,412.90999999999997
P015858,O015858,Cash,Successful,804.42
P015859,O015859,Debit Card,Successful,132.56
P015860,O015860,Wallet,Successful,1554.4099999999999
P015861,O015861,Credit Card,Failed,720.84
P015862,O015862,Debit Card,Successful,1439.65
P015863,O015863,Debit Card,Successful,1419.43
P015864,O015864,Credit Card,Successful,1271.69
P015865,O015865,UPI,Successful,616.49
P015866,O015866,Cash,Successful,927.8
P015867,O015867,Debit Card,Successful,572.71
P015868,O015868,Credit Card,Successful,1055.42
P015869,O015869,UPI,Successful,813.39
P015870,O015870,Credit Card,Successful,288.01
P015871,O015871,Credit Card,Successful,1253.65
P015872,O015872,UPI,Successful,878.37
P015873,O015873,Debit Card,Successful,328.34
P015874,O015874,UPI,Successful,1516.55
P015875,O015875,Cash,Successful,1595.2299999999998
P015876,O015876,Debit Card,Successful,924.8
P015877,O015877,Cash,Successful,1644.9299999999998
P015878,O015878,UPI,Refunded,1747.7299999999998
P015879,O015879,Debit Card,Successful,1721.8
P015880,O015880,Cash,Successful,315.62
P015881,O015881,Credit Card,Successful,467.66999999999996
P015882,O015882,Credit Card,Successful,840.91
P015883,O015883,Cash,Successful,1442.94
P015884,O015884,Credit Card,Failed,1583.1899999999998
P015885,O015885,Cash,Successful,1095.59
P015886,O015886,Cash,Successful,884.5899999999999
P015887,O015887,Debit Card,Successful,379.94
P015888,O015888,Cash,Successful,142.93
P015889,O015889,Cash,Successful,1362.8000000000002
P015890,O015890,Debit Card,Successful,1762.49
P015891,O015891,Wallet,Failed,590.1899999999999
P015892,O015892,Wallet,Successful,968.3199999999999
P015893,O015893,Wallet,Successful,1634.7199999999998
P015894,O015894,UPI,Successful,386.46
P015895,O015895,Credit Card,Successful,1267.27
P015896,O015896,UPI,Successful,1070.66
P015897,O015897,Wallet,Successful,1015.8100000000001
P015898,O015898,Debit Card,Successful,1355.54
P015899,O015899,UPI,Successful,467.99999999999994
P015900,O015900,Cash,Successful,1239.9399999999998
P015901,O015901,Cash,Successful,423.16
P015902,O015902,UPI,Successful,327.77
P015903,O015903,Credit Card,Successful,1056.1399999999999
P015904,O015904,Credit Card,Successful,432.0
P015905,O015905,Debit Card,Failed,1214.58
P015907,O015907,Debit Card,Successful,1222.75
P015908,O015908,Cash,Successful,1578.85
P015909,O015909,Cash,Successful,341.55
P015910,O015910,Wallet,Failed,190.44
P015911,O015911,UPI,Successful,742.53
P015912,O015912,Debit Card,Successful,1386.68
P015913,O015913,Credit Card,Successful,1512.8700000000001
P015914,O015914,Wallet,Successful,124.53000000000002
P015915,O015915,Debit Card,Successful,1361.1699999999998
P015916,O015916,Debit Card,Failed,227.42
P015917,O015917,Cash,Successful,955.53
P015918,O015918,Credit Card,Successful,557.0999999999999
P015919,O015919,Cash,Successful,119.71
P015920,O015920,Credit Card,Successful,278.41
P015921,O015921,UPI,Successful,560.1800000000001
P015922,O015922,Wallet,Successful,1520.7800000000002
P015923,O015923,Wallet,Successful,276.94
P015924,O015924,Cash,Successful,488.25
P015925,O015925,Wallet,Successful,1914.74
P015926,O015926,Debit Card,Successful,881.52
P015927,O015927,Debit Card,Successful,590.5799999999999
P015928,O015928,Cash,Successful,1140.1399999999999
P015929,O015929,Cash,Successful,709.73
P015930,O015930,Debit Card,Successful,1442.29
P015931,O015931,UPI,Successful,99.3
P015932,O015932,UPI,Successful,1486.73
P015933,O015933,Debit Card,Successful,213.98000000000002
P015934,O015934,Cash,Successful,939.48
P015935,O015935,Wallet,Successful,1148.29
P015936,O015936,Credit Card,Successful,826.77
P015937,O015937,Credit Card,Successful,638.5
P015938,O015938,UPI,Failed,1359.54
P015939,O015939,UPI,Successful,905.18
P015940,O015940,Credit Card,Successful,557.08
P015941,O015941,UPI,Failed,1258.01
P015942,O015942,Cash,Successful,282.1
P015943,O015943,Debit Card,Successful,441.96
P015944,O015944,Cash,Failed,458.98
P015945,O015945,Wallet,Successful,900.51
P015946,O015946,Credit Card,Successful,129.38
P015947,O015947,Credit Card,Successful,1523.8999999999999
P015948,O015948,Cash,Successful,908.15
P015949,O015949,Credit Card,Successful,1934.8899999999999
P015950,O015950,UPI,Failed,1552.5700000000002
P015951,O015951,Debit Card,Successful,332.8
P015952,O015952,Wallet,Successful,419.75
P015953,O015953,Wallet,Successful,157.79999999999998
P015954,O015954,Wallet,Successful,1191.03
P015955,O015955,Debit Card,Successful,1084.73
P015956,O015956,UPI,Successful,486.83
P015957,O015957,UPI,Successful,1491.8200000000002
P015958,O015958,Credit Card,Successful,1247.02
P015959,O015959,Credit Card,Successful,1045.46
P015960,O015960,Cash,Successful,436.84
P015961,O015961,Cash,Successful,516.8499999999999
P015962,O015962,Cash,Successful,1137.3600000000001
P015963,O015963,Debit Card,Successful,1145.76
P015964,O015964,Credit Card,Successful,1158.86
P015965,O015965,Debit Card,Successful,1513.56
P015966,O015966,Cash,Successful,286.3
P015967,O015967,Debit Card,Failed,296.7
P015968,O015968,Cash,Successful,1019.8499999999999
P015969,O015969,Credit Card,Successful,873.1099999999999
P015970,O015970,Wallet,Successful,763.9000000000001
P015971,O015971,Credit Card,Successful,1753.13
P015972,O015972,Credit Card,Successful,850.8000000000001
P015973,O015973,Debit Card,Successful,894.68
P015974,O015974,Credit Card,Successful,734.95
P015975,O015975,Cash,Successful,652.56
P015976,O015976,UPI,Successful,1540.49
P015977,O015977,Credit Card,Successful,908.8699999999999
P015978,O015978,Wallet,Successful,1583.91
P015979,O015979,Credit Card,Successful,768.31
P015980,O015980,Cash,Failed,350.59
P015981,O015981,Credit Card,Successful,711.63
P015982,O015982,Credit Card,Successful,573.31
P015983,O015983,Debit Card,Successful,895.29
P015984,O015984,UPI,Successful,284.67999999999995
P015985,O015985,Cash,Successful,814.1700000000001
P015986,O015986,Debit Card,Successful,280.25
P015987,O015987,Debit Card,Successful,881.0500000000001
P015988,O015988,Debit Card,Successful,1403.25
P015989,O015989,Cash,Successful,548.79
P015990,O015990,Debit Card,Refunded,153.60999999999999
P015991,O015991,Credit Card,Successful,1087.47
P015992,O015992,UPI,Refunded,1215.43
P015993,O015993,Wallet,Successful,867.18
P015994,O015994,Credit Card,Successful,798.42
P015995,O015995,Credit Card,Successful,1379.54
P015996,O015996,Credit Card,Successful,1644.92
P015997,O015997,Credit Card,Successful,1155.87
P015998,O015998,UPI,Successful,837.3599999999999
P015999,O015999,UPI,Failed,192.28
P016000,O016000,Credit Card,Refunded,519.71
P016001,O016001,Credit Card,Successful,490.34999999999997
P016002,O016002,Cash,Successful,195.32
P016003,O016003,UPI,Successful,1550.1200000000001
P016004,O016004,Cash,Successful,1716.2900000000002
P016005,O016005,Debit Card,Successful,1784.44
P016006,O016006,Wallet,Successful,1133.83
P016007,O016007,Wallet,Successful,1356.89
P016008,O016008,UPI,Successful,755.5
P016009,O016009,UPI,Successful,1217.67
P016010,O016010,UPI,Successful,991.37
P016011,O016011,Cash,Failed,134.73
P016012,O016012,Cash,Successful,1016.16
P016013,O016013,Debit Card,Successful,603.75
P016014,O016014,Cash,Successful,1032.03
P016015,O016015,Cash,Successful,702.26
P016016,O016016,Wallet,Successful,743.97
P016017,O016017,Cash,Successful,255.35000000000002
P016018,O016018,UPI,Successful,121.78
P016019,O016019,Wallet,Failed,671.62
P016020,O016020,Wallet,Successful,415.70000000000005
P016021,O016021,Credit Card,Successful,546.09
P016022,O016022,UPI,Successful,1605.38
P016023,O016023,Wallet,Successful,1561.74
P016024,O016024,UPI,Successful,91.39000000000001
P016025,O016025,Wallet,Successful,95.91999999999999
P016026,O016026,Credit Card,Successful,1139.52
P016027,O016027,Debit Card,Successful,1411.7
P016028,O016028,Debit Card,Successful,839.56
P016029,O016029,Credit Card,Successful,663.48
P016030,O016030,Cash,Successful,623.94
P016031,O016031,Debit Card,Successful,1287.84
P016032,O016032,UPI,Successful,776.78
P016033,O016033,Wallet,Successful,352.22
P016034,O016034,Credit Card,Successful,712.98
P016035,O016035,Wallet,Successful,623.32
P016036,O016036,Debit Card,Successful,1433.8700000000001
P016037,O016037,Debit Card,Successful,1137.47
P016038,O016038,UPI,Successful,1287.4699999999998
P016039,O016039,Cash,Refunded,685.32
P016040,O016040,Wallet,Successful,305.32
P016041,O016041,UPI,Refunded,1618.2
P016042,O016042,Debit Card,Failed,698.85
P016043,O016043,Debit Card,Successful,1113.9099999999999
P016044,O016044,Debit Card,Successful,974.9499999999999
P016045,O016045,Wallet,Successful,1850.11
P016046,O016046,UPI,Successful,317.57
P016047,O016047,UPI,Successful,1278.5700000000002
P016048,O016048,Credit Card,Successful,889.51
P016049,O016049,Credit Card,Failed,417.36999999999995
P016050,O016050,UPI,Successful,1287.71
P016051,O016051,Debit Card,Successful,1441.1399999999999
P016052,O016052,Wallet,Successful,153.32
P016053,O016053,Credit Card,Successful,1243.68
P016054,O016054,Cash,Successful,343.05
P016055,O016055,Credit Card,Successful,1065.7
P016056,O016056,UPI,Successful,1072.8700000000001
P016057,O016057,Credit Card,Successful,1187.5900000000001
P016058,O016058,UPI,Successful,232.4
P016059,O016059,Wallet,Successful,1089.28
P016060,O016060,Wallet,Successful,271.1
P016061,O016061,Debit Card,Successful,1070.6399999999999
P016062,O016062,Credit Card,Successful,201.47000000000003
P016063,O016063,Wallet,Successful,1253.06
P016064,O016064,Credit Card,Failed,1336.5100000000002
P016065,O016065,Wallet,Successful,666.44
P016066,O016066,Debit Card,Successful,1444.79
P016067,O016067,Debit Card,Successful,750.77
P016068,O016068,Wallet,Successful,1394.69
P016069,O016069,Wallet,Successful,1373.22
P016070,O016070,Credit Card,Successful,562.28
P016071,O016071,Credit Card,Successful,453.21
P016072,O016072,UPI,Successful,1700.23
P016073,O016073,UPI,Successful,1313.51
P016074,O016074,UPI,Successful,1281.28
P016075,O016075,Debit Card,Successful,611.3699999999999
P016076,O016076,Debit Card,Successful,757.5999999999999
P016077,O016077,Wallet,Successful,1073.99
P016078,O016078,Debit Card,Successful,243.00999999999996
P016079,O016079,Cash,Successful,1390.47
P016080,O016080,Wallet,Successful,219.68999999999997
P016081,O016081,Debit Card,Successful,1131.31
P016082,O016082,Debit Card,Successful,790.2399999999999
P016083,O016083,UPI,Successful,1205.75
P016084,O016084,UPI,Successful,421.18999999999994
P016085,O016085,UPI,Successful,780.59
P016086,O016086,Credit Card,Successful,927.6300000000001
P016087,O016087,UPI,Successful,263.77
P016088,O016088,Cash,Successful,1353.8600000000001
P016089,O016089,Wallet,Successful,1869.5500000000002
P016090,O016090,Cash,Successful,658.76
P016091,O016091,Credit Card,Successful,616.51
P016092,O016092,Credit Card,Successful,1131.37
P016093,O016093,Credit Card,Successful,1178.6200000000001
P016094,O016094,UPI,Successful,1595.55
P016095,O016095,Debit Card,Successful,719.75
P016096,O016096,Debit Card,Successful,1304.5500000000002
P016097,O016097,Cash,Successful,466.14
P016098,O016098,Wallet,Successful,1170.53
P016099,O016099,Cash,Successful,825.69
P016100,O016100,Cash,Successful,1098.18
P016101,O016101,Cash,Successful,817.76
P016102,O016102,Credit Card,Successful,631.59
P016103,O016103,Wallet,Failed,879.0
P016104,O016104,UPI,Successful,1418.02
P016105,O016105,Debit Card,Successful,1171.04
P016106,O016106,Wallet,Successful,1024.0
P016107,O016107,Cash,Successful,1040.32
P016108,O016108,Credit Card,Failed,1160.0
P016109,O016109,Cash,Successful,473.90999999999997
P016110,O016110,Debit Card,Successful,539.11
P016111,O016111,UPI,Successful,924.1699999999998
P016112,O016112,Debit Card,Successful,340.38
P016113,O016113,Wallet,Successful,789.93
P016114,O016114,Cash,Successful,1021.75
P016115,O016115,Debit Card,Failed,112.7
P016116,O016116,Wallet,Failed,305.83
P016117,O016117,Cash,Successful,1538.8999999999999
P016118,O016118,UPI,Successful,1669.6699999999998
P016119,O016119,Debit Card,Successful,839.5899999999999
P016120,O016120,Credit Card,Successful,871.3299999999999
P016121,O016121,Debit Card,Successful,393.4
P016122,O016122,Credit Card,Successful,669.01
P016123,O016123,Cash,Successful,1446.6999999999998
P016124,O016124,Cash,Successful,1320.94
P016125,O016125,Debit Card,Successful,723.4399999999999
P016126,O016126,Wallet,Successful,622.9300000000001
P016127,O016127,UPI,Successful,1324.15
P016128,O016128,Debit Card,Successful,1368.33
P016129,O016129,Credit Card,Successful,1946.38
P016130,O016130,Credit Card,Successful,1067.18
P016131,O016131,Debit Card,Refunded,536.75
P016132,O016132,Wallet,Failed,161.14
P016133,O016133,Debit Card,Successful,564.84
P016134,O016134,Debit Card,Successful,386.42999999999995
P016135,O016135,Cash,Successful,220.13
P016136,O016136,UPI,Successful,844.61
P016137,O016137,Wallet,Successful,571.1800000000001
P016138,O016138,UPI,Successful,1699.0800000000002
P016139,O016139,Credit Card,Successful,812.4499999999999
P016140,O016140,Cash,Refunded,1283.0
P016141,O016141,Debit Card,Successful,645.01
P016142,O016142,Credit Card,Successful,1591.1599999999999
P016143,O016143,Wallet,Successful,859.44
P016144,O016144,UPI,Successful,113.79999999999998
P016145,O016145,Credit Card,Successful,882.22
P016146,O016146,UPI,Successful,474.27
P016147,O016147,Debit Card,Failed,479.2
P016148,O016148,Cash,Successful,1089.4
P016149,O016149,Debit Card,Successful,792.6199999999999
P016150,O016150,UPI,Successful,1654.81
P016151,O016151,UPI,Successful,1453.33
P016152,O016152,Cash,Successful,1035.32
P016153,O016153,Cash,Successful,1464.28
P016154,O016154,Cash,Successful,410.78999999999996
P016155,O016155,Credit Card,Successful,228.37
P016156,O016156,Credit Card,Successful,607.96
P016157,O016157,Cash,Successful,677.4200000000001
P016158,O016158,UPI,Successful,1187.01
P016159,O016159,Debit Card,Successful,1349.26
P016160,O016160,UPI,Successful,534.12
P016161,O016161,Debit Card,Failed,716.61
P016162,O016162,Credit Card,Successful,246.73000000000002
P016163,O016163,Wallet,Successful,883.51
P016164,O016164,Debit Card,Successful,503.31
P016165,O016165,Credit Card,Successful,682.76
P016166,O016166,UPI,Successful,430.42999999999995
P016167,O016167,Wallet,Successful,1541.12
P016168,O016168,UPI,Successful,84.53999999999999
P016169,O016169,UPI,Successful,646.92
P016170,O016170,UPI,Successful,1860.53
P016171,O016171,UPI,Successful,1376.2099999999998
P016172,O016172,Debit Card,Failed,1231.7399999999998
P016173,O016173,Wallet,Successful,1658.8899999999999
P016174,O016174,Cash,Successful,717.0
P016175,O016175,Debit Card,Successful,198.16
P016176,O016176,Credit Card,Failed,693.89
P016177,O016177,Wallet,Failed,1184.3000000000002
P016178,O016178,Cash,Failed,711.27
P016179,O016179,Wallet,Successful,725.01
P016180,O016180,Cash,Successful,1664.97
P016181,O016181,Credit Card,Successful,130.66
P016182,O016182,Cash,Successful,620.79
P016183,O016183,Wallet,Successful,860.9300000000001
P016184,O016184,Cash,Successful,599.1600000000001
P016185,O016185,Cash,Successful,920.8000000000001
P016186,O016186,UPI,Successful,839.82
P016187,O016187,Wallet,Successful,1665.71
P016188,O016188,Debit Card,Successful,812.82
P016189,O016189,Cash,Successful,736.1800000000001
P016190,O016190,Credit Card,Successful,441.34
P016191,O016191,Wallet,Successful,143.01
P016192,O016192,Cash,Successful,667.86
P016193,O016193,Credit Card,Successful,142.98
P016194,O016194,Cash,Successful,1197.1299999999999
P016195,O016195,UPI,Successful,360.71999999999997
P016196,O016196,Wallet,Successful,1761.65
P016197,O016197,Credit Card,Successful,1442.79
P016198,O016198,Cash,Successful,1185.8200000000002
P016199,O016199,Credit Card,Successful,1734.82
P016200,O016200,Credit Card,Successful,1343.6299999999999
P016201,O016201,UPI,Successful,1129.4099999999999
P016202,O016202,Debit Card,Successful,770.8499999999999
P016203,O016203,Credit Card,Successful,1685.4699999999998
P016204,O016204,UPI,Successful,1262.8600000000001
P016205,O016205,UPI,Successful,290.28999999999996
P016206,O016206,Credit Card,Successful,633.8700000000001
P016207,O016207,Credit Card,Successful,800.1800000000001
P016208,O016208,UPI,Successful,849.3200000000002
P016209,O016209,Debit Card,Successful,705.01
P016210,O016210,Credit Card,Successful,809.7399999999999
P016211,O016211,Wallet,Successful,258.09000000000003
P016212,O016212,Wallet,Successful,1258.51
P016213,O016213,UPI,Failed,870.58
P016214,O016214,Cash,Successful,1204.25
P016215,O016215,Credit Card,Successful,1391.03
P016216,O016216,UPI,Successful,240.27999999999997
P016217,O016217,Debit Card,Successful,548.1
P016218,O016218,Wallet,Refunded,1253.36
P016219,O016219,UPI,Failed,692.6700000000001
P016220,O016220,Credit Card,Successful,954.05
P016221,O016221,UPI,Successful,1812.66
P016222,O016222,Cash,Successful,222.35
P016223,O016223,Cash,Successful,364.68
P016224,O016224,Debit Card,Successful,897.25
P016225,O016225,Wallet,Successful,1284.62
P016226,O016226,Debit Card,Successful,608.26
P016227,O016227,Debit Card,Successful,290.27
P016228,O016228,Cash,Successful,683.94
P016229,O016229,Cash,Successful,1121.43
P016230,O016230,Credit Card,Successful,1370.84
P016231,O016231,UPI,Successful,1706.01
P016232,O016232,Credit Card,Successful,1460.96
P016233,O016233,UPI,Successful,1019.05
P016234,O016234,Wallet,Successful,493.29
P016235,O016235,Cash,Successful,1564.88
P016236,O016236,UPI,Successful,787.0899999999999
P016237,O016237,Wallet,Successful,995.47
P016238,O016238,Debit Card,Successful,824.03
P016239,O016239,Debit Card,Successful,477.65999999999997
P016240,O016240,Wallet,Successful,1075.46
P016241,O016241,UPI,Successful,1502.83
P016242,O016242,UPI,Successful,633.14
P016243,O016243,Cash,Successful,974.53
P016244,O016244,Credit Card,Successful,148.0
P016245,O016245,Cash,Successful,1531.6000000000001
P016246,O016246,Debit Card,Successful,1393.5499999999997
P016247,O016247,Credit Card,Successful,802.2
P016248,O016248,Credit Card,Successful,854.7600000000001
P016249,O016249,UPI,Successful,333.96000000000004
P016250,O016250,Debit Card,Successful,443.68
P016251,O016251,UPI,Successful,955.1600000000001
P016252,O016252,Cash,Successful,1245.1299999999999
P016253,O016253,Wallet,Successful,734.8399999999999
P016254,O016254,Debit Card,Successful,692.42
P016255,O016255,Credit Card,Successful,966.3499999999999
P016256,O016256,Cash,Successful,1638.8899999999999
P016257,O016257,Cash,Successful,371.37
P016258,O016258,Wallet,Failed,992.1100000000001
P016259,O016259,Cash,Successful,182.78
P016260,O016260,UPI,Refunded,689.35
P016261,O016261,Wallet,Successful,669.4300000000001
P016262,O016262,UPI,Successful,298.22
P016263,O016263,Debit Card,Failed,315.13
P016264,O016264,Wallet,Successful,729.42
P016265,O016265,UPI,Successful,252.08999999999997
P016266,O016266,UPI,Successful,609.4100000000001
P016267,O016267,Cash,Successful,205.19
P016268,O016268,Credit Card,Successful,490.29
P016269,O016269,UPI,Successful,1091.65
P016270,O016270,Debit Card,Successful,1488.32
P016271,O016271,Cash,Successful,1351.6399999999999
P016272,O016272,Cash,Successful,539.46
P016273,O016273,Credit Card,Successful,1434.9
P016274,O016274,Debit Card,Successful,423.63000000000005
P016275,O016275,Cash,Successful,225.76999999999998
P016276,O016276,Credit Card,Successful,1527.79
P016277,O016277,Credit Card,Successful,865.1100000000001
P016278,O016278,UPI,Successful,584.83
P016279,O016279,Cash,Successful,1491.7800000000002
P016280,O016280,Wallet,Successful,1196.0
P016281,O016281,Credit Card,Successful,1668.0500000000002
P016282,O016282,Debit Card,Successful,470.1
P016283,O016283,Debit Card,Failed,1300.05
P016284,O016284,UPI,Successful,1313.77
P016285,O016285,Credit Card,Successful,1313.25
P016286,O016286,Debit Card,Successful,502.28000000000003
P016287,O016287,Cash,Successful,478.53
P016288,O016288,Cash,Successful,851.52
P016289,O016289,Wallet,Successful,847.0100000000001
P016290,O016290,Cash,Successful,1218.5400000000002
P016291,O016291,Debit Card,Successful,884.1100000000001
P016292,O016292,Cash,Failed,1157.1399999999999
P016293,O016293,Credit Card,Successful,1084.76
P016294,O016294,Cash,Successful,1007.8599999999999
P016295,O016295,UPI,Refunded,464.01000000000005
P016296,O016296,Credit Card,Successful,678.28
P016297,O016297,Cash,Successful,1452.75
P016298,O016298,Wallet,Successful,1300.63
P016299,O016299,Debit Card,Successful,992.22
P016300,O016300,Cash,Successful,1444.9700000000003
P016301,O016301,Credit Card,Refunded,403.96999999999997
P016302,O016302,Wallet,Successful,412.75000000000006
P016303,O016303,Debit Card,Successful,736.3599999999999
P016304,O016304,Credit Card,Failed,941.6499999999999
P016305,O016305,Debit Card,Failed,875.64
P016306,O016306,Cash,Successful,817.94
P016307,O016307,Debit Card,Successful,1006.8199999999999
P016308,O016308,Debit Card,Successful,568.22
P016309,O016309,Wallet,Successful,275.84000000000003
P016310,O016310,Credit Card,Successful,1762.33
P016311,O016311,Cash,Successful,1295.67
P016312,O016312,Wallet,Failed,1619.3899999999999
P016313,O016313,Debit Card,Successful,785.91
P016314,O016314,UPI,Successful,761.21
P016315,O016315,Cash,Successful,1605.1499999999999
P016316,O016316,Wallet,Successful,1937.6599999999999
P016317,O016317,UPI,Successful,1556.32
P016318,O016318,Credit Card,Successful,990.9300000000001
P016319,O016319,Debit Card,Successful,492.04999999999995
P016320,O016320,Cash,Successful,969.4300000000001
P016321,O016321,Wallet,Successful,1163.98
P016322,O016322,UPI,Successful,1535.6000000000001
P016323,O016323,Wallet,Successful,528.3
P016324,O016324,UPI,Successful,382.81
P016325,O016325,Cash,Successful,463.52
P016326,O016326,Wallet,Successful,440.40000000000003
P016327,O016327,UPI,Successful,1283.5700000000002
P016328,O016328,UPI,Successful,1593.0
P016329,O016329,Wallet,Successful,565.4599999999999
P016330,O016330,Debit Card,Successful,372.21000000000004
P016331,O016331,Credit Card,Successful,586.6700000000001
P016332,O016332,UPI,Successful,905.69
P016333,O016333,Cash,Successful,1344.41
P016334,O016334,Cash,Successful,974.0799999999999
P016335,O016335,Cash,Failed,495.84999999999997
P016336,O016336,Debit Card,Successful,1396.87
P016337,O016337,UPI,Successful,662.86
P016338,O016338,Debit Card,Successful,887.64
P016339,O016339,Wallet,Successful,1903.81
P016340,O016340,Wallet,Refunded,1500.38
P016341,O016341,Debit Card,Successful,1617.3000000000002
P016342,O016342,Debit Card,Successful,395.41
P016343,O016343,Credit Card,Successful,1553.6299999999999
P016344,O016344,Credit Card,Successful,894.74
P016345,O016345,Wallet,Successful,497.61
P016346,O016346,Debit Card,Successful,1833.6100000000001
P016347,O016347,Cash,Successful,385.92999999999995
P016348,O016348,Credit Card,Successful,1345.6000000000001
P016349,O016349,Cash,Successful,98.33
P016350,O016350,Credit Card,Successful,717.5799999999999
P016351,O016351,Debit Card,Successful,122.70000000000002
P016352,O016352,Debit Card,Successful,1654.19
P016353,O016353,UPI,Successful,246.89999999999998
P016354,O016354,Cash,Successful,1107.8100000000002
P016355,O016355,UPI,Successful,1261.51
P016356,O016356,Wallet,Successful,1483.51
P016357,O016357,UPI,Failed,1336.27
P016358,O016358,UPI,Successful,114.74000000000001
P016359,O016359,Wallet,Successful,771.49
P016360,O016360,Wallet,Successful,621.22
P016361,O016361,Cash,Successful,1620.74
P016362,O016362,Cash,Successful,1404.61
P016363,O016363,Cash,Successful,1141.2199999999998
P016364,O016364,Wallet,Successful,753.71
P016365,O016365,Credit Card,Successful,1760.35
P016366,O016366,Credit Card,Successful,114.99000000000001
P016367,O016367,Wallet,Failed,408.89
P016368,O016368,Debit Card,Successful,1147.82
P016369,O016369,Credit Card,Successful,918.7800000000001
P016370,O016370,Debit Card,Successful,870.26
P016371,O016371,Cash,Successful,711.8299999999999
P016372,O016372,Credit Card,Successful,311.66999999999996
P016373,O016373,Wallet,Successful,409.46
P016374,O016374,Credit Card,Successful,553.6
P016375,O016375,Credit Card,Successful,793.72
P016376,O016376,UPI,Successful,1328.29
P016377,O016377,Debit Card,Successful,686.37
P016378,O016378,Credit Card,Successful,1582.82
P016379,O016379,Debit Card,Successful,250.51000000000002
P016380,O016380,Cash,Successful,471.02
P016381,O016381,Debit Card,Successful,215.13
P016382,O016382,Credit Card,Successful,983.0
P016383,O016383,UPI,Successful,194.39
P016384,O016384,Wallet,Successful,1454.94
P016385,O016385,Debit Card,Successful,153.73000000000002
P016386,O016386,Credit Card,Successful,821.48
P016387,O016387,UPI,Successful,813.77
P016388,O016388,Debit Card,Successful,388.1
P016389,O016389,UPI,Successful,1109.52
P016390,O016390,Credit Card,Successful,701.72
P016391,O016391,Wallet,Successful,396.21
P016392,O016392,Cash,Successful,1269.27
P016393,O016393,Wallet,Successful,1005.6199999999999
P016394,O016394,Cash,Successful,97.92
P016395,O016395,Debit Card,Successful,968.1999999999999
P016396,O016396,Cash,Successful,529.83
P016397,O016397,Debit Card,Successful,1528.24
P016398,O016398,Wallet,Successful,1346.4899999999998
P016399,O016399,Credit Card,Successful,906.17
P016400,O016400,Debit Card,Successful,260.43
P016401,O016401,UPI,Successful,1401.1
P016402,O016402,Cash,Successful,326.14
P016403,O016403,UPI,Successful,685.1299999999999
P016404,O016404,UPI,Successful,1171.27
P016405,O016405,Wallet,Successful,812.3799999999999
P016406,O016406,Wallet,Successful,1385.21
P016407,O016407,UPI,Successful,1333.8600000000001
P016408,O016408,UPI,Failed,351.90999999999997
P016409,O016409,UPI,Successful,1035.81
P016410,O016410,Credit Card,Successful,145.72
P016411,O016411,Credit Card,Successful,1097.34
P016412,O016412,UPI,Successful,1087.14
P016413,O016413,Debit Card,Successful,653.9399999999999
P016414,O016414,UPI,Successful,1377.07
P016415,O016415,Credit Card,Successful,1015.21
P016416,O016416,Wallet,Successful,961.4100000000001
P016417,O016417,Debit Card,Successful,743.53
P016418,O016418,Credit Card,Successful,260.86
P016419,O016419,Cash,Successful,1021.1499999999999
P016420,O016420,Cash,Successful,320.01
P016421,O016421,UPI,Successful,1226.98
P016422,O016422,UPI,Successful,982.08
P016423,O016423,Wallet,Refunded,540.65
P016424,O016424,Wallet,Successful,445.9599999999999
P016425,O016425,Cash,Successful,823.99
P016426,O016426,Credit Card,Successful,829.47
P016427,O016427,UPI,Refunded,1133.08
P016428,O016428,Credit Card,Successful,582.4399999999999
P016429,O016429,Wallet,Successful,710.98
P016430,O016430,Wallet,Successful,729.27
P016431,O016431,Cash,Successful,606.8000000000001
P016432,O016432,UPI,Successful,966.83
P016433,O016433,Credit Card,Successful,1123.45
P016434,O016434,Cash,Successful,692.16
P016435,O016435,Credit Card,Successful,1214.2800000000002
P016436,O016436,Debit Card,Successful,1080.97
P016437,O016437,UPI,Successful,1009.5899999999999
P016438,O016438,Wallet,Successful,861.54
P016439,O016439,Debit Card,Successful,242.94000000000003
P016440,O016440,Cash,Successful,870.3200000000002
P016441,O016441,UPI,Successful,1087.2
P016442,O016442,UPI,Successful,487.72
P016443,O016443,UPI,Successful,1222.5600000000002
P016444,O016444,Debit Card,Successful,1167.39
P016445,O016445,Credit Card,Successful,537.14
P016446,O016446,UPI,Successful,395.59000000000003
P016447,O016447,Credit Card,Successful,560.86
P016448,O016448,Debit Card,Successful,1368.26
P016449,O016449,Credit Card,Successful,411.31000000000006
P016450,O016450,Credit Card,Successful,1020.95
P016451,O016451,Cash,Failed,1023.8299999999999
P016452,O016452,Wallet,Successful,867.48
P016453,O016453,Credit Card,Successful,1294.47
P016454,O016454,UPI,Successful,1681.6
P016455,O016455,Credit Card,Successful,1043.0200000000002
P016456,O016456,UPI,Successful,177.64000000000001
P016457,O016457,Credit Card,Successful,374.07
P016458,O016458,UPI,Successful,1367.03
P016459,O016459,Wallet,Successful,331.28000000000003
P016460,O016460,Debit Card,Successful,1282.68
P016461,O016461,Cash,Successful,870.51
P016462,O016462,Credit Card,Successful,268.77
P016463,O016463,Debit Card,Successful,1701.17
P016464,O016464,Wallet,Successful,1844.47
P016465,O016465,Cash,Successful,953.78
P016466,O016466,UPI,Successful,743.77
P016467,O016467,Wallet,Successful,1126.28
P016468,O016468,Cash,Successful,1275.48
P016469,O016469,Wallet,Successful,1223.86
P016470,O016470,Debit Card,Successful,1328.64
P016471,O016471,Debit Card,Successful,180.41
P016472,O016472,Credit Card,Successful,276.47
P016473,O016473,UPI,Successful,606.0
P016474,O016474,Credit Card,Successful,704.27
P016475,O016475,UPI,Successful,1200.68
P016476,O016476,UPI,Successful,374.1
P016477,O016477,UPI,Successful,1005.82
P016478,O016478,Credit Card,Successful,442.12
P016479,O016479,UPI,Failed,631.68
P016480,O016480,Debit Card,Successful,1803.97
P016481,O016481,Cash,Failed,1332.3999999999999
P016482,O016482,UPI,Successful,1418.17
P016483,O016483,UPI,Successful,1197.13
P016484,O016484,Debit Card,Successful,922.04
P016485,O016485,UPI,Successful,1467.88
P016486,O016486,Cash,Failed,176.26000000000002
P016487,O016487,Cash,Successful,1811.3799999999999
P016488,O016488,Debit Card,Successful,791.8199999999999
P016489,O016489,UPI,Successful,1194.21
P016490,O016490,Wallet,Failed,1141.8899999999999
P016491,O016491,Cash,Successful,1198.3
P016492,O016492,Debit Card,Successful,1427.45
P016493,O016493,Credit Card,Successful,622.28
P016494,O016494,Debit Card,Successful,1106.3500000000001
P016495,O016495,Wallet,Successful,912.5600000000001
P016496,O016496,Debit Card,Successful,1225.32
P016497,O016497,UPI,Successful,654.02
P016498,O016498,Debit Card,Successful,1485.13
P016499,O016499,Debit Card,Successful,1020.5799999999999
P016500,O016500,Cash,Successful,933.1800000000001
P016501,O016501,Debit Card,Successful,1002.2
P016502,O016502,Debit Card,Successful,911.4300000000001
P016503,O016503,Cash,Successful,956.61
P016504,O016504,Cash,Successful,1597.0
P016505,O016505,Wallet,Successful,313.65
P016506,O016506,Wallet,Refunded,107.92
P016507,O016507,Cash,Successful,777.5700000000002
P016508,O016508,Wallet,Successful,1431.44
P016509,O016509,Debit Card,Successful,1044.7199999999998
P016510,O016510,Debit Card,Successful,1492.06
P016511,O016511,Debit Card,Refunded,420.81
P016512,O016512,Credit Card,Successful,1108.27
P016513,O016513,Debit Card,Successful,1329.3600000000001
P016514,O016514,Wallet,Successful,1672.88
P016515,O016515,Debit Card,Successful,931.1
P016516,O016516,Debit Card,Failed,650.0899999999999
P016517,O016517,Cash,Successful,1434.54
P016518,O016518,UPI,Successful,1543.74
P016519,O016519,Credit Card,Successful,704.58
P016520,O016520,Debit Card,Successful,1028.66
P016521,O016521,UPI,Successful,528.3
P016522,O016522,Cash,Successful,972.8800000000001
P016523,O016523,Credit Card,Successful,878.39
P016524,O016524,Cash,Refunded,150.44
P016525,O016525,Cash,Failed,1569.01
P016526,O016526,Wallet,Successful,725.4899999999999
P016527,O016527,Cash,Successful,743.13
P016528,O016528,UPI,Failed,456.37
P016529,O016529,Debit Card,Successful,466.26
P016530,O016530,Debit Card,Successful,493.76
P016531,O016531,Credit Card,Successful,978.03
P016532,O016532,Debit Card,Successful,244.67999999999998
P016533,O016533,Debit Card,Successful,536.6700000000001
P016534,O016534,Cash,Successful,1900.31
P016535,O016535,Credit Card,Successful,604.73
P016536,O016536,UPI,Refunded,1767.25
P016537,O016537,UPI,Successful,296.78
P016538,O016538,Debit Card,Successful,1278.5
P016539,O016539,Wallet,Successful,675.35
P016540,O016540,UPI,Successful,428.53
P016541,O016541,Cash,Successful,1280.26
P016542,O016542,Wallet,Successful,97.36
P016543,O016543,Credit Card,Successful,701.45
P016544,O016544,Credit Card,Successful,904.98
P016545,O016545,Debit Card,Successful,383.99
P016546,O016546,Debit Card,Successful,702.2299999999999
P016547,O016547,Cash,Successful,210.76999999999998
P016548,O016548,Debit Card,Successful,1623.61
P016549,O016549,Credit Card,Successful,769.99
P016550,O016550,Cash,Successful,335.33
P016551,O016551,Wallet,Successful,443.27
P016552,O016552,Cash,Failed,496.55000000000007
P016553,O016553,Debit Card,Successful,398.44
P016554,O016554,Debit Card,Successful,808.74
P016555,O016555,UPI,Successful,1425.56
P016556,O016556,Cash,Successful,440.51
P016557,O016557,Wallet,Successful,933.4499999999999
P016558,O016558,Debit Card,Successful,1171.6100000000001
P016559,O016559,UPI,Successful,374.30999999999995
P016560,O016560,Debit Card,Successful,307.39
P016561,O016561,Debit Card,Failed,353.0
P016562,O016562,UPI,Successful,1763.56
P016563,O016563,Credit Card,Successful,1435.68
P016564,O016564,Cash,Failed,549.5600000000001
P016565,O016565,Wallet,Successful,1744.8799999999999
P016566,O016566,Credit Card,Failed,1374.4099999999999
P016567,O016567,Credit Card,Successful,771.23
P016568,O016568,Wallet,Successful,882.5199999999999
P016569,O016569,Debit Card,Successful,740.89
P016570,O016570,Wallet,Successful,459.85
P016571,O016571,Debit Card,Successful,1166.36
P016572,O016572,Credit Card,Successful,939.6
P016573,O016573,Wallet,Refunded,613.79
P016574,O016574,Credit Card,Successful,98.10999999999999
P016575,O016575,Cash,Successful,1139.05
P016576,O016576,Cash,Successful,933.03
P016577,O016577,Wallet,Successful,186.10000000000002
P016578,O016578,Debit Card,Successful,280.18
P016579,O016579,Debit Card,Successful,1192.3400000000001
P016580,O016580,UPI,Successful,1119.09
P016581,O016581,Cash,Successful,523.36
P016582,O016582,Debit Card,Successful,294.41999999999996
P016583,O016583,Cash,Successful,1476.53
P016584,O016584,Cash,Successful,348.85
P016585,O016585,UPI,Successful,218.45
P016586,O016586,UPI,Successful,1128.13
P016587,O016587,Credit Card,Successful,577.25
P016588,O016588,Credit Card,Successful,979.8699999999999
P016589,O016589,UPI,Successful,949.51
P016590,O016590,UPI,Successful,418.13
P016591,O016591,Debit Card,Successful,191.25
P016592,O016592,Wallet,Successful,199.19
P016593,O016593,Credit Card,Successful,1125.94
P016594,O016594,UPI,Successful,1352.38
P016595,O016595,Wallet,Failed,1287.51
P016596,O016596,Credit Card,Successful,1066.9
P016597,O016597,Cash,Successful,488.34
P016598,O016598,Wallet,Successful,1650.9
P016599,O016599,Cash,Successful,1241.3899999999999
P016600,O016600,Credit Card,Successful,1165.69
P016601,O016601,Debit Card,Successful,421.91999999999996
P016602,O016602,Debit Card,Successful,433.19000000000005
P016603,O016603,Debit Card,Failed,1680.86
P016604,O016604,Credit Card,Successful,885.9599999999999
P016605,O016605,Wallet,Successful,937.13
P016606,O016606,Debit Card,Successful,219.95
P016607,O016607,UPI,Successful,749.8900000000001
P016608,O016608,Wallet,Successful,1630.25
P016609,O016609,UPI,Successful,1599.6799999999998
P016610,O016610,Wallet,Successful,1349.28
P016611,O016611,Cash,Successful,1107.69
P016612,O016612,Wallet,Successful,1674.61
P016613,O016613,Cash,Successful,1448.06
P016614,O016614,UPI,Successful,1614.3999999999999
P016615,O016615,Credit Card,Successful,1331.4
P016616,O016616,Debit Card,Successful,749.11
P016617,O016617,Debit Card,Refunded,914.3600000000001
P016618,O016618,UPI,Successful,705.25
P016619,O016619,Debit Card,Successful,1363.0500000000002
P016620,O016620,Wallet,Successful,1151.13
P016621,O016621,Wallet,Successful,173.70000000000002
P016622,O016622,UPI,Successful,271.22
P016623,O016623,Wallet,Successful,362.66
P016624,O016624,Cash,Successful,1268.3999999999999
P016625,O016625,Wallet,Successful,276.81
P016626,O016626,Debit Card,Successful,998.8199999999999
P016627,O016627,Credit Card,Successful,1603.76
P016628,O016628,Cash,Successful,1466.99
P016629,O016629,Credit Card,Successful,863.02
P016630,O016630,Debit Card,Successful,1039.44
P016631,O016631,Debit Card,Successful,1655.6200000000001
P016632,O016632,Cash,Successful,1504.2
P016633,O016633,UPI,Successful,606.4300000000001
P016634,O016634,Wallet,Successful,658.9399999999999
P016635,O016635,UPI,Successful,698.95
P016636,O016636,UPI,Successful,435.33000000000004
P016637,O016637,UPI,Successful,1320.11
P016638,O016638,Debit Card,Successful,669.1500000000001
P016639,O016639,Cash,Successful,845.98
P016640,O016640,Debit Card,Successful,566.9399999999999
P016641,O016641,UPI,Successful,292.28
P016642,O016642,Debit Card,Successful,985.4800000000001
P016643,O016643,Debit Card,Successful,1111.6200000000001
P016644,O016644,UPI,Successful,582.54
P016645,O016645,Wallet,Successful,124.62
P016646,O016646,Cash,Successful,1813.34
P016647,O016647,Wallet,Successful,592.49
P016648,O016648,Cash,Successful,883.4300000000001
P016649,O016649,Credit Card,Successful,322.79
P016650,O016650,Wallet,Successful,501.46000000000004
P016651,O016651,Cash,Successful,674.84
P016652,O016652,Credit Card,Failed,917.22
P016653,O016653,UPI,Successful,1402.14
P016654,O016654,Debit Card,Failed,482.80999999999995
P016655,O016655,Cash,Successful,1581.65
P016656,O016656,Debit Card,Successful,887.52
P016657,O016657,Wallet,Successful,864.0500000000001
P016658,O016658,Debit Card,Successful,720.0300000000001
P016659,O016659,Wallet,Successful,1254.99
P016660,O016660,UPI,Successful,416.22999999999996
P016661,O016661,Debit Card,Successful,1492.82
P016662,O016662,Wallet,Successful,260.3
P016663,O016663,Cash,Successful,1412.6399999999999
P016664,O016664,Debit Card,Successful,763.52
P016665,O016665,Wallet,Successful,1895.21
P016666,O016666,Cash,Successful,922.43
P016667,O016667,Debit Card,Successful,280.14
P016668,O016668,Debit Card,Failed,214.94
P016669,O016669,Credit Card,Successful,335.23
P016670,O016670,Debit Card,Successful,888.62
P016671,O016671,Cash,Successful,1503.88
P016672,O016672,Cash,Successful,72.06
P016673,O016673,Debit Card,Successful,551.0500000000001
P016674,O016674,Cash,Successful,1013.6200000000001
P016675,O016675,Wallet,Successful,477.63
P016676,O016676,Cash,Successful,558.74
P016677,O016677,UPI,Successful,636.38
P016678,O016678,UPI,Successful,1616.6299999999999
P016679,O016679,UPI,Successful,224.61
P016680,O016680,Credit Card,Successful,1774.81
P016681,O016681,Debit Card,Successful,511.01
P016682,O016682,Debit Card,Successful,497.64000000000004
P016683,O016683,Debit Card,Successful,1698.0900000000001
P016684,O016684,UPI,Successful,523.2
P016685,O016685,Credit Card,Refunded,1873.46
P016686,O016686,UPI,Successful,805.7599999999999
P016687,O016687,Credit Card,Successful,802.83
P016688,O016688,Credit Card,Successful,1739.06
P016689,O016689,Credit Card,Successful,470.16
P016690,O016690,Wallet,Successful,1324.46
P016691,O016691,Wallet,Successful,895.2700000000001
P016692,O016692,Debit Card,Successful,1097.13
P016693,O016693,Cash,Successful,1041.7599999999998
P016694,O016694,Credit Card,Failed,949.9100000000001
P016695,O016695,Credit Card,Failed,336.99
P016696,O016696,Wallet,Successful,314.45000000000005
P016697,O016697,Credit Card,Successful,724.51
P016698,O016698,Debit Card,Successful,619.8
P016699,O016699,Wallet,Successful,1230.8500000000001
P016700,O016700,Cash,Successful,1404.8
P016701,O016701,Credit Card,Successful,1133.1200000000001
P016702,O016702,UPI,Failed,619.94
P016703,O016703,Debit Card,Successful,1174.0
P016704,O016704,UPI,Successful,1008.7
P016705,O016705,Credit Card,Successful,1300.4299999999998
P016706,O016706,Wallet,Failed,1598.45
P016707,O016707,Cash,Successful,218.14000000000001
P016708,O016708,UPI,Successful,623.98
P016709,O016709,Debit Card,Successful,849.97
P016710,O016710,UPI,Successful,1705.2
P016711,O016711,UPI,Successful,1018.11
P016712,O016712,Debit Card,Successful,881.6
P016713,O016713,Debit Card,Successful,1095.74
P016714,O016714,UPI,Successful,337.09999999999997
P016715,O016715,Wallet,Successful,912.1499999999999
P016716,O016716,Credit Card,Successful,813.1600000000001
P016717,O016717,Debit Card,Successful,1083.29
P016718,O016718,Debit Card,Successful,952.5800000000002
P016719,O016719,Credit Card,Successful,1903.54
P016720,O016720,Credit Card,Successful,234.01999999999998
P016721,O016721,Wallet,Successful,1501.45
P016722,O016722,Debit Card,Successful,1234.4099999999999
P016723,O016723,Cash,Successful,455.84000000000003
P016724,O016724,Debit Card,Successful,1182.38
P016725,O016725,Wallet,Refunded,1212.03
P016726,O016726,Wallet,Successful,484.91999999999996
P016727,O016727,Cash,Successful,1251.6200000000001
P016728,O016728,Credit Card,Successful,1770.33
P016729,O016729,UPI,Refunded,571.12
P016730,O016730,Wallet,Successful,1951.49
P016731,O016731,Credit Card,Successful,520.06
P016732,O016732,Credit Card,Successful,288.83
P016733,O016733,Debit Card,Successful,192.94
P016734,O016734,Wallet,Failed,485.0
P016735,O016735,Credit Card,Failed,630.63
P016736,O016736,Debit Card,Successful,1146.94
P016737,O016737,Cash,Successful,174.13
P016738,O016738,Cash,Successful,912.52
P016739,O016739,Cash,Successful,1045.82
P016740,O016740,UPI,Successful,522.02
P016741,O016741,Cash,Successful,138.48000000000002
P016742,O016742,Credit Card,Successful,515.44
P016743,O016743,Credit Card,Successful,405.81
P016744,O016744,Debit Card,Successful,1222.81
P016745,O016745,UPI,Successful,472.92999999999995
P016746,O016746,Wallet,Successful,630.36
P016747,O016747,Wallet,Successful,182.38
P016748,O016748,UPI,Successful,999.14
P016749,O016749,Wallet,Successful,910.79
P016750,O016750,Wallet,Successful,619.96
P016751,O016751,Cash,Successful,1433.17
P016752,O016752,UPI,Refunded,1278.1299999999999
P016753,O016753,Debit Card,Failed,714.24
P016754,O016754,UPI,Successful,1311.6499999999999
P016755,O016755,Wallet,Successful,732.77
P016756,O016756,Wallet,Successful,510.84
P016757,O016757,Credit Card,Successful,1094.31
P016758,O016758,Debit Card,Successful,1320.88
P016759,O016759,UPI,Successful,1312.91
P016760,O016760,Credit Card,Successful,770.1199999999999
P016761,O016761,Debit Card,Successful,459.31
P016762,O016762,Debit Card,Successful,1402.1899999999998
P016763,O016763,Cash,Successful,348.1
P016764,O016764,Wallet,Successful,1519.1
P016765,O016765,Credit Card,Successful,574.06
P016766,O016766,Wallet,Successful,111.46000000000001
P016767,O016767,Credit Card,Failed,394.67
P016768,O016768,Cash,Successful,644.01
P016769,O016769,Debit Card,Successful,160.53000000000003
P016770,O016770,Debit Card,Successful,795.13
P016771,O016771,Debit Card,Successful,436.69
P016772,O016772,Wallet,Successful,117.44
P016773,O016773,Debit Card,Successful,661.77
P016774,O016774,Credit Card,Successful,372.36
P016775,O016775,UPI,Successful,771.5699999999999
P016776,O016776,Wallet,Successful,1183.5600000000002
P016777,O016777,Cash,Successful,1017.8599999999999
P016778,O016778,Cash,Successful,1274.33
P016779,O016779,Credit Card,Successful,654.99
P016780,O016780,Wallet,Failed,91.66
P016781,O016781,Wallet,Failed,1333.98
P016782,O016782,Cash,Successful,567.13
P016783,O016783,Credit Card,Successful,1080.9399999999998
P016784,O016784,Credit Card,Successful,852.72
P016785,O016785,Cash,Successful,1201.7299999999998
P016786,O016786,Wallet,Successful,1504.5900000000001
P016787,O016787,Wallet,Successful,1484.85
P016788,O016788,Debit Card,Successful,1718.1100000000001
P016789,O016789,Debit Card,Successful,992.2900000000001
P016790,O016790,UPI,Successful,1530.89
P016791,O016791,Wallet,Successful,962.74
P016792,O016792,Debit Card,Successful,182.91
P016793,O016793,Cash,Refunded,288.61
P016794,O016794,Credit Card,Successful,561.45
P016795,O016795,UPI,Successful,1221.3999999999999
P016796,O016796,Wallet,Successful,191.21
P016797,O016797,Credit Card,Successful,665.85
P016798,O016798,UPI,Successful,1962.63
P016799,O016799,UPI,Failed,1521.94
P016800,O016800,UPI,Successful,1023.17
P016801,O016801,Cash,Successful,161.13000000000002
P016802,O016802,Debit Card,Successful,119.13
P016803,O016803,Credit Card,Successful,296.91
P016804,O016804,Cash,Failed,632.26
P016805,O016805,Credit Card,Successful,1227.0900000000001
P016806,O016806,UPI,Successful,396.74
P016807,O016807,UPI,Successful,193.9
P016808,O016808,Cash,Successful,271.25
P016809,O016809,Debit Card,Successful,653.15
P016810,O016810,Cash,Successful,1255.8000000000002
P016811,O016811,UPI,Successful,1600.56
P016812,O016812,Cash,Successful,544.04
P016813,O016813,Credit Card,Successful,1255.07
P016814,O016814,Credit Card,Successful,652.95
P016815,O016815,Wallet,Successful,1472.01
P016816,O016816,Credit Card,Successful,737.03
P016817,O016817,Wallet,Successful,747.53
P016818,O016818,Wallet,Failed,952.78
P016819,O016819,Wallet,Successful,146.98999999999998
P016820,O016820,Wallet,Successful,743.66
P016821,O016821,UPI,Successful,1418.8799999999999
P016822,O016822,Wallet,Successful,1182.25
P016823,O016823,Credit Card,Successful,1631.94
P016824,O016824,Cash,Successful,617.8599999999999
P016825,O016825,Credit Card,Successful,375.08
P016826,O016826,Credit Card,Successful,1185.8899999999999
P016827,O016827,Debit Card,Successful,169.45
P016828,O016828,Credit Card,Successful,348.61
P016829,O016829,Credit Card,Successful,893.0600000000001
P016830,O016830,Cash,Refunded,1158.89
P016831,O016831,Credit Card,Successful,1085.1599999999999
P016832,O016832,Debit Card,Successful,1866.7
P016833,O016833,Credit Card,Successful,1338.41
P016834,O016834,Cash,Successful,1365.72
P016835,O016835,Wallet,Successful,1540.73
P016836,O016836,Debit Card,Successful,923.99
P016837,O016837,UPI,Failed,1195.07
P016838,O016838,UPI,Successful,477.11
P016839,O016839,Debit Card,Successful,944.4099999999999
P016840,O016840,UPI,Successful,1569.17
P016841,O016841,Debit Card,Failed,1291.24
P016842,O016842,Cash,Successful,647.7900000000001
P016843,O016843,Debit Card,Successful,775.1700000000001
P016844,O016844,Debit Card,Successful,1256.25
P016845,O016845,Cash,Successful,538.19
P016846,O016846,Wallet,Successful,1387.25
P016847,O016847,Cash,Successful,1273.91
P016848,O016848,Cash,Successful,311.91
P016849,O016849,Debit Card,Successful,1208.97
P016850,O016850,Wallet,Successful,1318.58
P016851,O016851,Cash,Successful,361.51
P016852,O016852,Cash,Successful,896.02
P016853,O016853,Wallet,Successful,1489.03
P016854,O016854,Debit Card,Successful,374.82
P016855,O016855,UPI,Successful,865.05
P016856,O016856,Cash,Successful,958.0999999999999
P016857,O016857,Debit Card,Successful,279.2
P016858,O016858,Debit Card,Successful,383.58000000000004
P016859,O016859,Cash,Successful,779.8399999999999
P016860,O016860,Debit Card,Successful,794.13
P016861,O016861,Debit Card,Successful,710.2600000000001
P016862,O016862,Debit Card,Successful,112.28
P016863,O016863,Debit Card,Successful,1782.1499999999999
P016864,O016864,Debit Card,Successful,1622.28
P016865,O016865,UPI,Successful,618.51
P016866,O016866,UPI,Successful,398.88
P016867,O016867,Credit Card,Successful,194.4
P016868,O016868,Wallet,Successful,330.95
P016869,O016869,Debit Card,Successful,1031.51
P016870,O016870,Credit Card,Refunded,1174.54
P016871,O016871,UPI,Successful,329.86
P016872,O016872,Cash,Refunded,238.05
P016873,O016873,Wallet,Successful,1083.86
P016874,O016874,Cash,Successful,926.77
P016875,O016875,Credit Card,Successful,650.41
P016876,O016876,UPI,Successful,1354.8400000000001
P016877,O016877,Credit Card,Successful,861.88
P016878,O016878,Debit Card,Failed,800.2
P016879,O016879,Debit Card,Successful,104.17
P016880,O016880,Debit Card,Successful,682.4799999999999
P016881,O016881,Cash,Successful,82.63999999999999
P016882,O016882,Cash,Successful,1500.6599999999999
P016883,O016883,Debit Card,Successful,593.8100000000001
P016884,O016884,UPI,Successful,412.91
P016885,O016885,Credit Card,Successful,223.35999999999999
P016886,O016886,Wallet,Successful,149.23000000000002
P016887,O016887,UPI,Successful,1286.7
P016888,O016888,Cash,Successful,396.85
P016889,O016889,Cash,Successful,1081.1200000000001
P016890,O016890,Debit Card,Successful,954.0999999999999
P016891,O016891,Wallet,Successful,511.4200000000001
P016892,O016892,Wallet,Successful,1441.8600000000001
P016893,O016893,Cash,Successful,422.75
P016894,O016894,UPI,Successful,170.94
P016895,O016895,Debit Card,Successful,228.01
P016896,O016896,Wallet,Successful,474.35999999999996
P016897,O016897,Wallet,Successful,692.8799999999999
P016898,O016898,UPI,Successful,928.68
P016899,O016899,Cash,Successful,1054.55
P016900,O016900,Cash,Successful,399.41999999999996
P016901,O016901,Credit Card,Successful,1383.89
P016902,O016902,UPI,Successful,408.71
P016903,O016903,Debit Card,Successful,1787.8200000000002
P016904,O016904,Credit Card,Failed,1718.97
P016905,O016905,Credit Card,Successful,234.44
P016906,O016906,Credit Card,Successful,996.33
P016907,O016907,Debit Card,Successful,1695.26
P016908,O016908,Debit Card,Successful,219.34
P016909,O016909,Debit Card,Successful,297.46
P016910,O016910,Debit Card,Successful,585.13
P016911,O016911,Cash,Refunded,255.0
P016912,O016912,UPI,Successful,1752.5700000000002
P016913,O016913,Debit Card,Successful,1586.94
P016914,O016914,Credit Card,Failed,1700.52
P016915,O016915,UPI,Successful,368.72
P016916,O016916,UPI,Failed,155.57
P016917,O016917,Credit Card,Successful,796.41
P016918,O016918,Cash,Successful,1454.52
P016919,O016919,Wallet,Successful,1091.8799999999999
P016920,O016920,Wallet,Successful,1588.46
P016921,O016921,Credit Card,Successful,1327.06
P016922,O016922,Debit Card,Successful,623.75
P016923,O016923,Cash,Failed,149.09
P016924,O016924,Cash,Successful,81.93
P016925,O016925,Wallet,Successful,981.2
P016926,O016926,Wallet,Successful,1404.14
P016927,O016927,UPI,Successful,932.13
P016928,O016928,UPI,Failed,1411.3600000000001
P016929,O016929,Debit Card,Successful,1066.23
P016930,O016930,Debit Card,Successful,211.25
P016931,O016931,Cash,Successful,1479.07
P016932,O016932,Wallet,Successful,750.44
P016933,O016933,UPI,Successful,160.66000000000003
P016934,O016934,Credit Card,Successful,1328.88
P016935,O016935,Wallet,Successful,1129.53
P016936,O016936,UPI,Successful,682.44
P016937,O016937,Cash,Successful,124.27999999999999
P016938,O016938,Wallet,Successful,738.9399999999999
P016939,O016939,UPI,Successful,725.38
P016940,O016940,UPI,Successful,405.38
P016941,O016941,Wallet,Successful,340.74
P016942,O016942,Wallet,Successful,374.03999999999996
P016943,O016943,Wallet,Successful,710.02
P016944,O016944,Debit Card,Successful,1536.53
P016945,O016945,UPI,Successful,1219.1
P016946,O016946,Debit Card,Successful,98.77
P016947,O016947,Wallet,Successful,84.50999999999999
P016948,O016948,Credit Card,Refunded,221.21
P016949,O016949,Cash,Successful,869.8199999999999
P016950,O016950,Cash,Successful,1700.3300000000002
P016951,O016951,Cash,Refunded,364.40000000000003
P016952,O016952,UPI,Successful,977.26
P016953,O016953,Debit Card,Successful,125.88999999999999
P016954,O016954,Debit Card,Successful,100.77000000000001
P016955,O016955,Wallet,Successful,90.24
P016956,O016956,Wallet,Successful,1356.94
P016957,O016957,Cash,Successful,129.75
P016958,O016958,Credit Card,Successful,604.04
P016959,O016959,Cash,Successful,1227.35
P016960,O016960,Wallet,Successful,1140.3600000000001
P016961,O016961,Wallet,Successful,177.26
P016962,O016962,Debit Card,Successful,505.81999999999994
P016963,O016963,UPI,Successful,965.61
P016964,O016964,Debit Card,Successful,731.2
P016965,O016965,Credit Card,Successful,702.1199999999999
P016966,O016966,Wallet,Successful,481.04999999999995
P016967,O016967,Credit Card,Failed,160.87
P016968,O016968,Wallet,Successful,667.91
P016969,O016969,UPI,Successful,1025.27
P016970,O016970,Credit Card,Failed,1499.3500000000001
P016971,O016971,Wallet,Successful,1095.24
P016972,O016972,Credit Card,Refunded,818.57
P016973,O016973,UPI,Successful,927.47
P016974,O016974,Cash,Successful,1317.5
P016975,O016975,Credit Card,Refunded,1334.98
P016976,O016976,Debit Card,Successful,210.96999999999997
P016977,O016977,Wallet,Successful,1543.8100000000002
P016978,O016978,Credit Card,Successful,157.92000000000002
P016979,O016979,Debit Card,Successful,1546.6
P016980,O016980,Cash,Successful,761.48
P016981,O016981,Wallet,Successful,1073.96
P016982,O016982,Cash,Successful,559.6700000000001
P016983,O016983,UPI,Successful,642.74
P016984,O016984,Debit Card,Successful,1454.6
P016985,O016985,Debit Card,Successful,572.0500000000001
P016986,O016986,Debit Card,Successful,1169.26
P016987,O016987,Cash,Successful,1214.72
P016988,O016988,Debit Card,Failed,352.32
P016989,O016989,UPI,Successful,1559.3999999999999
P016990,O016990,UPI,Successful,1730.85
P016991,O016991,UPI,Successful,378.57
P016992,O016992,Wallet,Successful,1323.74
P016993,O016993,Credit Card,Successful,327.69
P016994,O016994,Wallet,Successful,1778.18
P016995,O016995,Credit Card,Refunded,669.9
P016996,O016996,Credit Card,Successful,1416.36
P016997,O016997,Credit Card,Successful,219.82999999999998
P016998,O016998,Wallet,Successful,1556.04
P016999,O016999,Credit Card,Successful,896.04
P017000,O017000,UPI,Successful,531.0
P017001,O017001,Debit Card,Successful,1232.62
P017002,O017002,UPI,Successful,1062.05
P017003,O017003,Credit Card,Failed,1501.92
P017004,O017004,Cash,Successful,506.45
P017005,O017005,UPI,Successful,1443.18
P017006,O017006,UPI,Successful,942.21
P017007,O017007,UPI,Failed,786.75
P017008,O017008,UPI,Successful,187.72
P017009,O017009,Credit Card,Successful,1291.96
P017010,O017010,Cash,Successful,1338.6200000000001
P017011,O017011,Credit Card,Successful,1230.45
P017012,O017012,Debit Card,Successful,1175.04
P017013,O017013,Cash,Successful,1423.1100000000001
P017014,O017014,Cash,Failed,1223.97
P017015,O017015,Credit Card,Refunded,1587.99
P017016,O017016,UPI,Failed,1246.44
P017017,O017017,Cash,Successful,1490.47
P017018,O017018,Wallet,Successful,521.04
P017019,O017019,UPI,Successful,1125.93
P017020,O017020,Wallet,Successful,464.21999999999997
P017021,O017021,Cash,Successful,183.36
P017022,O017022,Wallet,Failed,910.6399999999999
P017023,O017023,Cash,Successful,1501.31
P017024,O017024,Cash,Failed,244.57000000000002
P017025,O017025,Wallet,Successful,359.23
P017026,O017026,Credit Card,Successful,267.0
P017027,O017027,Debit Card,Successful,988.01
P017028,O017028,Wallet,Successful,202.62
P017029,O017029,Debit Card,Successful,274.56
P017030,O017030,Cash,Successful,462.79999999999995
P017031,O017031,Debit Card,Successful,519.61
P017032,O017032,Cash,Successful,986.71
P017033,O017033,Cash,Successful,146.07
P017034,O017034,Cash,Successful,1161.22
P017035,O017035,Cash,Successful,749.83
P017036,O017036,Debit Card,Successful,439.16999999999996
P017037,O017037,Wallet,Successful,1021.3999999999999
P017038,O017038,Wallet,Successful,555.53
P017039,O017039,Debit Card,Successful,1303.22
P017040,O017040,Wallet,Successful,1622.04
P017041,O017041,Credit Card,Failed,1440.0300000000002
P017042,O017042,Credit Card,Successful,1213.2800000000002
P017043,O017043,Credit Card,Successful,744.77
P017044,O017044,Debit Card,Refunded,1027.58
P017045,O017045,UPI,Successful,197.38
P017046,O017046,Credit Card,Successful,1099.83
P017047,O017047,Cash,Successful,1039.0
P017048,O017048,UPI,Successful,529.02
P017049,O017049,Debit Card,Successful,968.4999999999999
P017050,O017050,UPI,Successful,1004.3700000000001
P017051,O017051,UPI,Successful,637.17
P017052,O017052,Debit Card,Successful,1164.0100000000002
P017053,O017053,Debit Card,Successful,1439.83
P017054,O017054,Debit Card,Successful,478.81000000000006
P017055,O017055,UPI,Successful,649.31
P017056,O017056,UPI,Successful,844.19
P017057,O017057,UPI,Failed,398.97999999999996
P017058,O017058,UPI,Successful,1145.7600000000002
P017059,O017059,UPI,Successful,1105.69
P017060,O017060,Cash,Successful,812.98
P017061,O017061,Debit Card,Successful,116.95000000000002
P017062,O017062,Credit Card,Successful,513.79
P017063,O017063,Cash,Successful,1534.75
P017064,O017064,Wallet,Failed,1120.02
P017065,O017065,Credit Card,Successful,172.18
P017066,O017066,UPI,Successful,1162.98
P017067,O017067,Credit Card,Successful,374.6
P017068,O017068,Credit Card,Successful,1429.0300000000002
P017069,O017069,UPI,Successful,1360.73
P017070,O017070,Credit Card,Successful,1357.31
P017071,O017071,Debit Card,Successful,1218.3200000000002
P017072,O017072,Wallet,Refunded,1249.8
P017073,O017073,Credit Card,Successful,408.80999999999995
P017074,O017074,Debit Card,Successful,922.5600000000001
P017075,O017075,Wallet,Successful,1149.46
P017076,O017076,UPI,Successful,553.55
P017077,O017077,Debit Card,Failed,832.4699999999999
P017078,O017078,Cash,Successful,1434.73
P017079,O017079,Wallet,Successful,765.81
P017080,O017080,Debit Card,Successful,623.82
P017081,O017081,Cash,Refunded,282.69
P017082,O017082,UPI,Successful,626.92
P017083,O017083,Cash,Successful,948.6099999999999
P017084,O017084,Wallet,Successful,347.62
P017085,O017085,UPI,Successful,904.78
P017086,O017086,Wallet,Successful,1328.6599999999999
P017087,O017087,Cash,Successful,1106.0700000000002
P017088,O017088,UPI,Successful,1571.02
P017089,O017089,Credit Card,Successful,823.6899999999999
P017090,O017090,Cash,Successful,113.93
P017091,O017091,UPI,Successful,1416.5500000000002
P017092,O017092,Credit Card,Successful,199.03
P017093,O017093,Cash,Successful,1501.7
P017094,O017094,UPI,Successful,1896.73
P017095,O017095,Debit Card,Successful,1295.74
P017096,O017096,Credit Card,Successful,1745.1799999999998
P017097,O017097,Credit Card,Successful,104.59
P017098,O017098,UPI,Refunded,88.49
P017099,O017099,Wallet,Successful,485.33
P017100,O017100,Debit Card,Successful,1561.8899999999999
P017101,O017101,Wallet,Successful,220.32999999999998
P017102,O017102,Credit Card,Successful,1502.0300000000002
P017103,O017103,Wallet,Successful,108.21
P017104,O017104,Credit Card,Successful,1253.31
P017105,O017105,Cash,Successful,541.18
P017106,O017106,UPI,Successful,720.37
P017107,O017107,Debit Card,Successful,1702.1899999999998
P017108,O017108,UPI,Successful,1002.53
P017109,O017109,Cash,Successful,224.78
P017110,O017110,Credit Card,Successful,1290.47
P017111,O017111,Wallet,Successful,712.5600000000001
P017112,O017112,UPI,Successful,1209.66
P017113,O017113,Credit Card,Successful,1018.6399999999999
P017114,O017114,Debit Card,Successful,1567.3
P017115,O017115,Credit Card,Successful,878.84
P017116,O017116,Cash,Successful,1153.31
P017117,O017117,Wallet,Successful,262.6
P017118,O017118,UPI,Successful,892.75
P017119,O017119,Debit Card,Successful,121.37
P017120,O017120,Debit Card,Successful,832.53
P017121,O017121,Cash,Successful,705.7099999999999
P017122,O017122,Wallet,Successful,1536.65
P017123,O017123,Wallet,Successful,731.28
P017124,O017124,Debit Card,Successful,1424.24
P017125,O017125,Wallet,Successful,925.0500000000001
P017126,O017126,Cash,Refunded,894.3900000000001
P017127,O017127,Cash,Successful,630.04
P017128,O017128,UPI,Successful,931.3299999999999
P017129,O017129,Debit Card,Successful,1094.99
P017130,O017130,UPI,Failed,1314.31
P017131,O017131,Cash,Successful,1173.29
P017132,O017132,Cash,Successful,706.7099999999999
P017133,O017133,Credit Card,Successful,522.56
P017134,O017134,UPI,Successful,599.63
P017135,O017135,Cash,Successful,145.98
P017136,O017136,Debit Card,Successful,1405.1599999999999
P017137,O017137,UPI,Successful,368.44
P017138,O017138,Credit Card,Failed,334.45
P017139,O017139,Credit Card,Successful,963.5600000000001
P017140,O017140,Cash,Refunded,137.27
P017141,O017141,Debit Card,Successful,1286.3000000000002
P017142,O017142,Debit Card,Successful,1551.37
P017143,O017143,Wallet,Successful,694.3900000000001
P017144,O017144,Wallet,Successful,1831.08
P017145,O017145,Credit Card,Successful,515.6
P017146,O017146,Wallet,Successful,470.46000000000004
P017147,O017147,Credit Card,Successful,1410.04
P017148,O017148,UPI,Successful,525.1700000000001
P017149,O017149,UPI,Refunded,854.8100000000001
P017150,O017150,Wallet,Successful,947.3799999999999
P017151,O017151,Credit Card,Successful,656.8199999999999
P017152,O017152,UPI,Successful,740.95
P017153,O017153,Credit Card,Successful,1079.6100000000001
P017154,O017154,UPI,Successful,1244.84
P017155,O017155,Debit Card,Successful,1480.27
P017156,O017156,Debit Card,Successful,1077.23
P017157,O017157,Cash,Successful,427.58000000000004
P017158,O017158,Cash,Successful,698.02
P017159,O017159,Wallet,Successful,1288.5
P017160,O017160,Credit Card,Successful,1273.1399999999999
P017161,O017161,UPI,Successful,205.92000000000002
P017162,O017162,Credit Card,Failed,1209.27
P017163,O017163,Wallet,Successful,579.53
P017164,O017164,Cash,Successful,125.97
P017165,O017165,Wallet,Successful,1006.14
P017166,O017166,Wallet,Successful,1382.8600000000001
P017167,O017167,Credit Card,Successful,674.0799999999999
P017168,O017168,Debit Card,Successful,1678.93
P017169,O017169,Cash,Successful,312.92
P017170,O017170,Credit Card,Successful,643.6800000000001
P017171,O017171,Credit Card,Successful,124.97000000000001
P017172,O017172,UPI,Successful,181.60999999999999
P017173,O017173,Wallet,Failed,572.62
P017174,O017174,Credit Card,Successful,898.1
P017175,O017175,Wallet,Successful,482.05
P017176,O017176,Cash,Successful,316.44
P017177,O017177,UPI,Successful,726.16
P017178,O017178,UPI,Successful,313.25
P017179,O017179,Wallet,Refunded,920.4100000000001
P017180,O017180,Debit Card,Successful,1540.9
P017181,O017181,Debit Card,Successful,1157.04
P017182,O017182,Cash,Successful,437.09000000000003
P017183,O017183,Cash,Successful,1426.56
P017184,O017184,UPI,Successful,1111.8600000000001
P017185,O017185,UPI,Successful,389.09999999999997
P017186,O017186,Cash,Successful,889.25
P017187,O017187,Cash,Successful,1698.9099999999999
P017188,O017188,Debit Card,Successful,249.92999999999998
P017189,O017189,Wallet,Successful,470.71999999999997
P017190,O017190,Credit Card,Failed,750.85
P017191,O017191,UPI,Refunded,316.61
P017192,O017192,Credit Card,Successful,614.1800000000001
P017193,O017193,Credit Card,Successful,1140.0800000000002
P017194,O017194,Debit Card,Successful,718.79
P017195,O017195,Cash,Successful,793.1899999999999
P017196,O017196,Cash,Successful,700.4
P017197,O017197,Wallet,Successful,1450.49
P017198,O017198,Debit Card,Successful,1476.52
P017199,O017199,Debit Card,Successful,938.6400000000001
P017200,O017200,Debit Card,Successful,1322.53
P017201,O017201,UPI,Successful,590.98
P017202,O017202,Debit Card,Successful,1715.51
P017203,O017203,UPI,Successful,686.75
P017204,O017204,Wallet,Successful,1856.91
P017205,O017205,Credit Card,Successful,1120.13
P017206,O017206,UPI,Successful,1367.5500000000002
P017207,O017207,Debit Card,Successful,643.78
P017208,O017208,Credit Card,Successful,1463.27
P017209,O017209,Credit Card,Failed,283.94
P017210,O017210,Cash,Successful,902.8
P017211,O017211,Cash,Successful,1285.05
P017212,O017212,Debit Card,Successful,1709.58
P017213,O017213,Wallet,Failed,857.3799999999999
P017214,O017214,UPI,Successful,525.6199999999999
P017215,O017215,Credit Card,Successful,1567.5
P017216,O017216,Credit Card,Failed,1232.65
P017217,O017217,Wallet,Successful,345.52
P017218,O017218,UPI,Successful,1680.82
P017219,O017219,Credit Card,Successful,1587.6599999999999
P017220,O017220,UPI,Successful,1111.48
P017221,O017221,Credit Card,Successful,140.35999999999999
P017222,O017222,Credit Card,Successful,1360.8700000000001
P017223,O017223,Wallet,Failed,307.06
P017224,O017224,Wallet,Successful,969.7800000000001
P017225,O017225,Credit Card,Successful,798.37
P017226,O017226,Cash,Successful,1864.3
P017227,O017227,Debit Card,Failed,1447.1599999999999
P017228,O017228,Wallet,Successful,1559.3
P017229,O017229,Credit Card,Successful,472.8
P017230,O017230,Credit Card,Successful,1233.06
P017231,O017231,Wallet,Successful,1174.9399999999998
P017232,O017232,Debit Card,Failed,303.94000000000005
P017233,O017233,Credit Card,Successful,1296.2400000000002
P017234,O017234,UPI,Successful,246.17999999999998
P017235,O017235,Credit Card,Successful,741.3399999999999
P017236,O017236,Credit Card,Successful,855.77
P017237,O017237,UPI,Successful,1515.52
P017238,O017238,Cash,Successful,662.46
P017239,O017239,Credit Card,Successful,1126.46
P017240,O017240,Wallet,Successful,848.73
P017241,O017241,Wallet,Successful,1086.4099999999999
P017242,O017242,Debit Card,Successful,429.24
P017243,O017243,Debit Card,Successful,399.12
P017244,O017244,UPI,Refunded,1300.2199999999998
P017245,O017245,Credit Card,Failed,250.06
P017246,O017246,Credit Card,Successful,330.83
P017247,O017247,UPI,Successful,1354.9499999999998
P017248,O017248,UPI,Successful,407.82000000000005
P017249,O017249,Debit Card,Successful,711.79
P017250,O017250,UPI,Successful,1177.9299999999998
P017251,O017251,Debit Card,Successful,882.54
P017252,O017252,Credit Card,Successful,1087.6299999999999
P017253,O017253,Credit Card,Successful,277.51
P017254,O017254,Cash,Successful,974.6599999999999
P017255,O017255,Credit Card,Successful,285.4
P017256,O017256,Credit Card,Successful,1202.95
P017257,O017257,Wallet,Successful,912.5899999999999
P017258,O017258,Wallet,Successful,1334.81
P017259,O017259,Credit Card,Successful,318.21000000000004
P017260,O017260,Debit Card,Successful,815.6
P017261,O017261,Credit Card,Successful,1489.42
P017262,O017262,Cash,Successful,1371.73
P017263,O017263,UPI,Failed,1398.88
P017264,O017264,Wallet,Successful,494.79
P017265,O017265,Credit Card,Successful,873.1200000000001
P017266,O017266,UPI,Successful,96.83999999999999
P017267,O017267,UPI,Successful,1490.68
P017268,O017268,Cash,Successful,431.40000000000003
P017269,O017269,Wallet,Successful,1459.0900000000001
P017270,O017270,Debit Card,Successful,1301.53
P017271,O017271,Credit Card,Failed,1538.72
P017272,O017272,Credit Card,Successful,473.69
P017273,O017273,Cash,Successful,538.81
P017274,O017274,UPI,Successful,388.82
P017275,O017275,Debit Card,Successful,888.94
P017276,O017276,Wallet,Successful,1551.78
P017277,O017277,Debit Card,Successful,1062.92
P017278,O017278,Wallet,Successful,690.19
P017279,O017279,Wallet,Successful,503.53
P017280,O017280,Debit Card,Successful,1065.23
P017281,O017281,Credit Card,Successful,1406.9599999999998
P017282,O017282,Cash,Successful,727.79
P017283,O017283,Credit Card,Successful,482.76000000000005
P017284,O017284,UPI,Refunded,922.6800000000001
P017285,O017285,Cash,Successful,667.2
P017286,O017286,Credit Card,Successful,1447.25
P017287,O017287,UPI,Successful,702.12
P017288,O017288,Debit Card,Successful,671.72
P017289,O017289,Debit Card,Successful,1542.92
P017290,O017290,Wallet,Successful,420.69000000000005
P017291,O017291,Cash,Successful,166.8
P017292,O017292,UPI,Successful,1398.3
P017293,O017293,UPI,Successful,886.1800000000001
P017294,O017294,Credit Card,Failed,584.63
P017295,O017295,Debit Card,Successful,574.1800000000001
P017296,O017296,Wallet,Successful,869.07
P017297,O017297,UPI,Successful,1250.3
P017298,O017298,Debit Card,Successful,772.9599999999999
P017299,O017299,Cash,Successful,798.4599999999999
P017300,O017300,Debit Card,Successful,1473.1000000000001
P017301,O017301,Credit Card,Refunded,221.45999999999998
P017302,O017302,Credit Card,Successful,1156.44
P017303,O017303,UPI,Successful,929.8000000000001
P017304,O017304,Wallet,Successful,540.4200000000001
P017305,O017305,Wallet,Successful,1454.68
P017306,O017306,UPI,Successful,1334.96
P017307,O017307,Debit Card,Successful,503.54
P017308,O017308,Wallet,Successful,1289.48
P017309,O017309,Debit Card,Failed,1613.23
P017310,O017310,Credit Card,Successful,1970.99
P017311,O017311,UPI,Failed,1141.43
P017312,O017312,Debit Card,Successful,1196.1599999999999
P017313,O017313,Credit Card,Successful,1120.23
P017314,O017314,Debit Card,Successful,157.65
P017315,O017315,Cash,Successful,1043.8999999999999
P017316,O017316,Credit Card,Successful,1397.3899999999999
P017317,O017317,Wallet,Refunded,815.78
P017318,O017318,Debit Card,Successful,1021.47
P017319,O017319,Cash,Successful,1833.53
P017320,O017320,Debit Card,Successful,306.66
P017321,O017321,Cash,Successful,497.28999999999996
P017322,O017322,Debit Card,Successful,308.72
P017323,O017323,Credit Card,Successful,959.44
P017324,O017324,Credit Card,Successful,1195.52
P017325,O017325,Debit Card,Successful,913.4399999999999
P017326,O017326,Credit Card,Successful,222.45999999999998
P017327,O017327,Wallet,Successful,514.74
P017328,O017328,Debit Card,Failed,1600.5900000000001
P017329,O017329,Cash,Successful,816.65
P017330,O017330,Cash,Successful,1539.41
P017331,O017331,Credit Card,Successful,1209.5300000000002
P017332,O017332,UPI,Successful,786.86
P017333,O017333,Debit Card,Successful,1197.31
P017334,O017334,Debit Card,Successful,1244.5300000000002
P017335,O017335,Credit Card,Successful,1228.8400000000001
P017336,O017336,UPI,Successful,599.88
P017337,O017337,Wallet,Successful,541.2800000000001
P017338,O017338,Debit Card,Successful,1321.27
P017339,O017339,Wallet,Successful,1524.7800000000002
P017340,O017340,Debit Card,Successful,810.1300000000001
P017341,O017341,Wallet,Successful,525.51
P017342,O017342,Credit Card,Refunded,1259.4
P017343,O017343,Cash,Successful,1318.78
P017344,O017344,Credit Card,Successful,719.68
P017345,O017345,UPI,Failed,1072.4699999999998
P017346,O017346,Debit Card,Successful,1886.5700000000002
P017347,O017347,Cash,Successful,1074.37
P017348,O017348,Debit Card,Successful,394.31999999999994
P017349,O017349,Cash,Successful,657.2099999999999
P017350,O017350,Debit Card,Successful,602.7199999999999
P017351,O017351,UPI,Successful,1357.55
P017352,O017352,Wallet,Successful,1195.56
P017353,O017353,Debit Card,Successful,1830.01
P017354,O017354,Debit Card,Failed,234.79999999999998
P017355,O017355,UPI,Successful,197.69
P017356,O017356,Cash,Successful,1208.27
P017357,O017357,Credit Card,Failed,563.36
P017358,O017358,UPI,Successful,1279.94
P017359,O017359,Debit Card,Successful,1347.9699999999998
P017360,O017360,Cash,Successful,615.88
P017361,O017361,Cash,Failed,1898.59
P017362,O017362,Cash,Successful,1303.1
P017363,O017363,UPI,Successful,666.8100000000001
P017364,O017364,Credit Card,Successful,710.63
P017365,O017365,Wallet,Successful,1390.1100000000001
P017366,O017366,Debit Card,Successful,475.41999999999996
P017367,O017367,UPI,Successful,634.27
P017368,O017368,Wallet,Successful,973.9099999999999
P017369,O017369,Wallet,Successful,332.57
P017370,O017370,Wallet,Successful,1725.59
P017371,O017371,UPI,Successful,582.94
P017372,O017372,UPI,Successful,750.8
P017373,O017373,Wallet,Successful,449.31
P017374,O017374,Debit Card,Successful,1227.5600000000002
P017375,O017375,UPI,Successful,179.67000000000002
P017376,O017376,UPI,Successful,1722.75
P017377,O017377,Cash,Successful,479.80000000000007
P017378,O017378,Cash,Successful,1728.27
P017379,O017379,Wallet,Successful,448.28000000000003
P017380,O017380,Credit Card,Successful,924.5500000000001
P017381,O017381,UPI,Successful,1404.6699999999998
P017382,O017382,UPI,Successful,1206.09
P017383,O017383,UPI,Successful,774.63
P017384,O017384,Debit Card,Successful,1204.91
P017385,O017385,Wallet,Successful,950.96
P017386,O017386,Wallet,Refunded,721.8
P017387,O017387,Debit Card,Successful,1398.1999999999998
P017388,O017388,Wallet,Successful,1551.34
P017389,O017389,Debit Card,Successful,1006.44
P017390,O017390,Debit Card,Successful,559.6700000000001
P017391,O017391,Cash,Successful,1418.78
P017392,O017392,Cash,Failed,1451.5900000000001
P017393,O017393,Debit Card,Successful,527.12
P017394,O017394,UPI,Successful,825.18
P017395,O017395,Debit Card,Successful,366.84000000000003
P017396,O017396,Cash,Successful,191.21
P017397,O017397,Cash,Successful,1374.01
P017398,O017398,Debit Card,Successful,618.55
P017399,O017399,Cash,Successful,612.8
P017400,O017400,Wallet,Successful,443.1
P017401,O017401,Debit Card,Successful,175.1
P017402,O017402,Credit Card,Successful,1655.82
P017403,O017403,Credit Card,Successful,772.17
P017404,O017404,UPI,Failed,396.83
P017405,O017405,Cash,Successful,1640.3999999999999
P017406,O017406,Debit Card,Successful,1392.01
P017407,O017407,Debit Card,Successful,973.76
P017408,O017408,Debit Card,Successful,505.12
P017409,O017409,Wallet,Successful,804.49
P017410,O017410,Credit Card,Successful,1282.09
P017411,O017411,Credit Card,Successful,1011.01
P017412,O017412,Debit Card,Successful,676.09
P017413,O017413,Wallet,Successful,304.86
P017414,O017414,Credit Card,Failed,1805.76
P017415,O017415,Debit Card,Failed,1728.4
P017416,O017416,UPI,Successful,1445.75
P017417,O017417,Credit Card,Successful,1362.2800000000002
P017418,O017418,UPI,Successful,1036.0300000000002
P017419,O017419,UPI,Successful,1841.36
P017420,O017420,UPI,Successful,1357.2700000000002
P017421,O017421,Cash,Successful,226.47000000000003
P017422,O017422,Cash,Successful,213.65000000000003
P017423,O017423,UPI,Successful,1673.36
P017424,O017424,Debit Card,Successful,1515.75
P017425,O017425,UPI,Successful,836.71
P017426,O017426,Cash,Successful,506.66
P017427,O017427,Wallet,Successful,863.74
P017428,O017428,Debit Card,Successful,1420.87
P017429,O017429,Credit Card,Successful,105.75999999999999
P017430,O017430,Wallet,Successful,1349.26
P017431,O017431,UPI,Successful,876.6800000000001
P017432,O017432,UPI,Successful,956.36
P017433,O017433,Cash,Successful,727.7099999999999
P017434,O017434,Credit Card,Successful,1336.77
P017435,O017435,Debit Card,Successful,359.14
P017436,O017436,Debit Card,Successful,881.4200000000001
P017437,O017437,Cash,Successful,173.79
P017438,O017438,Wallet,Successful,1270.3899999999999
P017439,O017439,Credit Card,Successful,1158.58
P017440,O017440,Wallet,Successful,494.08000000000004
P017441,O017441,Cash,Successful,249.41000000000003
P017442,O017442,Debit Card,Successful,1378.3700000000001
P017443,O017443,UPI,Successful,989.93
P017444,O017444,Cash,Successful,1356.91
P017445,O017445,Debit Card,Successful,763.38
P017446,O017446,Credit Card,Successful,1405.09
P017447,O017447,Credit Card,Failed,139.84
P017448,O017448,Wallet,Successful,1454.46
P017449,O017449,Wallet,Successful,1378.94
P017450,O017450,UPI,Successful,1087.73
P017451,O017451,Cash,Successful,1637.57
P017452,O017452,Cash,Successful,1392.29
P017453,O017453,Wallet,Successful,1549.5800000000002
P017454,O017454,Debit Card,Successful,1036.25
P017455,O017455,Debit Card,Successful,884.5999999999999
P017456,O017456,UPI,Successful,512.92
P017457,O017457,Debit Card,Successful,370.7
P017458,O017458,Cash,Successful,852.6500000000001
P017459,O017459,UPI,Successful,327.62
P017460,O017460,Credit Card,Successful,330.59999999999997
P017461,O017461,UPI,Successful,564.99
P017462,O017462,Credit Card,Successful,454.31
P017463,O017463,Credit Card,Successful,902.1999999999999
P017464,O017464,Wallet,Successful,1114.23
P017465,O017465,Debit Card,Successful,1211.08
P017466,O017466,Credit Card,Successful,811.16
P017467,O017467,UPI,Successful,783.6200000000001
P017468,O017468,Credit Card,Successful,961.77
P017469,O017469,Debit Card,Successful,514.64
P017470,O017470,Wallet,Successful,1236.74
P017471,O017471,Debit Card,Successful,1147.4099999999999
P017472,O017472,Wallet,Successful,518.8499999999999
P017473,O017473,Debit Card,Failed,1276.86
P017474,O017474,Credit Card,Successful,1453.08
P017475,O017475,Wallet,Successful,1049.1200000000001
P017476,O017476,Cash,Successful,278.19
P017477,O017477,Cash,Successful,697.28
P017478,O017478,Debit Card,Successful,231.60000000000002
P017479,O017479,UPI,Refunded,661.94
P017480,O017480,UPI,Successful,409.74
P017481,O017481,UPI,Successful,938.0
P017482,O017482,Credit Card,Successful,834.0
P017483,O017483,Wallet,Successful,1413.3
P017484,O017484,UPI,Successful,600.64
P017485,O017485,Cash,Successful,302.92
P017486,O017486,Credit Card,Successful,392.80000000000007
P017487,O017487,Debit Card,Successful,984.76
P017488,O017488,Cash,Successful,864.34
P017489,O017489,Cash,Successful,164.53
P017490,O017490,Wallet,Successful,471.92999999999995
P017491,O017491,Wallet,Successful,594.15
P017492,O017492,UPI,Successful,1421.51
P017493,O017493,UPI,Successful,1098.58
P017494,O017494,Debit Card,Successful,1277.77
P017495,O017495,Credit Card,Failed,1383.34
P017496,O017496,Wallet,Successful,1725.2099999999998
P017497,O017497,Wallet,Successful,215.31
P017498,O017498,UPI,Successful,967.28
P017499,O017499,UPI,Successful,281.09999999999997
P017500,O017500,Wallet,Successful,730.98
P017501,O017501,Cash,Successful,1035.48
P017502,O017502,Debit Card,Failed,1137.73
P017503,O017503,UPI,Successful,322.45
P017504,O017504,UPI,Successful,1534.0
P017505,O017505,Wallet,Successful,1455.79
P017506,O017506,Wallet,Successful,356.77
P017507,O017507,Wallet,Successful,1131.8
P017508,O017508,Cash,Successful,1865.8500000000001
P017509,O017509,Debit Card,Successful,273.12
P017510,O017510,Credit Card,Successful,368.85
P017511,O017511,Wallet,Failed,1345.57
P017512,O017512,Cash,Successful,666.3499999999999
P017513,O017513,Credit Card,Successful,1901.97
P017514,O017514,UPI,Successful,1217.57
P017515,O017515,UPI,Successful,731.27
P017516,O017516,Credit Card,Successful,614.3699999999999
P017517,O017517,Wallet,Successful,412.32000000000005
P017518,O017518,Wallet,Successful,1314.48
P017519,O017519,Wallet,Successful,1222.08
P017520,O017520,Debit Card,Successful,597.0899999999999
P017521,O017521,UPI,Successful,1631.11
P017522,O017522,Credit Card,Successful,1376.06
P017523,O017523,Debit Card,Successful,551.67
P017524,O017524,UPI,Successful,1801.26
P017525,O017525,Wallet,Successful,1153.8899999999999
P017526,O017526,UPI,Successful,1771.26
P017527,O017527,Debit Card,Successful,305.17
P017528,O017528,Credit Card,Successful,145.1
P017529,O017529,Debit Card,Successful,950.9
P017530,O017530,Credit Card,Failed,734.34
P017531,O017531,Credit Card,Successful,1290.4900000000002
P017532,O017532,Wallet,Successful,402.09999999999997
P017533,O017533,Wallet,Successful,141.46
P017534,O017534,Debit Card,Successful,981.18
P017535,O017535,Credit Card,Successful,379.63
P017536,O017536,Cash,Successful,190.98
P017537,O017537,Debit Card,Successful,122.14
P017538,O017538,Cash,Successful,264.87
P017539,O017539,UPI,Successful,719.94
P017540,O017540,UPI,Successful,1299.06
P017541,O017541,Credit Card,Successful,1151.75
P017542,O017542,UPI,Successful,962.29
P017543,O017543,Cash,Successful,723.16
P017544,O017544,UPI,Refunded,905.43
P017545,O017545,Cash,Successful,1708.6399999999999
P017546,O017546,Wallet,Successful,1475.86
P017547,O017547,Cash,Successful,417.43
P017548,O017548,Cash,Successful,1530.08
P017549,O017549,Credit Card,Successful,1151.9
P017550,O017550,Credit Card,Successful,116.53
P017551,O017551,Credit Card,Failed,901.6899999999999
P017552,O017552,Wallet,Failed,1283.8
P017553,O017553,Debit Card,Successful,215.87
P017554,O017554,Debit Card,Successful,543.06
P017555,O017555,Credit Card,Failed,1005.02
P017556,O017556,Wallet,Successful,1391.26
P017557,O017557,Cash,Successful,1812.3999999999999
P017558,O017558,Debit Card,Refunded,279.68
P017559,O017559,Debit Card,Refunded,974.1299999999999
P017560,O017560,Credit Card,Successful,1496.6799999999998
P017561,O017561,Credit Card,Successful,1025.47
P017562,O017562,Debit Card,Successful,1259.8899999999999
P017563,O017563,Wallet,Successful,357.84
P017564,O017564,Credit Card,Failed,1359.83
P017565,O017565,Credit Card,Successful,969.6
P017566,O017566,Cash,Successful,278.11
P017567,O017567,Wallet,Successful,1854.6000000000001
P017568,O017568,Debit Card,Successful,1526.71
P017569,O017569,Wallet,Successful,1028.76
P017570,O017570,Cash,Successful,1409.8799999999999
P017571,O017571,Wallet,Successful,1014.8299999999999
P017572,O017572,Wallet,Successful,886.7700000000001
P017573,O017573,Credit Card,Successful,874.4699999999999
P017574,O017574,Debit Card,Successful,1871.3700000000001
P017575,O017575,Debit Card,Failed,624.0500000000001
P017576,O017576,Cash,Successful,972.8799999999999
P017577,O017577,Wallet,Successful,483.86
P017578,O017578,Wallet,Successful,548.82
P017579,O017579,UPI,Successful,710.47
P017580,O017580,Credit Card,Successful,1835.9499999999998
P017581,O017581,Debit Card,Successful,759.5999999999999
P017582,O017582,Wallet,Successful,1102.33
P017583,O017583,Cash,Successful,946.57
P017584,O017584,Credit Card,Successful,904.95
P017585,O017585,Debit Card,Refunded,1221.1599999999999
P017586,O017586,Cash,Successful,1304.82
P017587,O017587,UPI,Successful,478.16
P017588,O017588,Debit Card,Successful,1466.06
P017589,O017589,Credit Card,Successful,1101.3700000000001
P017590,O017590,Cash,Successful,1685.81
P017591,O017591,Cash,Successful,1712.96
P017592,O017592,UPI,Successful,836.78
P017593,O017593,Credit Card,Successful,964.3699999999999
P017594,O017594,Debit Card,Successful,1343.95
P017595,O017595,Debit Card,Successful,701.57
P017596,O017596,Cash,Failed,164.31
P017597,O017597,Credit Card,Successful,686.87
P017598,O017598,Credit Card,Successful,745.38
P017599,O017599,Cash,Successful,1158.55
P017600,O017600,Cash,Successful,629.3299999999999
P017601,O017601,Credit Card,Successful,1758.26
P017602,O017602,UPI,Successful,948.97
P017603,O017603,Debit Card,Successful,941.0500000000001
P017604,O017604,UPI,Successful,1157.34
P017605,O017605,Cash,Successful,289.37
P017606,O017606,UPI,Successful,126.67
P017607,O017607,UPI,Successful,183.22
P017608,O017608,Credit Card,Successful,143.23
P017609,O017609,Cash,Successful,1421.4199999999998
P017610,O017610,UPI,Refunded,498.9200000000001
P017611,O017611,Cash,Successful,1314.31
P017612,O017612,Wallet,Successful,1561.33
P017613,O017613,UPI,Successful,578.1300000000001
P017614,O017614,UPI,Failed,365.38
P017615,O017615,UPI,Successful,821.63
P017616,O017616,Cash,Successful,1461.42
P017617,O017617,Debit Card,Successful,1378.86
P017618,O017618,UPI,Successful,109.49
P017619,O017619,UPI,Successful,91.84
P017620,O017620,Debit Card,Successful,307.64000000000004
P017621,O017621,Wallet,Successful,721.77
P017622,O017622,Cash,Successful,913.67
P017623,O017623,UPI,Failed,1443.98
P017624,O017624,Wallet,Successful,350.07
P017625,O017625,UPI,Successful,361.71999999999997
P017626,O017626,Wallet,Successful,1539.44
P017627,O017627,Debit Card,Successful,1438.0100000000002
P017628,O017628,Credit Card,Successful,1079.65
P017629,O017629,UPI,Successful,1256.03
P017630,O017630,Wallet,Successful,710.74
P017631,O017631,Wallet,Successful,1463.06
P017632,O017632,Debit Card,Successful,1327.93
P017633,O017633,Wallet,Successful,1486.54
P017634,O017634,Cash,Successful,100.68
P017635,O017635,Wallet,Successful,1006.8299999999999
P017636,O017636,Credit Card,Successful,108.72999999999999
P017637,O017637,Debit Card,Successful,1209.92
P017638,O017638,Debit Card,Successful,381.70000000000005
P017639,O017639,Debit Card,Successful,1211.86
P017640,O017640,Wallet,Successful,269.47
P017641,O017641,Wallet,Successful,1432.6599999999999
P017642,O017642,Debit Card,Successful,1268.95
P017643,O017643,Cash,Successful,104.27000000000001
P017644,O017644,Credit Card,Successful,1418.15
P017645,O017645,Credit Card,Successful,364.07
P017646,O017646,Wallet,Successful,267.66999999999996
P017647,O017647,UPI,Successful,917.48
P017648,O017648,Debit Card,Failed,1120.64
P017649,O017649,Cash,Successful,263.34
P017650,O017650,Cash,Successful,495.2
P017651,O017651,Credit Card,Successful,864.9799999999999
P017652,O017652,Cash,Successful,1843.02
P017653,O017653,Cash,Successful,416.58
P017654,O017654,Debit Card,Successful,546.56
P017655,O017655,UPI,Successful,1229.3999999999999
P017656,O017656,Wallet,Successful,1328.6499999999999
P017657,O017657,Credit Card,Successful,116.82000000000001
P017658,O017658,Cash,Successful,272.84000000000003
P017659,O017659,Credit Card,Successful,741.45
P017660,O017660,Debit Card,Successful,1026.96
P017661,O017661,Cash,Failed,330.08
P017662,O017662,Debit Card,Successful,618.95
P017663,O017663,Cash,Successful,178.8
P017664,O017664,Cash,Successful,1003.8999999999999
P017665,O017665,Wallet,Successful,823.02
P017666,O017666,Cash,Successful,1416.2199999999998
P017667,O017667,Credit Card,Successful,1053.2800000000002
P017668,O017668,Credit Card,Successful,1301.45
P017669,O017669,UPI,Successful,1037.4
P017670,O017670,Cash,Successful,1081.43
P017671,O017671,Wallet,Successful,102.44999999999999
P017672,O017672,Credit Card,Successful,1544.5600000000002
P017673,O017673,Wallet,Successful,1644.81
P017674,O017674,Debit Card,Successful,818.3699999999999
P017675,O017675,Wallet,Successful,273.18
P017676,O017676,Debit Card,Successful,1201.53
P017677,O017677,Credit Card,Successful,716.6500000000001
P017678,O017678,Cash,Successful,175.14
P017679,O017679,UPI,Successful,1504.43
P017680,O017680,Debit Card,Successful,1070.1100000000001
P017681,O017681,Cash,Successful,1482.4
P017682,O017682,Wallet,Successful,1139.3400000000001
P017683,O017683,UPI,Successful,662.0
P017684,O017684,Debit Card,Successful,966.01
P017685,O017685,Debit Card,Successful,474.74000000000007
P017686,O017686,Credit Card,Successful,1220.49
P017687,O017687,Wallet,Successful,803.74
P017688,O017688,Credit Card,Successful,1284.11
P017689,O017689,Debit Card,Successful,647.3100000000001
P017690,O017690,Credit Card,Successful,1168.26
P017691,O017691,Cash,Successful,1239.81
P017692,O017692,Wallet,Successful,1371.6799999999998
P017693,O017693,Credit Card,Successful,359.2
P017694,O017694,Debit Card,Successful,1168.4
P017695,O017695,UPI,Successful,1487.63
P017696,O017696,UPI,Successful,273.89000000000004
P017697,O017697,Cash,Successful,1647.4
P017698,O017698,Credit Card,Successful,446.65000000000003
P017699,O017699,Wallet,Failed,1617.6100000000001
P017700,O017700,Wallet,Successful,1237.6
P017701,O017701,Debit Card,Successful,1215.6999999999998
P017702,O017702,UPI,Successful,369.24
P017703,O017703,Wallet,Successful,454.26
P017704,O017704,UPI,Successful,467.17999999999995
P017705,O017705,UPI,Successful,1412.02
P017706,O017706,Wallet,Successful,374.82
P017707,O017707,Credit Card,Successful,1045.46
P017708,O017708,UPI,Successful,1514.99
P017709,O017709,Debit Card,Successful,698.04
P017710,O017710,UPI,Successful,1337.72
P017711,O017711,Wallet,Successful,957.55
P017712,O017712,UPI,Successful,1023.69
P017713,O017713,Cash,Successful,1085.3400000000001
P017714,O017714,Cash,Successful,1434.58
P017715,O017715,Credit Card,Successful,101.75
P017716,O017716,UPI,Successful,844.0
P017717,O017717,Credit Card,Successful,1707.91
P017718,O017718,Credit Card,Successful,238.87
P017719,O017719,Cash,Successful,482.92999999999995
P017720,O017720,Cash,Successful,995.21
P017721,O017721,UPI,Successful,1384.9
P017722,O017722,Credit Card,Successful,215.51999999999998
P017723,O017723,Wallet,Successful,98.00999999999999
P017724,O017724,Debit Card,Successful,1138.3899999999999
P017725,O017725,Credit Card,Successful,904.4999999999999
P017726,O017726,Credit Card,Successful,586.89
P017727,O017727,Credit Card,Failed,1521.85
P017728,O017728,Credit Card,Successful,843.5000000000001
P017729,O017729,UPI,Successful,1086.48
P017730,O017730,Cash,Successful,796.9200000000001
P017731,O017731,Cash,Successful,1693.79
P017732,O017732,Wallet,Successful,589.05
P017733,O017733,Cash,Successful,1105.92
P017734,O017734,Wallet,Successful,225.94
P017735,O017735,Debit Card,Successful,976.12
P017736,O017736,Cash,Successful,875.76
P017737,O017737,Debit Card,Successful,439.32
P017738,O017738,Debit Card,Successful,714.4399999999999
P017739,O017739,Credit Card,Successful,364.58
P017740,O017740,Wallet,Successful,1200.34
P017741,O017741,UPI,Successful,1121.13
P017742,O017742,Wallet,Successful,669.3
P017743,O017743,Wallet,Successful,999.9899999999999
P017744,O017744,Wallet,Successful,667.3
P017745,O017745,UPI,Successful,659.54
P017746,O017746,Cash,Successful,1258.11
P017747,O017747,UPI,Successful,452.61
P017748,O017748,UPI,Successful,307.58
P017749,O017749,UPI,Refunded,1845.06
P017750,O017750,Debit Card,Successful,464.7
P017751,O017751,Debit Card,Successful,923.73
P017752,O017752,Credit Card,Successful,1344.1000000000001
P017753,O017753,Wallet,Successful,918.43
P017754,O017754,Wallet,Successful,1278.69
P017755,O017755,Cash,Successful,292.07
P017756,O017756,Cash,Successful,717.08
P017757,O017757,UPI,Successful,1056.27
P017758,O017758,Debit Card,Successful,450.95
P017759,O017759,Credit Card,Successful,922.94
P017760,O017760,Cash,Successful,888.8899999999999
P017761,O017761,UPI,Successful,1543.35
P017762,O017762,Debit Card,Successful,495.14
P017763,O017763,Debit Card,Failed,1548.83
P017764,O017764,Wallet,Successful,1667.1499999999999
P017765,O017765,Credit Card,Successful,96.81
P017766,O017766,Cash,Successful,695.37
P017767,O017767,Credit Card,Successful,214.36
P017768,O017768,Wallet,Successful,551.97
P017769,O017769,Cash,Successful,1238.73
P017770,O017770,Cash,Successful,1087.73
P017771,O017771,Cash,Successful,244.63000000000002
P017772,O017772,UPI,Refunded,1354.11
P017773,O017773,Credit Card,Successful,1584.23
P017774,O017774,Credit Card,Successful,1197.88
P017775,O017775,Cash,Successful,504.37000000000006
P017776,O017776,Wallet,Successful,88.63
P017777,O017777,UPI,Successful,1063.95
P017778,O017778,Cash,Successful,1364.8700000000001
P017779,O017779,Debit Card,Failed,1401.7099999999998
P017780,O017780,Credit Card,Successful,145.09
P017781,O017781,Credit Card,Failed,810.36
P017782,O017782,UPI,Successful,871.4499999999999
P017783,O017783,Cash,Successful,1098.3
P017784,O017784,UPI,Failed,1081.8
P017785,O017785,UPI,Successful,1406.93
P017786,O017786,Credit Card,Successful,1800.57
P017787,O017787,Debit Card,Successful,1018.76
P017788,O017788,Debit Card,Successful,1494.3000000000002
P017789,O017789,UPI,Failed,297.69
P017790,O017790,Wallet,Successful,101.82
P017791,O017791,Debit Card,Successful,224.61
P017792,O017792,Cash,Successful,626.88
P017793,O017793,Cash,Successful,1077.28
P017794,O017794,Cash,Successful,744.7
P017795,O017795,Wallet,Successful,1277.4900000000002
P017796,O017796,UPI,Successful,1318.83
P017797,O017797,UPI,Successful,1296.63
P017798,O017798,Wallet,Successful,420.3
P017799,O017799,Wallet,Successful,956.48
P017800,O017800,UPI,Successful,1047.4399999999998
P017801,O017801,Credit Card,Successful,584.4399999999999
P017802,O017802,Credit Card,Failed,1377.13
P017803,O017803,Debit Card,Successful,1145.0900000000001
P017804,O017804,UPI,Successful,280.46999999999997
P017805,O017805,UPI,Successful,406.81
P017806,O017806,Credit Card,Successful,427.36
P017807,O017807,Credit Card,Successful,1480.33
P017808,O017808,Cash,Successful,403.08
P017809,O017809,Credit Card,Failed,971.06
P017810,O017810,Wallet,Successful,186.20000000000002
P017811,O017811,Wallet,Refunded,1109.7
P017812,O017812,UPI,Successful,271.73
P017813,O017813,Credit Card,Refunded,1086.95
P017814,O017814,UPI,Successful,680.56
P017815,O017815,Wallet,Successful,1170.57
P017816,O017816,Debit Card,Successful,723.8900000000001
P017817,O017817,Cash,Successful,1656.3400000000001
P017818,O017818,Debit Card,Successful,1276.94
P017819,O017819,Cash,Successful,1437.54
P017820,O017820,Debit Card,Refunded,393.76
P017821,O017821,Debit Card,Successful,318.46
P017822,O017822,Debit Card,Successful,1016.83
P017823,O017823,Debit Card,Successful,1512.38
P017824,O017824,Cash,Successful,253.92
P017825,O017825,Cash,Successful,407.27
P017826,O017826,Cash,Successful,1498.4
P017827,O017827,Wallet,Successful,710.6100000000001
P017828,O017828,Wallet,Successful,1215.21
P017829,O017829,Debit Card,Successful,1097.72
P017830,O017830,Debit Card,Successful,794.37
P017831,O017831,UPI,Successful,1210.98
P017832,O017832,Wallet,Successful,1536.3799999999999
P017833,O017833,UPI,Successful,1704.71
P017834,O017834,Cash,Successful,174.44
P017835,O017835,Wallet,Successful,811.3799999999999
P017836,O017836,Credit Card,Successful,132.36
P017837,O017837,Wallet,Successful,1373.97
P017838,O017838,Cash,Successful,800.44
P017839,O017839,Credit Card,Successful,1302.37
P017840,O017840,Cash,Successful,448.01000000000005
P017841,O017841,Debit Card,Successful,393.15
P017842,O017842,Wallet,Successful,1690.6799999999998
P017843,O017843,Debit Card,Successful,1520.43
P017844,O017844,Wallet,Successful,1478.97
P017845,O017845,Wallet,Successful,469.25
P017846,O017846,Wallet,Successful,404.08
P017847,O017847,Credit Card,Successful,1156.28
P017848,O017848,UPI,Successful,949.8299999999999
P017849,O017849,UPI,Failed,1308.71
P017850,O017850,UPI,Successful,620.8100000000001
P017851,O017851,Wallet,Successful,598.26
P017852,O017852,Credit Card,Successful,1205.1
P017853,O017853,UPI,Successful,608.82
P017854,O017854,Wallet,Successful,759.42
P017855,O017855,Credit Card,Successful,804.63
P017856,O017856,Cash,Successful,1339.53
P017857,O017857,Credit Card,Successful,656.74
P017858,O017858,Debit Card,Successful,1573.6
P017859,O017859,Credit Card,Failed,618.8599999999999
P017860,O017860,Wallet,Failed,161.21
P017861,O017861,UPI,Successful,187.69
P017862,O017862,Cash,Successful,1940.7
P017863,O017863,UPI,Successful,960.1500000000001
P017864,O017864,Credit Card,Successful,1023.6899999999999
P017865,O017865,Debit Card,Successful,1453.14
P017866,O017866,Debit Card,Failed,1137.19
P017867,O017867,Debit Card,Successful,391.74
P017868,O017868,Credit Card,Successful,112.78
P017869,O017869,Credit Card,Successful,1434.79
P017870,O017870,Credit Card,Successful,1153.23
P017871,O017871,Cash,Successful,865.69
P017872,O017872,Wallet,Failed,1432.6499999999999
P017873,O017873,UPI,Successful,642.63
P017874,O017874,Debit Card,Successful,1329.08
P017875,O017875,Cash,Successful,1150.49
P017876,O017876,Debit Card,Successful,1347.26
P017877,O017877,Debit Card,Successful,1186.3999999999999
P017878,O017878,Wallet,Successful,104.42
P017879,O017879,Wallet,Successful,1286.31
P017880,O017880,Wallet,Successful,1408.7399999999998
P017881,O017881,Debit Card,Successful,704.18
P017882,O017882,Credit Card,Successful,865.3400000000001
P017883,O017883,Wallet,Successful,502.23
P017884,O017884,UPI,Failed,1253.8400000000001
P017885,O017885,Cash,Successful,1220.3
P017886,O017886,Wallet,Successful,1436.7800000000002
P017887,O017887,Cash,Successful,1286.1899999999998
P017888,O017888,Wallet,Successful,448.70000000000005
P017889,O017889,UPI,Successful,244.64000000000001
P017890,O017890,Credit Card,Successful,633.54
P017891,O017891,Credit Card,Successful,881.49
P017892,O017892,Debit Card,Successful,802.44
P017893,O017893,Cash,Successful,490.36000000000007
P017894,O017894,Debit Card,Successful,102.02
P017895,O017895,Credit Card,Successful,296.08
P017896,O017896,Debit Card,Failed,234.58999999999997
P017897,O017897,UPI,Failed,1724.53
P017898,O017898,Debit Card,Failed,1335.98
P017899,O017899,Wallet,Successful,255.69
P017900,O017900,Wallet,Successful,746.33
P017901,O017901,Wallet,Refunded,1003.95
P017902,O017902,UPI,Successful,1868.44
P017903,O017903,Debit Card,Successful,454.31999999999994
P017904,O017904,Credit Card,Successful,575.2700000000001
P017905,O017905,Wallet,Successful,1083.14
P017906,O017906,Cash,Successful,1225.31
P017907,O017907,Credit Card,Successful,603.97
P017908,O017908,Credit Card,Successful,313.53
P017909,O017909,Wallet,Successful,544.64
P017910,O017910,Cash,Successful,722.6800000000001
P017911,O017911,UPI,Successful,708.4499999999999
P017912,O017912,Debit Card,Successful,1306.06
P017913,O017913,Credit Card,Successful,1774.9299999999998
P017914,O017914,Credit Card,Successful,671.3699999999999
P017915,O017915,Cash,Successful,1185.26
P017916,O017916,Wallet,Successful,227.53
P017917,O017917,Cash,Successful,838.03
P017918,O017918,Wallet,Successful,1597.15
P017919,O017919,UPI,Successful,739.3199999999999
P017920,O017920,Wallet,Successful,367.07
P017921,O017921,Credit Card,Successful,530.12
P017922,O017922,UPI,Successful,843.7299999999999
P017923,O017923,UPI,Failed,1290.0900000000001
P017924,O017924,Credit Card,Successful,1332.3
P017925,O017925,UPI,Successful,187.69000000000003
P017926,O017926,UPI,Successful,1011.2800000000001
P017927,O017927,Cash,Successful,1709.18
P017928,O017928,Cash,Successful,1057.68
P017929,O017929,Wallet,Successful,202.85999999999999
P017930,O017930,Credit Card,Successful,1441.0800000000002
P017931,O017931,Wallet,Successful,1713.7199999999998
P017932,O017932,Cash,Refunded,746.19
P017933,O017933,Wallet,Successful,506.0
P017934,O017934,Wallet,Successful,910.7199999999999
P017935,O017935,Wallet,Successful,1852.7
P017936,O017936,Wallet,Successful,1664.3500000000001
P017937,O017937,Cash,Successful,1534.35
P017938,O017938,Wallet,Successful,409.65000000000003
P017939,O017939,Wallet,Successful,1602.47
P017940,O017940,Wallet,Successful,861.97
P017941,O017941,Credit Card,Successful,1518.25
P017942,O017942,Cash,Successful,1000.01
P017943,O017943,Credit Card,Successful,1180.01
P017944,O017944,Debit Card,Successful,378.4
P017945,O017945,Credit Card,Successful,1235.7900000000002
P017946,O017946,Cash,Successful,464.15999999999997
P017947,O017947,Cash,Successful,356.29
P017948,O017948,Wallet,Successful,1073.84
P017949,O017949,Debit Card,Successful,940.3100000000001
P017950,O017950,Cash,Successful,755.8300000000002
P017951,O017951,Cash,Successful,246.71
P017952,O017952,Wallet,Failed,517.31
P017953,O017953,Cash,Successful,454.18
P017954,O017954,Cash,Successful,525.56
P017955,O017955,Cash,Successful,1091.59
P017956,O017956,UPI,Refunded,915.39
P017957,O017957,Debit Card,Successful,1768.24
P017958,O017958,Cash,Successful,110.47
P017959,O017959,UPI,Successful,397.46000000000004
P017960,O017960,Cash,Successful,912.94
P017961,O017961,Wallet,Successful,1371.1100000000001
P017962,O017962,Debit Card,Successful,159.73999999999998
P017963,O017963,Cash,Successful,1450.1299999999999
P017964,O017964,UPI,Successful,928.04
P017965,O017965,UPI,Failed,1442.64
P017966,O017966,Debit Card,Successful,1430.1000000000001
P017967,O017967,UPI,Refunded,454.52
P017968,O017968,Debit Card,Successful,1150.3899999999999
P017969,O017969,Debit Card,Successful,1407.66
P017970,O017970,Cash,Successful,1635.0900000000001
P017971,O017971,UPI,Successful,993.7499999999999
P017972,O017972,Cash,Successful,1650.1599999999999
P017973,O017973,Debit Card,Successful,1384.58
P017974,O017974,UPI,Successful,1001.3599999999999
P017975,O017975,Wallet,Successful,169.58999999999997
P017976,O017976,UPI,Failed,854.3300000000002
P017977,O017977,Cash,Successful,673.25
P017978,O017978,Debit Card,Successful,651.24
P017979,O017979,UPI,Successful,1401.29
P017980,O017980,UPI,Successful,1816.6599999999999
P017981,O017981,Debit Card,Successful,575.61
P017982,O017982,Credit Card,Successful,870.35
P017983,O017983,Credit Card,Successful,1114.3600000000001
P017984,O017984,Credit Card,Successful,1665.58
P017985,O017985,UPI,Successful,255.33999999999997
P017986,O017986,UPI,Successful,1028.54
P017987,O017987,Credit Card,Successful,1431.8
P017988,O017988,UPI,Successful,1348.93
P017989,O017989,Credit Card,Successful,884.7800000000001
P017990,O017990,UPI,Successful,1109.11
P017991,O017991,UPI,Successful,992.23
P017992,O017992,Debit Card,Successful,1686.45
P017993,O017993,Cash,Successful,1535.51
P017994,O017994,Cash,Successful,667.45
P017995,O017995,Credit Card,Successful,121.24000000000001
P017996,O017996,Debit Card,Successful,560.1600000000001
P017997,O017997,Credit Card,Successful,362.01
P017998,O017998,Wallet,Successful,255.70999999999998
P017999,O017999,Credit Card,Successful,1438.44
P018000,O018000,Debit Card,Failed,1373.25
P018001,O018001,Cash,Successful,121.42000000000002
P018002,O018002,Wallet,Successful,1590.75
P018003,O018003,Wallet,Successful,1788.13
P018004,O018004,Debit Card,Successful,1546.25
P018005,O018005,UPI,Successful,1310.82
P018006,O018006,UPI,Successful,215.55
P018007,O018007,Debit Card,Successful,1088.25
P018008,O018008,Debit Card,Successful,215.32
P018009,O018009,Credit Card,Successful,1345.2
P018010,O018010,UPI,Failed,421.1
P018011,O018011,Wallet,Successful,1423.4299999999998
P018012,O018012,Debit Card,Failed,1858.1100000000001
P018013,O018013,Cash,Refunded,1024.3
P018014,O018014,Debit Card,Successful,1515.49
P018015,O018015,Cash,Successful,1625.81
P018016,O018016,Wallet,Successful,745.48
P018017,O018017,Wallet,Successful,1133.32
P018018,O018018,Cash,Successful,323.85
P018019,O018019,Debit Card,Successful,1457.5100000000002
P018020,O018020,UPI,Successful,1780.2199999999998
P018021,O018021,UPI,Successful,745.85
P018022,O018022,Debit Card,Successful,1071.8999999999999
P018023,O018023,UPI,Failed,926.34
P018024,O018024,Debit Card,Successful,80.36
P018025,O018025,Debit Card,Successful,453.51
P018026,O018026,Wallet,Successful,249.3
P018027,O018027,Cash,Failed,712.93
P018028,O018028,UPI,Successful,387.73
P018029,O018029,UPI,Successful,1160.6899999999998
P018030,O018030,Cash,Successful,751.7199999999999
P018031,O018031,Cash,Successful,1531.5
P018032,O018032,UPI,Successful,1070.98
P018033,O018033,Cash,Successful,1045.11
P018034,O018034,Cash,Successful,1339.53
P018035,O018035,Debit Card,Successful,1308.71
P018036,O018036,Cash,Successful,182.44
P018037,O018037,Cash,Successful,1187.49
P018038,O018038,UPI,Successful,621.01
P018039,O018039,UPI,Successful,1196.6
P018040,O018040,Cash,Successful,1644.68
P018041,O018041,UPI,Successful,92.5
P018042,O018042,Cash,Failed,117.19
P018043,O018043,Debit Card,Successful,204.84
P018044,O018044,UPI,Successful,1751.55
P018045,O018045,Debit Card,Failed,735.35
P018046,O018046,Credit Card,Successful,646.13
P018047,O018047,Credit Card,Successful,674.47
P018048,O018048,Debit Card,Failed,516.99
P018049,O018049,Cash,Successful,160.07
P018050,O018050,UPI,Successful,1410.3300000000002
P018051,O018051,Debit Card,Failed,451.84000000000003
P018052,O018052,UPI,Successful,1541.6399999999999
P018053,O018053,Debit Card,Failed,1889.03
P018054,O018054,Credit Card,Successful,1012.0900000000001
P018055,O018055,Credit Card,Successful,690.7
P018056,O018056,Credit Card,Successful,1348.41
P018057,O018057,Wallet,Failed,126.54999999999998
P018058,O018058,Cash,Successful,1823.28
P018059,O018059,UPI,Successful,630.1099999999999
P018060,O018060,Wallet,Successful,623.3100000000001
P018061,O018061,Debit Card,Successful,274.39
P018062,O018062,Wallet,Successful,1708.6
P018063,O018063,Debit Card,Successful,1479.52
P018064,O018064,Debit Card,Successful,1154.57
P018065,O018065,Credit Card,Successful,1634.04
P018066,O018066,Cash,Successful,1568.26
P018067,O018067,Wallet,Successful,559.8599999999999
P018068,O018068,UPI,Successful,1467.42
P018069,O018069,Cash,Successful,1464.26
P018070,O018070,UPI,Successful,1054.2800000000002
P018071,O018071,Credit Card,Successful,378.3
P018072,O018072,Credit Card,Successful,1842.6200000000001
P018073,O018073,Cash,Successful,520.32
P018074,O018074,Credit Card,Successful,1099.1299999999999
P018075,O018075,UPI,Failed,114.72
P018076,O018076,Wallet,Successful,779.05
P018077,O018077,Wallet,Successful,1030.07
P018078,O018078,Wallet,Failed,663.6800000000001
P018079,O018079,Cash,Successful,895.75
P018080,O018080,UPI,Successful,446.24
P018081,O018081,Wallet,Successful,724.68
P018082,O018082,Cash,Successful,1315.45
P018083,O018083,Debit Card,Failed,1616.0500000000002
P018084,O018084,UPI,Successful,808.1300000000001
P018085,O018085,Cash,Failed,1010.9200000000001
P018086,O018086,Cash,Successful,1775.77
P018087,O018087,Debit Card,Successful,1520.55
P018088,O018088,Cash,Failed,100.02
P018089,O018089,Wallet,Failed,1840.02
P018090,O018090,UPI,Successful,1659.7
P018091,O018091,UPI,Successful,512.85
P018092,O018092,UPI,Refunded,321.54999999999995
P018093,O018093,Debit Card,Successful,1702.43
P018094,O018094,Cash,Successful,1255.34
P018095,O018095,Debit Card,Successful,477.16999999999996
P018096,O018096,Wallet,Successful,1039.7800000000002
P018097,O018097,Debit Card,Failed,966.69
P018098,O018098,UPI,Successful,619.0
P018099,O018099,Wallet,Successful,1063.61
P018100,O018100,Credit Card,Successful,930.42
P018101,O018101,Wallet,Successful,946.31
P018102,O018102,Wallet,Successful,882.6
P018103,O018103,Credit Card,Successful,84.6
P018104,O018104,UPI,Successful,604.22
P018105,O018105,Wallet,Successful,898.12
P018106,O018106,Credit Card,Successful,328.03999999999996
P018107,O018107,Cash,Successful,1226.0
P018108,O018108,Cash,Successful,1208.03
P018109,O018109,Cash,Failed,1429.21
P018110,O018110,Wallet,Successful,929.6899999999999
P018111,O018111,Cash,Successful,1153.85
P018112,O018112,Credit Card,Failed,199.91000000000003
P018113,O018113,Credit Card,Successful,370.28000000000003
P018114,O018114,UPI,Successful,148.89000000000001
P018115,O018115,Debit Card,Successful,1535.1799999999998
P018116,O018116,Credit Card,Successful,932.1600000000001
P018117,O018117,Debit Card,Successful,326.54999999999995
P018118,O018118,Cash,Successful,1056.34
P018119,O018119,Debit Card,Successful,1028.29
P018120,O018120,UPI,Successful,740.2
P018121,O018121,Wallet,Successful,1317.26
P018122,O018122,Cash,Successful,1116.9199999999998
P018123,O018123,Cash,Successful,1377.78
P018124,O018124,Credit Card,Successful,221.95999999999998
P018125,O018125,Debit Card,Successful,254.02000000000004
P018126,O018126,UPI,Successful,1287.19
P018127,O018127,UPI,Refunded,373.11
P018128,O018128,Credit Card,Successful,680.8599999999999
P018129,O018129,UPI,Successful,948.7800000000001
P018130,O018130,Cash,Successful,591.72
P018131,O018131,Wallet,Successful,195.25
P018132,O018132,Cash,Successful,1092.73
P018133,O018133,UPI,Successful,1484.96
P018134,O018134,UPI,Successful,364.59999999999997
P018135,O018135,Credit Card,Successful,1341.1
P018136,O018136,Credit Card,Failed,1589.86
P018137,O018137,Credit Card,Successful,945.1199999999999
P018138,O018138,Wallet,Successful,878.8999999999999
P018139,O018139,Credit Card,Successful,998.46
P018140,O018140,Credit Card,Successful,1034.69
P018141,O018141,Debit Card,Successful,1638.79
P018142,O018142,UPI,Successful,752.65
P018143,O018143,Debit Card,Successful,1121.15
P018144,O018144,Debit Card,Successful,119.13
P018145,O018145,Debit Card,Successful,380.13
P018146,O018146,Debit Card,Successful,1311.5
P018147,O018147,Cash,Successful,250.43
P018148,O018148,Credit Card,Failed,1437.41
P018149,O018149,Wallet,Successful,1227.5
P018150,O018150,UPI,Successful,1800.75
P018151,O018151,Credit Card,Successful,1323.18
P018152,O018152,Cash,Successful,1644.77
P018153,O018153,Wallet,Successful,823.77
P018154,O018154,Debit Card,Refunded,1634.5
P018155,O018155,Debit Card,Successful,821.77
P018156,O018156,UPI,Successful,160.64000000000001
P018157,O018157,Cash,Successful,966.4599999999999
P018158,O018158,UPI,Successful,1084.03
P018159,O018159,UPI,Successful,229.64
P018160,O018160,UPI,Successful,1276.29
P018161,O018161,Credit Card,Successful,191.36
P018162,O018162,Wallet,Successful,748.96
P018163,O018163,Debit Card,Successful,719.8799999999999
P018164,O018164,Credit Card,Successful,132.34
P018165,O018165,Debit Card,Successful,161.19
P018166,O018166,Credit Card,Successful,830.79
P018167,O018167,Wallet,Successful,484.36
P018168,O018168,Credit Card,Failed,1346.02
P018169,O018169,Wallet,Successful,645.7
P018170,O018170,Credit Card,Successful,292.3
P018171,O018171,Wallet,Successful,326.71000000000004
P018172,O018172,Debit Card,Successful,968.6999999999999
P018173,O018173,Debit Card,Successful,1867.08
P018174,O018174,Debit Card,Successful,1254.4
P018175,O018175,Wallet,Successful,330.89000000000004
P018176,O018176,Cash,Successful,91.91999999999999
P018177,O018177,UPI,Successful,137.20999999999998
P018178,O018178,Wallet,Successful,879.4000000000001
P018179,O018179,Wallet,Failed,1014.7
P018180,O018180,Debit Card,Successful,114.66
P018181,O018181,Debit Card,Successful,170.79
P018182,O018182,Credit Card,Successful,1863.21
P018183,O018183,Wallet,Successful,1492.14
P018184,O018184,Credit Card,Successful,271.7
P018185,O018185,Cash,Successful,289.38
P018186,O018186,UPI,Successful,1492.97
P018187,O018187,Credit Card,Failed,818.9200000000001
P018188,O018188,Debit Card,Successful,1877.22
P018189,O018189,Debit Card,Failed,1074.6100000000001
P018190,O018190,Credit Card,Successful,987.9100000000001
P018191,O018191,Debit Card,Successful,365.06
P018192,O018192,Cash,Failed,1622.25
P018193,O018193,UPI,Successful,1666.64
P018194,O018194,UPI,Successful,665.3000000000001
P018195,O018195,Wallet,Successful,983.36
P018196,O018196,Cash,Successful,568.53
P018197,O018197,Credit Card,Successful,751.55
P018198,O018198,Debit Card,Successful,1679.95
P018199,O018199,Debit Card,Successful,683.65
P018200,O018200,Debit Card,Successful,1655.5
P018201,O018201,Debit Card,Failed,1354.38
P018202,O018202,Wallet,Successful,792.01
P018203,O018203,Credit Card,Successful,1399.6299999999999
P018204,O018204,Credit Card,Successful,579.08
P018205,O018205,Cash,Successful,97.83
P018206,O018206,Cash,Successful,212.78999999999996
P018207,O018207,Cash,Successful,1493.32
P018208,O018208,Cash,Successful,246.35000000000002
P018209,O018209,Wallet,Successful,1862.3300000000002
P018210,O018210,Credit Card,Successful,1449.0
P018211,O018211,Credit Card,Successful,930.3000000000001
P018212,O018212,Cash,Successful,881.4599999999998
P018213,O018213,Credit Card,Successful,1007.96
P018214,O018214,Cash,Successful,1198.85
P018215,O018215,Credit Card,Successful,975.88
P018216,O018216,Debit Card,Failed,586.22
P018217,O018217,Cash,Successful,1828.57
P018218,O018218,Cash,Refunded,145.04999999999998
P018219,O018219,Credit Card,Successful,766.9699999999999
P018220,O018220,Wallet,Successful,1035.33
P018221,O018221,UPI,Successful,1650.67
P018222,O018222,UPI,Successful,222.95
P018223,O018223,Debit Card,Successful,1315.64
P018224,O018224,Cash,Successful,814.49
P018225,O018225,Wallet,Successful,1250.1399999999999
P018226,O018226,Credit Card,Successful,683.7299999999999
P018227,O018227,UPI,Failed,1310.6599999999999
P018228,O018228,Debit Card,Successful,320.09000000000003
P018229,O018229,Wallet,Successful,1556.77
P018230,O018230,Debit Card,Successful,1217.92
P018231,O018231,UPI,Successful,1613.48
P018232,O018232,Debit Card,Successful,352.19
P018233,O018233,UPI,Successful,1298.87
P018234,O018234,Credit Card,Successful,610.03
P018235,O018235,Debit Card,Successful,490.76
P018236,O018236,Credit Card,Successful,737.93
P018237,O018237,UPI,Successful,569.42
P018238,O018238,UPI,Successful,524.2900000000001
P018239,O018239,Cash,Refunded,1349.1100000000001
P018240,O018240,Credit Card,Successful,1182.24
P018241,O018241,Wallet,Successful,273.2
P018242,O018242,Wallet,Refunded,849.6199999999999
P018243,O018243,Wallet,Successful,511.12
P018244,O018244,UPI,Successful,1825.8700000000001
P018245,O018245,UPI,Successful,732.1600000000001
P018246,O018246,Cash,Successful,166.14000000000001
P018247,O018247,Credit Card,Successful,611.73
P018248,O018248,Debit Card,Successful,612.24
P018249,O018249,Debit Card,Successful,102.55999999999999
P018250,O018250,Credit Card,Successful,921.42
P018251,O018251,UPI,Successful,1753.63
P018252,O018252,Wallet,Successful,1585.66
P018253,O018253,Debit Card,Successful,1211.6699999999998
P018254,O018254,Wallet,Successful,568.62
P018255,O018255,Debit Card,Successful,429.95000000000005
P018256,O018256,Credit Card,Successful,616.85
P018257,O018257,Credit Card,Successful,291.7
P018258,O018258,UPI,Failed,248.39999999999998
P018259,O018259,Cash,Successful,1183.9299999999998
P018260,O018260,Credit Card,Successful,1182.1799999999998
P018261,O018261,Credit Card,Successful,261.9
P018262,O018262,UPI,Successful,534.71
P018263,O018263,Debit Card,Successful,261.63
P018264,O018264,UPI,Failed,573.65
P018265,O018265,Cash,Successful,1453.45
P018266,O018266,UPI,Successful,150.11
P018267,O018267,Cash,Failed,1075.08
P018268,O018268,Wallet,Successful,151.49
P018269,O018269,Cash,Successful,690.75
P018270,O018270,UPI,Successful,883.2800000000001
P018271,O018271,UPI,Successful,738.05
P018272,O018272,Debit Card,Successful,1126.78
P018273,O018273,Credit Card,Successful,1798.13
P018274,O018274,Credit Card,Successful,453.36
P018275,O018275,Wallet,Failed,996.97
P018276,O018276,Debit Card,Successful,635.63
P018277,O018277,Debit Card,Successful,1739.19
P018278,O018278,Wallet,Successful,1770.17
P018279,O018279,Cash,Successful,224.21000000000004
P018280,O018280,Debit Card,Successful,1811.33
P018281,O018281,Wallet,Successful,1498.75
P018282,O018282,UPI,Successful,1945.76
P018283,O018283,Debit Card,Successful,1239.01
P018284,O018284,Wallet,Refunded,305.90000000000003
P018285,O018285,Wallet,Successful,1431.4
P018286,O018286,Debit Card,Successful,1374.9299999999998
P018287,O018287,Credit Card,Failed,354.97
P018288,O018288,Credit Card,Successful,1115.15
P018289,O018289,Wallet,Refunded,1270.62
P018290,O018290,Credit Card,Successful,1598.24
P018291,O018291,Cash,Failed,959.6699999999998
P018292,O018292,Debit Card,Successful,757.61
P018293,O018293,Cash,Successful,1896.93
P018294,O018294,Cash,Successful,984.0900000000001
P018295,O018295,Credit Card,Successful,561.27
P018296,O018296,Wallet,Successful,138.69
P018297,O018297,Wallet,Successful,1484.02
P018298,O018298,Wallet,Successful,318.56
P018299,O018299,UPI,Successful,1731.89
P018300,O018300,Credit Card,Successful,1639.95
P018301,O018301,Credit Card,Successful,543.71
P018302,O018302,Debit Card,Successful,298.39
P018303,O018303,Debit Card,Successful,1080.6999999999998
P018304,O018304,Cash,Successful,409.96999999999997
P018305,O018305,Credit Card,Successful,821.29
P018306,O018306,Wallet,Refunded,666.16
P018307,O018307,UPI,Successful,1578.8899999999999
P018308,O018308,Wallet,Successful,1419.6599999999999
P018309,O018309,UPI,Successful,890.39
P018310,O018310,UPI,Successful,1248.68
P018311,O018311,Debit Card,Successful,732.68
P018312,O018312,UPI,Failed,1250.48
P018313,O018313,Debit Card,Successful,142.33
P018314,O018314,Cash,Successful,876.96
P018315,O018315,UPI,Successful,433.88
P018316,O018316,Wallet,Successful,435.55
P018317,O018317,Credit Card,Successful,884.96
P018318,O018318,Debit Card,Successful,585.74
P018319,O018319,Credit Card,Successful,824.09
P018320,O018320,Debit Card,Successful,547.96
P018321,O018321,Cash,Successful,922.4
P018322,O018322,Credit Card,Successful,450.59000000000003
P018323,O018323,Wallet,Successful,1587.33
P018324,O018324,Wallet,Successful,1066.6599999999999
P018325,O018325,Wallet,Successful,322.06000000000006
P018326,O018326,Cash,Successful,98.10999999999999
P018327,O018327,Cash,Successful,129.38
P018328,O018328,Cash,Successful,691.72
P018329,O018329,Cash,Successful,493.96000000000004
P018330,O018330,Cash,Successful,513.14
P018331,O018331,Credit Card,Successful,1186.09
P018332,O018332,Debit Card,Successful,1592.36
P018333,O018333,Wallet,Successful,206.85
P018334,O018334,Credit Card,Successful,280.09999999999997
P018335,O018335,Credit Card,Successful,755.47
P018336,O018336,Cash,Successful,746.0400000000001
P018337,O018337,Credit Card,Successful,845.08
P018338,O018338,Cash,Successful,1152.21
P018339,O018339,Cash,Successful,235.89
P018340,O018340,Credit Card,Successful,766.05
P018341,O018341,Cash,Successful,1507.9099999999999
P018342,O018342,Cash,Successful,1538.3799999999999
P018343,O018343,Wallet,Successful,1163.07
P018344,O018344,Credit Card,Successful,263.15
P018345,O018345,UPI,Successful,1199.1
P018346,O018346,Credit Card,Successful,1228.98
P018347,O018347,Cash,Successful,392.16999999999996
P018348,O018348,Debit Card,Successful,1047.8600000000001
P018349,O018349,Debit Card,Successful,1820.69
P018350,O018350,Cash,Successful,1153.37
P018351,O018351,Wallet,Successful,849.87
P018352,O018352,Wallet,Successful,778.47
P018353,O018353,UPI,Successful,176.89
P018354,O018354,Credit Card,Successful,1040.07
P018355,O018355,Credit Card,Successful,1500.2099999999998
P018356,O018356,UPI,Successful,1834.94
P018357,O018357,Wallet,Successful,752.49
P018358,O018358,Debit Card,Successful,791.3100000000001
P018359,O018359,Debit Card,Successful,194.25
P018360,O018360,Cash,Successful,1559.6
P018361,O018361,UPI,Successful,1311.8500000000001
P018362,O018362,Debit Card,Successful,766.3599999999999
P018363,O018363,Wallet,Successful,1281.35
P018364,O018364,Credit Card,Refunded,1027.65
P018365,O018365,Wallet,Successful,1350.9299999999998
P018366,O018366,UPI,Successful,674.32
P018367,O018367,Cash,Successful,962.72
P018368,O018368,Wallet,Successful,1017.8000000000001
P018369,O018369,Wallet,Successful,254.57
P018370,O018370,UPI,Successful,456.00999999999993
P018371,O018371,UPI,Successful,1218.4500000000003
P018372,O018372,Cash,Successful,373.15999999999997
P018373,O018373,Credit Card,Successful,727.43
P018374,O018374,Debit Card,Successful,517.0300000000001
P018375,O018375,Credit Card,Successful,313.33000000000004
P018376,O018376,Wallet,Successful,274.3
P018377,O018377,Debit Card,Successful,554.7
P018378,O018378,Wallet,Successful,1360.53
P018379,O018379,UPI,Successful,1746.65
P018380,O018380,Debit Card,Successful,981.89
P018381,O018381,Credit Card,Successful,1261.64
P018382,O018382,UPI,Successful,1183.78
P018383,O018383,Debit Card,Successful,1145.38
P018384,O018384,UPI,Refunded,1207.29
P018385,O018385,Credit Card,Successful,1565.6200000000001
P018386,O018386,Wallet,Successful,1039.21
P018387,O018387,Wallet,Failed,999.3399999999999
P018388,O018388,UPI,Successful,805.66
P018389,O018389,UPI,Successful,755.79
P018390,O018390,Cash,Successful,603.78
P018391,O018391,Wallet,Successful,697.9
P018392,O018392,Debit Card,Successful,1277.41
P018393,O018393,Credit Card,Successful,1367.1100000000001
P018394,O018394,Wallet,Successful,567.5999999999999
P018395,O018395,Debit Card,Successful,379.76
P018396,O018396,UPI,Successful,226.08
P018397,O018397,Wallet,Successful,1452.64
P018398,O018398,Credit Card,Successful,1729.6399999999999
P018399,O018399,UPI,Successful,759.6899999999999
P018400,O018400,Credit Card,Successful,945.3799999999999
P018401,O018401,Credit Card,Failed,1186.3300000000002
P018402,O018402,Cash,Failed,647.84
P018403,O018403,Wallet,Successful,443.44
P018404,O018404,UPI,Successful,273.92999999999995
P018405,O018405,Wallet,Successful,529.72
P018406,O018406,Credit Card,Successful,1292.5100000000002
P018407,O018407,Credit Card,Failed,655.63
P018408,O018408,Debit Card,Successful,1457.0700000000002
P018409,O018409,UPI,Successful,240.85999999999999
P018410,O018410,Credit Card,Successful,874.64
P018411,O018411,Cash,Successful,471.48
P018412,O018412,UPI,Failed,1423.55
P018413,O018413,Credit Card,Successful,1474.8
P018414,O018414,Wallet,Successful,1969.71
P018415,O018415,Wallet,Successful,264.32
P018416,O018416,Credit Card,Successful,1552.7
P018417,O018417,Wallet,Successful,316.40999999999997
P018418,O018418,Wallet,Successful,365.20000000000005
P018419,O018419,Credit Card,Failed,160.67000000000002
P018420,O018420,Credit Card,Successful,801.1
P018421,O018421,Wallet,Successful,331.12
P018422,O018422,Credit Card,Successful,614.39
P018423,O018423,Cash,Successful,533.91
P018424,O018424,Debit Card,Successful,1750.52
P018425,O018425,Credit Card,Successful,1105.88
P018426,O018426,Debit Card,Successful,649.31
P018427,O018427,Wallet,Successful,1480.37
P018428,O018428,Credit Card,Successful,210.94
P018429,O018429,UPI,Successful,612.09
P018430,O018430,Cash,Successful,931.05
P018431,O018431,UPI,Successful,145.26000000000002
P018432,O018432,Wallet,Successful,310.0
P018433,O018433,UPI,Successful,1781.57
P018434,O018434,UPI,Successful,425.31
P018435,O018435,UPI,Successful,1555.48
P018436,O018436,Debit Card,Successful,215.12999999999997
P018437,O018437,Debit Card,Successful,1736.34
P018438,O018438,UPI,Failed,798.8599999999999
P018439,O018439,Wallet,Successful,1027.72
P018440,O018440,Cash,Successful,565.94
P018441,O018441,Wallet,Successful,604.1
P018442,O018442,UPI,Successful,761.91
P018443,O018443,Wallet,Successful,598.3499999999999
P018444,O018444,Wallet,Successful,179.21
P018445,O018445,Cash,Successful,733.17
P018446,O018446,Debit Card,Successful,483.6600000000001
P018447,O018447,Debit Card,Successful,1704.4099999999999
P018448,O018448,UPI,Successful,1602.94
P018449,O018449,Cash,Failed,281.51
P018450,O018450,UPI,Failed,1359.1100000000001
P018451,O018451,Wallet,Successful,899.98
P018452,O018452,Cash,Successful,1465.45
P018453,O018453,Wallet,Successful,498.55000000000007
P018454,O018454,Debit Card,Successful,218.45000000000002
P018455,O018455,UPI,Successful,1572.72
P018456,O018456,Wallet,Successful,1261.45
P018457,O018457,Wallet,Successful,1606.76
P018458,O018458,Debit Card,Successful,524.2099999999999
P018459,O018459,Wallet,Successful,135.61999999999998
P018460,O018460,Debit Card,Successful,353.99
P018461,O018461,Debit Card,Successful,1764.46
P018462,O018462,Wallet,Successful,689.4
P018463,O018463,Credit Card,Successful,1241.7200000000003
P018464,O018464,UPI,Successful,1441.7199999999998
P018465,O018465,UPI,Successful,601.35
P018466,O018466,Cash,Successful,1360.31
P018467,O018467,Wallet,Successful,335.4
P018468,O018468,Wallet,Failed,699.98
P018469,O018469,Credit Card,Refunded,1427.08
P018470,O018470,Cash,Successful,472.51
P018471,O018471,Debit Card,Successful,647.03
P018472,O018472,Debit Card,Successful,1061.25
P018473,O018473,Debit Card,Successful,1118.69
P018474,O018474,Wallet,Failed,609.83
P018475,O018475,Cash,Successful,705.65
P018476,O018476,Wallet,Successful,273.64
P018477,O018477,UPI,Successful,1865.08
P018478,O018478,UPI,Successful,1247.73
P018479,O018479,Debit Card,Successful,913.1199999999999
P018480,O018480,Wallet,Successful,449.2
P018481,O018481,Wallet,Successful,880.34
P018482,O018482,Debit Card,Refunded,693.1800000000001
P018483,O018483,Debit Card,Successful,472.83
P018484,O018484,Debit Card,Successful,726.4599999999999
P018485,O018485,UPI,Successful,460.44
P018486,O018486,Debit Card,Successful,1448.75
P018487,O018487,Debit Card,Successful,1752.54
P018488,O018488,UPI,Successful,80.74000000000001
P018489,O018489,Cash,Successful,1002.8500000000001
P018490,O018490,Debit Card,Refunded,1395.7
P018491,O018491,Debit Card,Successful,1297.43
P018492,O018492,Wallet,Successful,666.96
P018493,O018493,Wallet,Successful,1621.75
P018494,O018494,Wallet,Refunded,1179.42
P018495,O018495,Credit Card,Successful,1053.91
P018496,O018496,Credit Card,Successful,482.40000000000003
P018497,O018497,Debit Card,Successful,1039.1699999999998
P018498,O018498,UPI,Successful,427.11999999999995
P018499,O018499,UPI,Failed,571.9499999999999
P018500,O018500,Wallet,Refunded,901.56
P018501,O018501,Cash,Successful,964.4200000000001
P018502,O018502,Debit Card,Successful,445.92
P018503,O018503,Wallet,Successful,1346.99
P018504,O018504,Credit Card,Successful,1549.95
P018505,O018505,Cash,Successful,514.47
P018506,O018506,Wallet,Successful,1000.7
P018507,O018507,Credit Card,Successful,764.33
P018508,O018508,Debit Card,Successful,548.18
P018509,O018509,UPI,Successful,684.0
P018510,O018510,Debit Card,Successful,1466.0700000000002
P018511,O018511,Cash,Successful,735.59
P018512,O018512,Debit Card,Successful,778.3699999999999
P018513,O018513,Debit Card,Failed,894.06
P018514,O018514,UPI,Successful,1088.5900000000001
P018515,O018515,Debit Card,Successful,639.77
P018516,O018516,UPI,Failed,767.2
P018517,O018517,Debit Card,Successful,355.78999999999996
P018518,O018518,Wallet,Successful,1150.18
P018519,O018519,Credit Card,Successful,286.09999999999997
P018520,O018520,Wallet,Successful,1475.67
P018521,O018521,Debit Card,Successful,1589.67
P018522,O018522,UPI,Successful,128.3
P018523,O018523,Wallet,Successful,1419.7199999999998
P018524,O018524,Cash,Successful,981.8
P018525,O018525,Cash,Successful,252.8
P018526,O018526,Cash,Successful,1549.59
P018527,O018527,Credit Card,Successful,1175.46
P018528,O018528,Debit Card,Successful,627.9300000000001
P018529,O018529,Credit Card,Successful,1293.3500000000001
P018530,O018530,Credit Card,Failed,173.26000000000002
P018531,O018531,UPI,Successful,1094.81
P018532,O018532,Credit Card,Successful,294.52
P018533,O018533,Wallet,Failed,1013.9
P018534,O018534,UPI,Successful,211.60000000000002
P018535,O018535,UPI,Failed,1013.5200000000001
P018536,O018536,UPI,Successful,836.9300000000001
P018537,O018537,Cash,Successful,95.52000000000001
P018538,O018538,Wallet,Failed,185.87
P018539,O018539,Cash,Refunded,1330.58
P018540,O018540,Credit Card,Successful,839.1800000000001
P018541,O018541,Debit Card,Successful,1158.6799999999998
P018542,O018542,UPI,Successful,759.8900000000001
P018543,O018543,Cash,Failed,758.19
P018544,O018544,UPI,Successful,1651.85
P018545,O018545,Credit Card,Successful,1613.95
P018546,O018546,UPI,Successful,1660.36
P018547,O018547,Credit Card,Successful,1445.7
P018548,O018548,Cash,Successful,243.94
P018549,O018549,UPI,Successful,193.39
P018550,O018550,Credit Card,Successful,153.17000000000002
P018551,O018551,Wallet,Successful,1640.8000000000002
P018552,O018552,Debit Card,Successful,1002.2900000000001
P018553,O018553,Wallet,Successful,238.2
P018554,O018554,Debit Card,Successful,1128.5500000000002
P018555,O018555,Credit Card,Failed,1204.4099999999999
P018556,O018556,Wallet,Successful,250.86999999999998
P018557,O018557,Wallet,Successful,658.49
P018558,O018558,Wallet,Successful,347.57
P018559,O018559,Cash,Successful,1950.12
P018560,O018560,Wallet,Successful,666.09
P018561,O018561,Credit Card,Refunded,1067.72
P018562,O018562,UPI,Successful,1543.09
P018563,O018563,Wallet,Successful,1605.22
P018564,O018564,UPI,Successful,721.8399999999999
P018565,O018565,UPI,Failed,607.24
P018566,O018566,Debit Card,Successful,1259.9299999999998
P018567,O018567,Debit Card,Successful,378.63
P018568,O018568,UPI,Successful,1259.66
P018569,O018569,Debit Card,Successful,1547.4
P018570,O018570,Credit Card,Successful,1707.32
P018571,O018571,Cash,Successful,100.36
P018572,O018572,Cash,Successful,863.14
P018573,O018573,Credit Card,Successful,637.8499999999999
P018574,O018574,Debit Card,Successful,1449.5
P018575,O018575,Credit Card,Successful,974.76
P018576,O018576,Cash,Successful,715.0
P018577,O018577,Debit Card,Successful,542.76
P018578,O018578,Debit Card,Successful,1315.52
P018579,O018579,Credit Card,Successful,612.41
P018580,O018580,Cash,Successful,1322.78
P018581,O018581,UPI,Successful,1344.57
P018582,O018582,Wallet,Successful,194.49
P018583,O018583,Wallet,Successful,855.2
P018584,O018584,Debit Card,Successful,865.48
P018585,O018585,Debit Card,Successful,818.54
P018586,O018586,UPI,Successful,737.24
P018587,O018587,Credit Card,Successful,1067.1399999999999
P018588,O018588,Wallet,Successful,300.18
P018589,O018589,Cash,Successful,1298.54
P018590,O018590,Cash,Successful,1134.29
P018591,O018591,Debit Card,Successful,676.71
P018592,O018592,Wallet,Successful,526.73
P018593,O018593,Credit Card,Successful,1096.48
P018594,O018594,Debit Card,Successful,1291.33
P018595,O018595,Wallet,Successful,697.71
P018596,O018596,Debit Card,Successful,1956.6899999999998
P018597,O018597,Wallet,Successful,927.0799999999999
P018598,O018598,Cash,Successful,1554.3000000000002
P018599,O018599,Debit Card,Successful,1850.91
P018600,O018600,Cash,Successful,890.86
P018601,O018601,Credit Card,Successful,1175.29
P018602,O018602,Wallet,Successful,271.89
P018603,O018603,Debit Card,Successful,1732.14
P018604,O018604,Debit Card,Failed,1593.03
P018605,O018605,Cash,Successful,830.2
P018606,O018606,Credit Card,Successful,577.55
P018607,O018607,Credit Card,Successful,1476.27
P018608,O018608,UPI,Successful,614.76
P018609,O018609,Cash,Successful,979.46
P018610,O018610,Credit Card,Successful,348.59
P018611,O018611,UPI,Successful,1455.04
P018612,O018612,Wallet,Successful,1296.77
P018613,O018613,Credit Card,Successful,472.06
P018614,O018614,Wallet,Successful,256.0
P018615,O018615,Wallet,Successful,430.95
P018616,O018616,Cash,Refunded,1144.33
P018617,O018617,UPI,Successful,272.28
P018618,O018618,Cash,Successful,524.41
P018619,O018619,Wallet,Successful,1245.77
P018620,O018620,Credit Card,Successful,183.81
P018621,O018621,Cash,Refunded,975.36
P018622,O018622,Credit Card,Successful,658.43
P018623,O018623,Cash,Successful,264.18
P018624,O018624,UPI,Failed,898.6400000000001
P018625,O018625,UPI,Successful,912.95
P018626,O018626,Cash,Failed,815.1800000000001
P018627,O018627,Cash,Successful,190.84
P018628,O018628,Credit Card,Failed,488.76
P018629,O018629,Wallet,Successful,751.72
P018630,O018630,Cash,Failed,491.11
P018631,O018631,Cash,Successful,291.01
P018632,O018632,Wallet,Successful,1021.0600000000001
P018633,O018633,Debit Card,Failed,729.51
P018634,O018634,UPI,Successful,1077.14
P018635,O018635,Wallet,Successful,931.67
P018636,O018636,Debit Card,Successful,327.09
P018637,O018637,Cash,Successful,1049.8899999999999
P018638,O018638,Debit Card,Successful,714.3
P018639,O018639,Debit Card,Failed,298.49
P018640,O018640,UPI,Successful,96.36
P018641,O018641,UPI,Successful,978.28
P018642,O018642,Credit Card,Successful,931.1000000000001
P018643,O018643,Debit Card,Successful,1488.0700000000002
P018644,O018644,Credit Card,Successful,1084.6999999999998
P018645,O018645,Credit Card,Successful,1760.79
P018646,O018646,UPI,Successful,484.35
P018647,O018647,UPI,Successful,704.77
P018648,O018648,Debit Card,Successful,208.66
P018649,O018649,Cash,Successful,661.7199999999999
P018650,O018650,Credit Card,Successful,394.39
P018651,O018651,Cash,Successful,1366.25
P018652,O018652,Debit Card,Failed,1090.8500000000001
P018653,O018653,Cash,Successful,1524.63
P018654,O018654,Credit Card,Successful,1057.28
P018655,O018655,Debit Card,Successful,1221.3899999999999
P018656,O018656,Cash,Successful,452.21999999999997
P018657,O018657,Credit Card,Successful,1186.64
P018658,O018658,UPI,Successful,363.95000000000005
P018659,O018659,Cash,Successful,546.98
P018660,O018660,Debit Card,Successful,383.84999999999997
P018661,O018661,Wallet,Successful,1482.75
P018662,O018662,Cash,Successful,1777.3999999999999
P018663,O018663,Debit Card,Successful,1437.63
P018664,O018664,Wallet,Successful,1628.25
P018665,O018665,Credit Card,Successful,1159.69
P018666,O018666,UPI,Successful,1397.96
P018667,O018667,Wallet,Successful,543.99
P018668,O018668,Cash,Successful,701.31
P018669,O018669,Credit Card,Successful,705.1800000000001
P018670,O018670,Credit Card,Successful,203.92000000000002
P018671,O018671,Debit Card,Successful,1563.69
P018672,O018672,Debit Card,Successful,288.44
P018673,O018673,Debit Card,Refunded,1297.31
P018674,O018674,Credit Card,Successful,1546.61
P018675,O018675,Wallet,Successful,1026.5600000000002
P018676,O018676,UPI,Failed,292.96999999999997
P018677,O018677,Cash,Successful,883.46
P018678,O018678,UPI,Successful,326.87
P018679,O018679,UPI,Successful,287.40000000000003
P018680,O018680,UPI,Failed,1505.04
P018681,O018681,Wallet,Refunded,727.9
P018682,O018682,Cash,Successful,84.47
P018683,O018683,Cash,Successful,176.83
P018684,O018684,UPI,Successful,1176.53
P018685,O018685,Cash,Successful,1072.28
P018686,O018686,Wallet,Successful,1407.07
P018687,O018687,Cash,Successful,453.73
P018688,O018688,Wallet,Successful,639.85
P018689,O018689,Debit Card,Successful,1030.04
P018690,O018690,Debit Card,Successful,1179.99
P018691,O018691,Credit Card,Successful,133.62
P018692,O018692,Credit Card,Successful,1617.31
P018693,O018693,Cash,Successful,1606.74
P018694,O018694,UPI,Successful,264.19000000000005
P018695,O018695,Credit Card,Successful,98.6
P018696,O018696,UPI,Successful,1124.5300000000002
P018697,O018697,Wallet,Successful,1355.0
P018698,O018698,UPI,Successful,501.63
P018699,O018699,Credit Card,Successful,702.31
P018700,O018700,UPI,Successful,868.13
P018701,O018701,Wallet,Successful,985.97
P018702,O018702,Credit Card,Failed,1023.8
P018703,O018703,UPI,Failed,1384.37
P018704,O018704,Debit Card,Successful,305.88
P018705,O018705,Cash,Successful,869.6000000000001
P018706,O018706,Credit Card,Successful,852.26
P018707,O018707,Wallet,Failed,1737.7
P018708,O018708,Wallet,Successful,1398.8200000000002
P018709,O018709,Wallet,Successful,1236.31
P018710,O018710,Wallet,Refunded,1546.4
P018711,O018711,Credit Card,Successful,1304.75
P018712,O018712,Credit Card,Successful,1359.76
P018713,O018713,Cash,Successful,427.47
P018714,O018714,Credit Card,Successful,1081.08
P018715,O018715,Cash,Successful,1319.6799999999998
P018716,O018716,Credit Card,Successful,1292.22
P018717,O018717,UPI,Successful,957.6500000000001
P018718,O018718,Debit Card,Successful,481.71999999999997
P018719,O018719,UPI,Successful,1295.54
P018720,O018720,UPI,Successful,748.12
P018721,O018721,Cash,Successful,176.78
P018722,O018722,UPI,Successful,421.23
P018723,O018723,Cash,Successful,619.1899999999999
P018724,O018724,Credit Card,Failed,1584.73
P018725,O018725,Credit Card,Successful,1343.03
P018726,O018726,Debit Card,Successful,537.91
P018727,O018727,Debit Card,Failed,1195.31
P018728,O018728,Wallet,Failed,737.87
P018729,O018729,Credit Card,Successful,1084.58
P018730,O018730,Credit Card,Successful,1527.76
P018731,O018731,Cash,Successful,1459.98
P018732,O018732,Cash,Successful,340.71
P018733,O018733,Wallet,Successful,1353.15
P018734,O018734,Credit Card,Successful,1341.94
P018735,O018735,Credit Card,Successful,484.0
P018736,O018736,Credit Card,Successful,616.93
P018737,O018737,Cash,Successful,1560.37
P018738,O018738,Cash,Successful,1800.88
P018739,O018739,UPI,Successful,762.65
P018740,O018740,Debit Card,Successful,155.07
P018741,O018741,Debit Card,Successful,1766.14
P018742,O018742,Credit Card,Successful,139.1
P018743,O018743,Debit Card,Successful,622.81
P018744,O018744,Wallet,Successful,250.11
P018745,O018745,Cash,Successful,932.9599999999999
P018746,O018746,UPI,Successful,152.01
P018747,O018747,Credit Card,Successful,396.58
P018748,O018748,UPI,Successful,907.9399999999999
P018749,O018749,UPI,Refunded,218.79999999999998
P018750,O018750,Wallet,Successful,723.43
P018751,O018751,UPI,Successful,559.4100000000001
P018752,O018752,Debit Card,Successful,461.99
P018753,O018753,Debit Card,Successful,1800.51
P018754,O018754,Cash,Successful,1163.0
P018755,O018755,Debit Card,Successful,1814.52
P018756,O018756,Cash,Successful,1046.97
P018757,O018757,Cash,Successful,1300.81
P018758,O018758,Cash,Successful,1365.08
P018759,O018759,UPI,Successful,1871.5600000000002
P018760,O018760,Wallet,Successful,799.6800000000001
P018761,O018761,UPI,Successful,1143.3100000000002
P018762,O018762,Cash,Successful,292.47999999999996
P018763,O018763,Cash,Successful,1755.67
P018764,O018764,Wallet,Successful,826.42
P018765,O018765,Cash,Successful,1490.82
P018766,O018766,Credit Card,Refunded,211.50000000000003
P018767,O018767,Credit Card,Successful,827.22
P018768,O018768,Credit Card,Successful,90.0
P018769,O018769,Debit Card,Successful,775.1099999999999
P018770,O018770,Cash,Refunded,232.3
P018771,O018771,UPI,Successful,691.0500000000001
P018772,O018772,Debit Card,Successful,874.53
P018773,O018773,Cash,Successful,1581.3999999999999
P018774,O018774,Wallet,Successful,597.7
P018775,O018775,Credit Card,Successful,915.74
P018776,O018776,UPI,Successful,197.48000000000002
P018777,O018777,Cash,Successful,1499.89
P018778,O018778,Wallet,Failed,913.5999999999999
P018779,O018779,Debit Card,Refunded,436.10999999999996
P018780,O018780,Debit Card,Successful,816.55
P018781,O018781,Credit Card,Failed,763.46
P018782,O018782,UPI,Successful,1187.95
P018783,O018783,Wallet,Successful,1700.51
P018784,O018784,Wallet,Successful,361.04
P018785,O018785,Debit Card,Successful,199.89
P018786,O018786,Debit Card,Successful,1169.74
P018787,O018787,Cash,Successful,1547.8700000000001
P018788,O018788,Debit Card,Successful,1025.48
P018789,O018789,Cash,Successful,242.87
P018790,O018790,Debit Card,Successful,769.69
P018791,O018791,Wallet,Successful,1036.87
P018792,O018792,Cash,Successful,653.1999999999999
P018793,O018793,Wallet,Successful,1286.53
P018794,O018794,Credit Card,Successful,434.36999999999995
P018795,O018795,Debit Card,Successful,620.37
P018796,O018796,Debit Card,Successful,1345.3600000000001
P018797,O018797,UPI,Successful,1017.62
P018798,O018798,UPI,Successful,83.5
P018799,O018799,Debit Card,Successful,539.9
P018800,O018800,UPI,Successful,1173.71
P018801,O018801,Cash,Successful,149.14999999999998
P018803,O018803,Credit Card,Successful,1762.1299999999999
P018804,O018804,Cash,Successful,506.84
P018805,O018805,UPI,Successful,1789.23
P018806,O018806,Credit Card,Successful,1212.16
P018807,O018807,UPI,Successful,855.62
P018808,O018808,Credit Card,Successful,392.12
P018809,O018809,Wallet,Successful,351.79999999999995
P018810,O018810,Debit Card,Refunded,1108.19
P018811,O018811,Cash,Successful,889.09
P018812,O018812,Cash,Successful,902.2900000000001
P018813,O018813,Debit Card,Successful,591.77
P018814,O018814,Credit Card,Successful,504.66999999999996
P018815,O018815,Credit Card,Successful,1338.55
P018816,O018816,Cash,Successful,1497.23
P018817,O018817,Wallet,Refunded,1275.78
P018818,O018818,Cash,Successful,381.12
P018819,O018819,UPI,Successful,193.39999999999998
P018820,O018820,UPI,Successful,907.38
P018821,O018821,Debit Card,Successful,1145.0700000000002
P018822,O018822,Credit Card,Successful,1265.03
P018823,O018823,Credit Card,Successful,1686.51
P018824,O018824,Credit Card,Successful,1004.73
P018825,O018825,Credit Card,Successful,1578.58
P018826,O018826,Debit Card,Successful,317.79
P018827,O018827,UPI,Successful,1332.4499999999998
P018828,O018828,Cash,Successful,1314.27
P018829,O018829,Debit Card,Successful,753.73
P018830,O018830,UPI,Successful,1935.58
P018831,O018831,Debit Card,Successful,860.48
P018832,O018832,Cash,Successful,1782.5400000000002
P018833,O018833,Credit Card,Successful,1371.13
P018834,O018834,UPI,Successful,935.31
P018835,O018835,Wallet,Successful,164.63
P018836,O018836,Debit Card,Successful,1145.06
P018837,O018837,Wallet,Successful,533.1
P018838,O018838,UPI,Successful,578.3800000000001
P018839,O018839,Debit Card,Successful,130.61
P018840,O018840,Cash,Successful,879.01
P018841,O018841,UPI,Failed,615.8499999999999
P018842,O018842,Wallet,Successful,1661.35
P018843,O018843,Credit Card,Failed,1308.6299999999999
P018844,O018844,UPI,Successful,564.23
P018845,O018845,UPI,Successful,464.0400000000001
P018846,O018846,Wallet,Successful,1062.15
P018847,O018847,Cash,Successful,454.70000000000005
P018848,O018848,UPI,Successful,828.3100000000001
P018849,O018849,Wallet,Successful,388.88
P018850,O018850,Debit Card,Successful,430.7199999999999
P018851,O018851,UPI,Successful,225.28
P018852,O018852,Credit Card,Successful,875.5400000000001
P018853,O018853,Credit Card,Successful,1811.74
P018854,O018854,Debit Card,Successful,232.64
P018855,O018855,Cash,Successful,677.93
P018856,O018856,Cash,Refunded,624.03
P018857,O018857,Wallet,Successful,692.03
P018858,O018858,Debit Card,Successful,1112.78
P018859,O018859,Debit Card,Successful,663.6200000000001
P018860,O018860,Debit Card,Successful,1055.76
P018861,O018861,UPI,Successful,1670.26
P018862,O018862,UPI,Successful,1129.07
P018863,O018863,Debit Card,Failed,654.1099999999999
P018864,O018864,Credit Card,Successful,725.9599999999999
P018865,O018865,Credit Card,Successful,1128.82
P018866,O018866,Debit Card,Successful,1201.71
P018867,O018867,Wallet,Successful,744.31
P018868,O018868,Cash,Successful,1142.91
P018869,O018869,Wallet,Successful,990.3699999999999
P018870,O018870,UPI,Successful,1625.33
P018871,O018871,UPI,Refunded,1400.3999999999999
P018872,O018872,UPI,Successful,1473.47
P018873,O018873,UPI,Successful,119.15
P018874,O018874,Wallet,Successful,696.9200000000001
P018875,O018875,Credit Card,Successful,938.17
P018876,O018876,UPI,Successful,843.9
P018877,O018877,Credit Card,Successful,1381.31
P018878,O018878,Wallet,Successful,1685.77
P018879,O018879,Debit Card,Failed,1153.59
P018880,O018880,Wallet,Successful,469.63
P018881,O018881,UPI,Successful,989.06
P018882,O018882,Cash,Successful,721.76
P018883,O018883,Wallet,Successful,1170.87
P018884,O018884,Debit Card,Successful,1648.38
P018885,O018885,Cash,Successful,549.4300000000001
P018886,O018886,Credit Card,Successful,917.33
P018887,O018887,Debit Card,Successful,1479.6100000000001
P018888,O018888,Debit Card,Successful,186.87
P018889,O018889,UPI,Successful,1468.4099999999999
P018890,O018890,Cash,Failed,1165.77
P018891,O018891,Credit Card,Successful,1129.8
P018892,O018892,Credit Card,Successful,1171.38
P018893,O018893,Debit Card,Successful,1322.28
P018894,O018894,Wallet,Successful,824.9599999999999
P018895,O018895,Debit Card,Successful,815.37
P018896,O018896,Wallet,Successful,1523.3700000000001
P018897,O018897,Wallet,Successful,1519.8400000000001
P018898,O018898,Debit Card,Successful,274.46
P018899,O018899,Credit Card,Failed,1306.5900000000001
P018900,O018900,Wallet,Successful,587.05
P018901,O018901,Credit Card,Successful,968.1299999999999
P018902,O018902,Debit Card,Successful,1346.55
P018903,O018903,Cash,Successful,471.25
P018904,O018904,Credit Card,Successful,543.6899999999999
P018905,O018905,Cash,Failed,1119.67
P018906,O018906,Debit Card,Failed,324.71
P018907,O018907,Credit Card,Refunded,1724.88
P018908,O018908,Cash,Successful,409.77
P018909,O018909,UPI,Successful,538.05
P018910,O018910,Debit Card,Successful,516.63
P018911,O018911,UPI,Successful,474.05000000000007
P018912,O018912,Cash,Successful,1897.53
P018913,O018913,UPI,Successful,521.8900000000001
P018914,O018914,Credit Card,Successful,978.54
P018915,O018915,Debit Card,Successful,1461.65
P018916,O018916,Credit Card,Successful,161.77
P018917,O018917,Cash,Successful,1589.73
P018918,O018918,Wallet,Successful,295.26
P018919,O018919,Wallet,Successful,1020.9699999999999
P018920,O018920,Wallet,Refunded,1098.89
P018921,O018921,Debit Card,Successful,1186.41
P018922,O018922,UPI,Successful,1353.11
P018923,O018923,Wallet,Successful,1616.31
P018924,O018924,Cash,Successful,1404.9899999999998
P018925,O018925,Debit Card,Failed,1084.4099999999999
P018926,O018926,UPI,Successful,725.4200000000001
P018927,O018927,Credit Card,Successful,589.51
P018928,O018928,UPI,Successful,1335.08
P018929,O018929,Credit Card,Failed,1460.79
P018930,O018930,Debit Card,Successful,636.56
P018931,O018931,UPI,Successful,282.51
P018932,O018932,Credit Card,Successful,1490.8000000000002
P018933,O018933,UPI,Successful,964.3199999999999
P018934,O018934,UPI,Successful,685.9300000000001
P018935,O018935,Cash,Successful,944.08
P018936,O018936,Credit Card,Successful,221.82000000000002
P018937,O018937,Credit Card,Successful,327.37
P018938,O018938,Debit Card,Successful,833.27
P018939,O018939,Cash,Successful,1034.49
P018940,O018940,Wallet,Successful,530.53
P018941,O018941,Wallet,Successful,1503.95
P018942,O018942,UPI,Successful,843.43
P018943,O018943,Debit Card,Successful,1069.5
P018944,O018944,Credit Card,Successful,585.4100000000001
P018945,O018945,Debit Card,Successful,729.3
P018946,O018946,UPI,Successful,1548.3
P018947,O018947,UPI,Successful,1279.5
P018948,O018948,Credit Card,Successful,316.61
P018949,O018949,Credit Card,Successful,673.42
P018950,O018950,Cash,Successful,464.77
P018951,O018951,UPI,Successful,1454.93
P018952,O018952,Wallet,Successful,1315.98
P018953,O018953,Wallet,Successful,1167.24
P018954,O018954,Debit Card,Successful,1042.42
P018955,O018955,Cash,Successful,1766.3100000000002
P018956,O018956,Cash,Successful,569.48
P018957,O018957,UPI,Successful,105.61
P018958,O018958,Debit Card,Successful,136.60000000000002
P018959,O018959,Wallet,Successful,175.77
P018960,O018960,Wallet,Successful,311.97
P018961,O018961,Wallet,Failed,1043.21
P018962,O018962,Credit Card,Successful,1413.57
P018963,O018963,UPI,Successful,717.59
P018964,O018964,Debit Card,Successful,1032.59
P018965,O018965,UPI,Successful,1564.22
P018966,O018966,Wallet,Failed,1600.51
P018967,O018967,Credit Card,Successful,925.74
P018968,O018968,UPI,Successful,849.7900000000001
P018969,O018969,Credit Card,Successful,543.26
P018970,O018970,Wallet,Successful,1222.06
P018971,O018971,UPI,Successful,719.35
P018972,O018972,Debit Card,Successful,602.41
P018973,O018973,UPI,Successful,925.8300000000002
P018974,O018974,UPI,Successful,689.6
P018975,O018975,Credit Card,Successful,686.58
P018976,O018976,Wallet,Successful,1402.8300000000002
P018977,O018977,Cash,Successful,1586.29
P018978,O018978,Debit Card,Successful,759.87
P018979,O018979,Debit Card,Failed,896.3600000000001
P018980,O018980,UPI,Successful,1265.9900000000002
P018981,O018981,Cash,Successful,507.85999999999996
P018982,O018982,UPI,Successful,687.34
P018983,O018983,Wallet,Successful,1291.52
P018984,O018984,UPI,Successful,1431.9099999999999
P018985,O018985,Cash,Successful,1273.8999999999999
P018986,O018986,Debit Card,Successful,791.3000000000001
P018987,O018987,Debit Card,Failed,909.37
P018988,O018988,Debit Card,Failed,376.12
P018989,O018989,UPI,Successful,136.14
P018990,O018990,Debit Card,Successful,178.48000000000002
P018991,O018991,Debit Card,Successful,278.5
P018992,O018992,Debit Card,Successful,397.71000000000004
P018993,O018993,Credit Card,Successful,847.8399999999999
P018994,O018994,Debit Card,Successful,440.45
P018995,O018995,Credit Card,Successful,1078.96
P018996,O018996,Debit Card,Successful,1447.8400000000001
P018997,O018997,Wallet,Failed,1013.1899999999999
P018998,O018998,Debit Card,Successful,1437.83
P018999,O018999,Cash,Successful,615.7099999999999
P019000,O019000,UPI,Successful,1778.82
P019001,O019001,Debit Card,Successful,495.15
P019002,O019002,Wallet,Successful,1190.36
P019003,O019003,Credit Card,Successful,1945.3899999999999
P019004,O019004,Cash,Successful,1357.96
P019005,O019005,Debit Card,Successful,1685.87
P019006,O019006,UPI,Successful,737.54
P019007,O019007,UPI,Successful,234.83
P019008,O019008,Debit Card,Successful,542.82
P019009,O019009,UPI,Successful,1407.53
P019010,O019010,Debit Card,Successful,699.29
P019011,O019011,UPI,Successful,240.75
P019012,O019012,UPI,Successful,1107.17
P019013,O019013,Wallet,Successful,857.66
P019014,O019014,Cash,Successful,181.46
P019015,O019015,Credit Card,Failed,913.75
P019016,O019016,Wallet,Successful,1109.5
P019017,O019017,Debit Card,Successful,463.28000000000003
P019018,O019018,UPI,Successful,285.33
P019019,O019019,Debit Card,Successful,1585.2099999999998
P019020,O019020,Cash,Successful,1194.4699999999998
P019021,O019021,UPI,Successful,346.35
P019022,O019022,UPI,Successful,936.73
P019023,O019023,Debit Card,Failed,1241.28
P019024,O019024,Credit Card,Successful,1061.6299999999999
P019025,O019025,Cash,Successful,301.89
P019026,O019026,UPI,Successful,243.38
P019027,O019027,Cash,Successful,149.01
P019028,O019028,UPI,Successful,383.09000000000003
P019029,O019029,UPI,Successful,202.53
P019030,O019030,Debit Card,Successful,1439.1799999999998
P019031,O019031,Debit Card,Successful,116.37
P019032,O019032,UPI,Successful,1083.95
P019033,O019033,Debit Card,Successful,1622.51
P019034,O019034,UPI,Refunded,1509.67
P019035,O019035,Credit Card,Successful,717.61
P019036,O019036,UPI,Successful,1261.65
P019037,O019037,Credit Card,Successful,1403.81
P019038,O019038,Wallet,Successful,1292.9199999999998
P019039,O019039,Cash,Successful,1731.83
P019040,O019040,Cash,Successful,1324.45
P019041,O019041,UPI,Successful,200.2
P019042,O019042,UPI,Successful,462.35999999999996
P019043,O019043,Debit Card,Failed,1420.5099999999998
P019044,O019044,Wallet,Successful,1356.48
P019045,O019045,Wallet,Successful,775.23
P019046,O019046,UPI,Successful,345.14
P019047,O019047,Credit Card,Successful,350.07
P019048,O019048,Wallet,Successful,1428.68
P019049,O019049,Cash,Failed,296.89
P019050,O019050,UPI,Successful,695.4599999999999
P019051,O019051,Debit Card,Refunded,1505.35
P019052,O019052,Wallet,Successful,137.9
P019053,O019053,Credit Card,Successful,943.9000000000001
P019054,O019054,UPI,Successful,619.99
P019055,O019055,Debit Card,Failed,224.83000000000004
P019056,O019056,UPI,Successful,971.7099999999999
P019057,O019057,Credit Card,Successful,807.3799999999999
P019058,O019058,UPI,Successful,231.74
P019059,O019059,Cash,Successful,527.35
P019060,O019060,Cash,Successful,1444.65
P019061,O019061,Debit Card,Failed,1341.6899999999998
P019062,O019062,Cash,Successful,913.77
P019063,O019063,Credit Card,Successful,248.95000000000002
P019064,O019064,Cash,Successful,1233.7599999999998
P019065,O019065,UPI,Refunded,392.34
P019066,O019066,Wallet,Successful,1261.75
P019067,O019067,Cash,Successful,140.57
P019068,O019068,Debit Card,Successful,701.45
P019069,O019069,Credit Card,Successful,979.11
P019070,O019070,Credit Card,Refunded,118.55
P019071,O019071,UPI,Failed,340.94
P019072,O019072,Credit Card,Successful,604.0899999999999
P019073,O019073,Debit Card,Refunded,1927.3799999999999
P019074,O019074,Credit Card,Successful,1283.33
P019075,O019075,UPI,Successful,1356.9299999999998
P019076,O019076,Cash,Successful,1244.92
P019077,O019077,Credit Card,Successful,637.88
P019078,O019078,Cash,Successful,1228.95
P019079,O019079,Credit Card,Successful,1178.76
P019080,O019080,Credit Card,Successful,1147.48
P019081,O019081,Debit Card,Refunded,554.03
P019082,O019082,Credit Card,Failed,490.55
P019083,O019083,Debit Card,Successful,534.44
P019084,O019084,Cash,Successful,532.54
P019085,O019085,Cash,Successful,187.70999999999998
P019086,O019086,Cash,Successful,1533.86
P019087,O019087,Wallet,Failed,691.4100000000001
P019088,O019088,UPI,Successful,1352.6899999999998
P019089,O019089,Debit Card,Successful,596.39
P019090,O019090,Cash,Successful,1055.2199999999998
P019091,O019091,UPI,Successful,151.94
P019092,O019092,Credit Card,Successful,282.06
P019093,O019093,Wallet,Successful,620.06
P019094,O019094,Credit Card,Successful,604.39
P019095,O019095,Cash,Successful,597.4000000000001
P019096,O019096,Debit Card,Successful,1364.62
P019097,O019097,Credit Card,Failed,189.57999999999998
P019098,O019098,UPI,Successful,922.46
P019099,O019099,Credit Card,Refunded,371.45
P019100,O019100,Debit Card,Successful,659.21
P019101,O019101,Credit Card,Refunded,1121.03
P019102,O019102,Credit Card,Successful,1719.02
P019103,O019103,Cash,Successful,1338.91
P019104,O019104,Debit Card,Successful,1769.03
P019105,O019105,Credit Card,Successful,295.34000000000003
P019106,O019106,Credit Card,Successful,387.73
P019107,O019107,Wallet,Successful,1637.59
P019108,O019108,Credit Card,Successful,1019.9
P019109,O019109,Debit Card,Refunded,1223.4099999999999
P019110,O019110,Credit Card,Successful,440.38999999999993
P019111,O019111,Cash,Successful,588.21
P019112,O019112,Wallet,Successful,228.17
P019113,O019113,Debit Card,Successful,1448.6499999999999
P019114,O019114,Credit Card,Successful,1562.76
P019115,O019115,Cash,Successful,1639.28
P019116,O019116,UPI,Successful,724.48
P019117,O019117,Credit Card,Successful,577.53
P019118,O019118,UPI,Successful,786.08
P019119,O019119,Cash,Successful,1162.15
P019120,O019120,Wallet,Refunded,769.13
P019121,O019121,Credit Card,Failed,782.62
P019122,O019122,Credit Card,Failed,918.15
P019123,O019123,Wallet,Successful,1509.57
P019124,O019124,Cash,Successful,1500.68
P019125,O019125,Credit Card,Successful,1273.59
P019126,O019126,Wallet,Successful,455.28999999999996
P019127,O019127,UPI,Successful,352.56
P019128,O019128,Cash,Successful,618.1
P019129,O019129,UPI,Successful,881.62
P019130,O019130,Cash,Successful,1388.6699999999998
P019131,O019131,Credit Card,Successful,1502.6799999999998
P019132,O019132,Debit Card,Failed,1487.04
P019133,O019133,Wallet,Successful,573.06
P019134,O019134,UPI,Successful,806.79
P019135,O019135,UPI,Failed,966.33
P019136,O019136,UPI,Successful,1592.64
P019137,O019137,Cash,Successful,997.13
P019138,O019138,Debit Card,Successful,1132.51
P019139,O019139,Cash,Successful,1121.77
P019140,O019140,Wallet,Successful,811.12
P019141,O019141,Credit Card,Successful,1319.8400000000001
P019142,O019142,Debit Card,Successful,238.61
P019143,O019143,Credit Card,Successful,847.7300000000001
P019144,O019144,Wallet,Successful,1198.71
P019145,O019145,Cash,Successful,656.56
P019146,O019146,UPI,Successful,1330.6399999999999
P019147,O019147,Wallet,Successful,1196.3400000000001
P019148,O019148,Debit Card,Successful,1144.35
P019149,O019149,UPI,Successful,406.38000000000005
P019150,O019150,Debit Card,Successful,1580.81
P019151,O019151,Wallet,Successful,142.35
P019152,O019152,UPI,Successful,1017.14
P019153,O019153,Wallet,Successful,1196.9499999999998
P019154,O019154,Credit Card,Successful,881.6
P019155,O019155,Cash,Successful,247.05
P019156,O019156,Wallet,Successful,1372.77
P019157,O019157,Debit Card,Successful,1392.79
P019158,O019158,UPI,Successful,943.22
P019159,O019159,Wallet,Failed,1514.6299999999999
P019160,O019160,UPI,Successful,1033.4399999999998
P019161,O019161,Wallet,Successful,1113.3
P019162,O019162,UPI,Successful,302.89000000000004
P019163,O019163,Credit Card,Successful,688.39
P019164,O019164,Debit Card,Failed,1338.1100000000001
P019165,O019165,Wallet,Successful,858.91
P019166,O019166,UPI,Successful,1059.16
P019167,O019167,Wallet,Successful,1329.91
P019168,O019168,Debit Card,Successful,609.85
P019169,O019169,Debit Card,Successful,1461.1799999999998
P019170,O019170,Cash,Successful,131.94
P019171,O019171,Debit Card,Successful,1283.42
P019172,O019172,Cash,Successful,223.05
P019173,O019173,UPI,Successful,598.04
P019174,O019174,Debit Card,Successful,1011.29
P019175,O019175,Debit Card,Refunded,1135.55
P019176,O019176,Debit Card,Successful,1379.6000000000001
P019177,O019177,Credit Card,Successful,558.1800000000001
P019178,O019178,Credit Card,Successful,201.35000000000002
P019179,O019179,Debit Card,Successful,966.3399999999999
P019180,O019180,Credit Card,Successful,612.13
P019181,O019181,Wallet,Successful,1017.55
P019182,O019182,Wallet,Refunded,1590.84
P019183,O019183,Credit Card,Successful,1052.98
P019184,O019184,Wallet,Failed,887.88
P019185,O019185,Debit Card,Successful,409.3399999999999
P019186,O019186,Debit Card,Successful,556.5899999999999
P019187,O019187,Wallet,Successful,787.92
P019188,O019188,Credit Card,Successful,1631.26
P019189,O019189,Debit Card,Refunded,1050.19
P019190,O019190,UPI,Successful,884.2199999999999
P019191,O019191,Debit Card,Successful,864.4299999999998
P019192,O019192,Cash,Successful,1221.38
P019193,O019193,Debit Card,Successful,1143.42
P019194,O019194,Credit Card,Successful,1307.77
P019195,O019195,Credit Card,Successful,1000.3199999999999
P019196,O019196,Debit Card,Successful,358.16999999999996
P019197,O019197,UPI,Successful,129.93
P019198,O019198,UPI,Successful,700.9
P019199,O019199,UPI,Successful,217.42
P019200,O019200,UPI,Refunded,639.6899999999999
P019201,O019201,Credit Card,Successful,446.74
P019202,O019202,UPI,Successful,709.5
P019203,O019203,UPI,Failed,710.07
P019204,O019204,Debit Card,Successful,478.55999999999995
P019205,O019205,Wallet,Successful,1214.31
P019206,O019206,Wallet,Successful,825.65
P019207,O019207,UPI,Successful,1607.01
P019208,O019208,UPI,Successful,232.19
P019209,O019209,Wallet,Successful,825.28
P019210,O019210,UPI,Successful,1480.99
P019211,O019211,UPI,Refunded,994.1599999999999
P019212,O019212,Debit Card,Successful,1487.87
P019213,O019213,Credit Card,Successful,353.09000000000003
P019214,O019214,Wallet,Successful,580.82
P019215,O019215,UPI,Failed,255.6
P019216,O019216,Credit Card,Successful,509.93999999999994
P019217,O019217,Cash,Successful,1076.02
P019218,O019218,UPI,Successful,941.07
P019219,O019219,UPI,Successful,307.86
P019220,O019220,Wallet,Successful,816.92
P019221,O019221,Debit Card,Successful,1288.54
P019222,O019222,Cash,Successful,920.3299999999999
P019223,O019223,UPI,Successful,93.46000000000001
P019224,O019224,UPI,Successful,198.13
P019225,O019225,UPI,Successful,745.4
P019226,O019226,Wallet,Successful,1143.25
P019227,O019227,Wallet,Successful,1759.41
P019228,O019228,UPI,Successful,1812.78
P019229,O019229,Wallet,Successful,1725.23
P019230,O019230,Wallet,Successful,1109.91
P019231,O019231,Wallet,Successful,162.86999999999998
P019232,O019232,Credit Card,Successful,354.88
P019233,O019233,Credit Card,Successful,903.21
P019234,O019234,Cash,Successful,1670.14
P019235,O019235,UPI,Successful,130.27
P019236,O019236,Cash,Successful,966.16
P019237,O019237,Cash,Successful,1288.75
P019238,O019238,Debit Card,Refunded,484.48
P019239,O019239,Wallet,Failed,505.66999999999996
P019240,O019240,Cash,Successful,700.0
P019241,O019241,Debit Card,Successful,515.97
P019242,O019242,Wallet,Successful,653.2
P019243,O019243,Debit Card,Successful,294.22
P019244,O019244,Debit Card,Successful,420.21000000000004
P019245,O019245,Credit Card,Successful,131.73000000000002
P019246,O019246,Debit Card,Successful,811.35
P019247,O019247,Wallet,Successful,1421.47
P019248,O019248,Debit Card,Successful,1054.63
P019249,O019249,Debit Card,Successful,929.06
P019250,O019250,Debit Card,Successful,811.75
P019251,O019251,Debit Card,Successful,1156.45
P019252,O019252,Debit Card,Successful,399.1
P019253,O019253,Cash,Successful,407.84
P019254,O019254,Debit Card,Failed,1673.44
P019255,O019255,Cash,Successful,810.73
P019256,O019256,UPI,Successful,1622.7800000000002
P019257,O019257,UPI,Successful,1344.72
P019258,O019258,Debit Card,Successful,1157.73
P019259,O019259,Wallet,Successful,632.73
P019260,O019260,Credit Card,Successful,1213.8000000000002
P019261,O019261,Cash,Successful,841.24
P019262,O019262,Debit Card,Successful,1768.9699999999998
P019263,O019263,Wallet,Refunded,1235.45
P019264,O019264,Credit Card,Successful,1377.89
P019265,O019265,Wallet,Successful,877.9
P019266,O019266,Credit Card,Successful,82.91999999999999
P019267,O019267,Credit Card,Successful,1180.58
P019268,O019268,Debit Card,Successful,142.36
P019269,O019269,UPI,Successful,243.02000000000004
P019270,O019270,Wallet,Successful,1543.8
P019271,O019271,Wallet,Successful,418.36
P019272,O019272,Debit Card,Successful,1250.94
P019273,O019273,Cash,Successful,533.7700000000001
P019274,O019274,UPI,Successful,1493.09
P019275,O019275,Wallet,Successful,881.5600000000001
P019276,O019276,Credit Card,Successful,1231.8600000000001
P019277,O019277,Debit Card,Successful,1359.78
P019278,O019278,Wallet,Successful,1902.2800000000002
P019279,O019279,UPI,Successful,186.14
P019280,O019280,Cash,Successful,1191.37
P019281,O019281,Credit Card,Successful,1419.73
P019282,O019282,Wallet,Successful,646.1500000000001
P019283,O019283,Wallet,Successful,524.51
P019284,O019284,Debit Card,Successful,1153.73
P019285,O019285,Credit Card,Successful,784.32
P019286,O019286,Cash,Successful,414.07000000000005
P019287,O019287,UPI,Successful,285.13
P019288,O019288,Wallet,Successful,352.01
P019289,O019289,Cash,Successful,1241.89
P019290,O019290,Credit Card,Failed,1393.45
P019291,O019291,UPI,Successful,1287.44
P019292,O019292,Wallet,Successful,683.6
P019293,O019293,Credit Card,Successful,983.4799999999999
P019294,O019294,Cash,Successful,1262.84
P019295,O019295,Wallet,Successful,1170.74
P019296,O019296,Wallet,Failed,1493.4399999999998
P019297,O019297,UPI,Successful,1414.6
P019298,O019298,Credit Card,Failed,142.52999999999997
P019299,O019299,Credit Card,Successful,1349.8400000000001
P019300,O019300,Credit Card,Successful,273.29
P019301,O019301,Cash,Successful,1382.5700000000002
P019302,O019302,Credit Card,Successful,481.63
P019303,O019303,Wallet,Successful,1484.31
P019304,O019304,Wallet,Successful,81.8
P019305,O019305,UPI,Failed,775.4000000000001
P019306,O019306,Debit Card,Successful,137.35
P019307,O019307,Cash,Successful,1696.3200000000002
P019308,O019308,Credit Card,Successful,116.58
P019309,O019309,Cash,Successful,279.31
P019310,O019310,Wallet,Successful,991.4999999999999
P019311,O019311,Debit Card,Successful,1309.13
P019312,O019312,Cash,Successful,1045.31
P019313,O019313,Wallet,Successful,434.83000000000004
P019314,O019314,Debit Card,Failed,470.74
P019315,O019315,Debit Card,Successful,502.87000000000006
P019316,O019316,Credit Card,Successful,543.83
P019317,O019317,Debit Card,Successful,1396.26
P019318,O019318,Debit Card,Successful,1821.38
P019319,O019319,Debit Card,Successful,1177.76
P019320,O019320,Debit Card,Successful,291.04
P019321,O019321,Cash,Successful,157.43
P019322,O019322,Credit Card,Successful,389.0400000000001
P019323,O019323,UPI,Successful,380.22
P019324,O019324,UPI,Failed,1113.1000000000001
P019325,O019325,Credit Card,Successful,1352.47
P019326,O019326,UPI,Successful,96.25999999999999
P019327,O019327,Credit Card,Successful,767.23
P019328,O019328,Wallet,Successful,997.3100000000001
P019329,O019329,Debit Card,Successful,394.2
P019330,O019330,Cash,Successful,1353.77
P019331,O019331,Debit Card,Successful,827.7299999999999
P019332,O019332,Debit Card,Successful,555.3199999999999
P019333,O019333,Wallet,Successful,120.46999999999998
P019334,O019334,UPI,Successful,729.26
P019335,O019335,UPI,Successful,533.8499999999999
P019336,O019336,UPI,Successful,1702.2900000000002
P019337,O019337,Cash,Successful,716.03
P019338,O019338,Wallet,Refunded,1806.6000000000001
P019339,O019339,Wallet,Successful,1008.98
P019340,O019340,Credit Card,Successful,234.15
P019341,O019341,Debit Card,Successful,1596.3200000000002
P019342,O019342,Wallet,Successful,329.14
P019343,O019343,Debit Card,Refunded,700.21
P019344,O019344,Credit Card,Successful,1536.17
P019345,O019345,Wallet,Failed,1331.3400000000001
P019346,O019346,Cash,Successful,807.7400000000001
P019347,O019347,UPI,Refunded,490.78999999999996
P019348,O019348,Cash,Successful,765.7399999999999
P019349,O019349,Wallet,Successful,1017.36
P019350,O019350,Wallet,Successful,1887.98
P019351,O019351,Credit Card,Successful,1429.13
P019352,O019352,Cash,Successful,1354.3899999999999
P019353,O019353,Debit Card,Successful,1483.87
P019354,O019354,Wallet,Failed,858.0699999999999
P019355,O019355,Cash,Successful,1066.45
P019356,O019356,UPI,Successful,766.45
P019357,O019357,Credit Card,Successful,294.52
P019358,O019358,Credit Card,Successful,772.9200000000001
P019359,O019359,Debit Card,Successful,846.1200000000001
P019360,O019360,Wallet,Successful,509.5400000000001
P019361,O019361,Debit Card,Successful,1357.1999999999998
P019362,O019362,Wallet,Successful,278.32
P019363,O019363,UPI,Refunded,852.66
P019364,O019364,Wallet,Successful,1182.22
P019365,O019365,Cash,Successful,172.23000000000002
P019366,O019366,Cash,Successful,1357.0500000000002
P019367,O019367,Credit Card,Successful,598.99
P019368,O019368,UPI,Successful,1323.01
P019369,O019369,UPI,Successful,247.42000000000002
P019370,O019370,Cash,Successful,1109.02
P019371,O019371,UPI,Successful,820.77
P019372,O019372,Debit Card,Successful,341.61
P019373,O019373,Wallet,Successful,1211.4
P019374,O019374,Debit Card,Failed,1232.6
P019375,O019375,UPI,Successful,840.7800000000001
P019376,O019376,Cash,Successful,1040.34
P019377,O019377,UPI,Successful,1633.02
P019378,O019378,UPI,Refunded,1213.8300000000002
P019379,O019379,Debit Card,Refunded,1577.07
P019380,O019380,Wallet,Failed,823.8800000000001
P019381,O019381,Debit Card,Successful,429.77000000000004
P019382,O019382,Cash,Successful,500.66
P019383,O019383,Credit Card,Successful,390.66
P019384,O019384,Credit Card,Successful,687.57
P019385,O019385,Debit Card,Successful,842.25
P019386,O019386,Cash,Successful,478.27
P019387,O019387,UPI,Failed,1000.64
P019388,O019388,Debit Card,Failed,631.5699999999999
P019389,O019389,Credit Card,Successful,1022.5500000000001
P019390,O019390,Wallet,Refunded,661.04
P019391,O019391,Debit Card,Failed,718.5
P019392,O019392,UPI,Successful,873.08
P019393,O019393,Credit Card,Successful,1412.63
P019394,O019394,Debit Card,Successful,918.75
P019395,O019395,Wallet,Successful,1116.9299999999998
P019396,O019396,Credit Card,Failed,635.95
P019397,O019397,UPI,Successful,527.03
P019398,O019398,Cash,Successful,1802.46
P019399,O019399,UPI,Successful,1415.22
P019400,O019400,Debit Card,Successful,978.7199999999999
P019401,O019401,Cash,Successful,703.53
P019402,O019402,Debit Card,Successful,507.67999999999995
P019403,O019403,Cash,Successful,495.5400000000001
P019404,O019404,Cash,Successful,910.2299999999999
P019405,O019405,UPI,Successful,1327.3500000000001
P019406,O019406,UPI,Successful,1513.51
P019407,O019407,UPI,Successful,1120.52
P019408,O019408,UPI,Successful,868.3199999999999
P019409,O019409,Wallet,Successful,441.03000000000003
P019410,O019410,Credit Card,Successful,834.72
P019411,O019411,Credit Card,Successful,1321.04
P019412,O019412,Wallet,Successful,946.99
P019413,O019413,Cash,Successful,816.8300000000002
P019414,O019414,Wallet,Failed,779.47
P019415,O019415,Credit Card,Successful,1428.6399999999999
P019416,O019416,Cash,Successful,1312.54
P019417,O019417,UPI,Successful,1119.83
P019418,O019418,Credit Card,Successful,1561.85
P019419,O019419,UPI,Refunded,1250.94
P019420,O019420,Credit Card,Successful,734.23
P019421,O019421,Credit Card,Successful,1160.58
P019422,O019422,Cash,Successful,968.54
P019423,O019423,Credit Card,Successful,896.3
P019424,O019424,Wallet,Successful,1524.85
P019425,O019425,Cash,Successful,568.4
P019426,O019426,Wallet,Successful,88.96
P019427,O019427,Debit Card,Successful,1080.79
P019428,O019428,Cash,Successful,409.83
P019429,O019429,Debit Card,Successful,345.12
P019430,O019430,Cash,Successful,1491.25
P019431,O019431,Debit Card,Successful,593.54
P019432,O019432,Debit Card,Failed,440.24
P019433,O019433,UPI,Successful,415.7
P019434,O019434,Debit Card,Successful,780.04
P019435,O019435,Cash,Successful,809.64
P019436,O019436,Debit Card,Successful,1051.07
P019437,O019437,Cash,Successful,261.72
P019438,O019438,UPI,Failed,1094.6799999999998
P019439,O019439,Wallet,Successful,883.24
P019440,O019440,Debit Card,Successful,366.75
P019441,O019441,Debit Card,Successful,1481.1699999999998
P019442,O019442,Debit Card,Successful,737.34
P019443,O019443,Debit Card,Successful,1383.8500000000001
P019444,O019444,Wallet,Successful,1643.76
P019445,O019445,Debit Card,Successful,591.14
P019446,O019446,Wallet,Successful,1539.1
P019447,O019447,Wallet,Successful,446.45
P019448,O019448,UPI,Successful,418.15
P019449,O019449,Debit Card,Refunded,1308.8999999999999
P019450,O019450,Wallet,Successful,275.95
P019451,O019451,UPI,Successful,889.83
P019452,O019452,Cash,Successful,417.51
P019453,O019453,UPI,Successful,988.3700000000001
P019454,O019454,Wallet,Successful,1378.44
P019455,O019455,UPI,Successful,175.33
P019456,O019456,Cash,Failed,678.0999999999999
P019457,O019457,UPI,Successful,1429.44
P019458,O019458,Credit Card,Successful,538.98
P019459,O019459,Cash,Successful,175.73000000000002
P019460,O019460,Cash,Successful,900.5999999999999
P019461,O019461,Credit Card,Refunded,298.98
P019462,O019462,Wallet,Successful,634.29
P019463,O019463,Wallet,Successful,1783.88
P019464,O019464,UPI,Successful,671.29
P019465,O019465,Wallet,Successful,1455.8400000000001
P019466,O019466,Debit Card,Successful,1459.66
P019467,O019467,Credit Card,Successful,470.56
P019468,O019468,UPI,Successful,1182.1100000000001
P019469,O019469,Credit Card,Successful,1748.3400000000001
P019470,O019470,Debit Card,Successful,936.24
P019471,O019471,Debit Card,Successful,1255.3600000000001
P019472,O019472,Cash,Successful,688.06
P019473,O019473,Cash,Successful,1456.6200000000001
P019474,O019474,Cash,Successful,135.48000000000002
P019475,O019475,UPI,Successful,1434.67
P019476,O019476,Cash,Successful,1090.17
P019477,O019477,Debit Card,Successful,707.8
P019478,O019478,Cash,Successful,799.66
P019479,O019479,Cash,Successful,671.4000000000001
P019480,O019480,Credit Card,Successful,797.0300000000001
P019481,O019481,Credit Card,Successful,256.14
P019482,O019482,Cash,Successful,1623.6499999999999
P019483,O019483,Credit Card,Successful,832.1899999999999
P019484,O019484,Credit Card,Successful,173.19
P019485,O019485,Cash,Successful,1056.7900000000002
P019486,O019486,Wallet,Successful,1477.89
P019487,O019487,UPI,Successful,205.63000000000002
P019488,O019488,Debit Card,Successful,290.67
P019489,O019489,Cash,Successful,793.74
P019490,O019490,Debit Card,Successful,1402.65
P019491,O019491,Debit Card,Successful,1046.6299999999999
P019492,O019492,Cash,Successful,798.72
P019493,O019493,Wallet,Successful,1468.63
P019494,O019494,Debit Card,Successful,416.57
P019495,O019495,Credit Card,Successful,1356.32
P019496,O019496,UPI,Failed,335.02000000000004
P019497,O019497,Debit Card,Successful,378.87
P019498,O019498,Credit Card,Successful,582.36
P019499,O019499,Cash,Successful,1695.48
P019500,O019500,Cash,Successful,691.59
P019501,O019501,Debit Card,Successful,824.37
P019502,O019502,Cash,Failed,950.1700000000001
P019503,O019503,Cash,Successful,1012.75
P019504,O019504,Debit Card,Successful,855.59
P019505,O019505,Cash,Successful,1884.3899999999999
P019506,O019506,Cash,Successful,253.28999999999996
P019507,O019507,Cash,Successful,915.38
P019508,O019508,Wallet,Successful,873.13
P019509,O019509,UPI,Successful,1356.22
P019510,O019510,Credit Card,Successful,1801.07
P019511,O019511,UPI,Successful,461.67
P019512,O019512,Wallet,Successful,1905.87
P019513,O019513,Wallet,Successful,1274.8200000000002
P019514,O019514,Wallet,Successful,1255.72
P019515,O019515,Cash,Successful,203.04000000000002
P019516,O019516,Credit Card,Successful,1358.96
P019517,O019517,UPI,Successful,1687.13
P019518,O019518,Wallet,Successful,1192.6200000000001
P019519,O019519,Cash,Successful,316.85
P019520,O019520,Debit Card,Successful,692.7900000000001
P019521,O019521,Credit Card,Successful,1608.26
P019522,O019522,UPI,Successful,686.8199999999999
P019523,O019523,UPI,Refunded,816.22
P019524,O019524,Cash,Successful,588.24
P019525,O019525,Cash,Successful,195.2
P019526,O019526,Cash,Successful,852.4200000000001
P019527,O019527,Debit Card,Successful,1133.77
P019528,O019528,UPI,Successful,267.69000000000005
P019529,O019529,Debit Card,Failed,1326.52
P019530,O019530,UPI,Successful,1020.06
P019531,O019531,Cash,Successful,1196.77
P019532,O019532,Credit Card,Successful,1103.3300000000002
P019533,O019533,Cash,Successful,349.63
P019534,O019534,Wallet,Successful,1729.11
P019535,O019535,Debit Card,Successful,1295.3
P019536,O019536,UPI,Successful,152.2
P019537,O019537,Cash,Successful,1080.9299999999998
P019538,O019538,Credit Card,Successful,789.05
P019539,O019539,Debit Card,Successful,1701.7900000000002
P019540,O019540,Debit Card,Successful,272.72
P019541,O019541,Debit Card,Successful,1099.1299999999999
P019542,O019542,Debit Card,Successful,507.0
P019543,O019543,Debit Card,Successful,556.9599999999999
P019544,O019544,Cash,Successful,101.19
P019545,O019545,Debit Card,Successful,713.48
P019546,O019546,Debit Card,Successful,741.45
P019547,O019547,Debit Card,Successful,706.3199999999999
P019548,O019548,Debit Card,Successful,1351.5
P019549,O019549,Debit Card,Successful,645.69
P019550,O019550,UPI,Successful,334.88
P019551,O019551,Debit Card,Failed,824.94
P019552,O019552,Credit Card,Successful,198.92999999999998
P019553,O019553,Wallet,Successful,1812.14
P019554,O019554,Debit Card,Successful,173.87
P019555,O019555,UPI,Successful,467.91999999999996
P019556,O019556,Credit Card,Successful,701.0
P019557,O019557,Debit Card,Successful,1493.8600000000001
P019558,O019558,Debit Card,Refunded,356.34000000000003
P019559,O019559,Debit Card,Successful,747.58
P019560,O019560,Cash,Successful,1681.81
P019561,O019561,Cash,Successful,1206.42
P019562,O019562,Credit Card,Successful,1165.07
P019563,O019563,Cash,Successful,1416.2799999999997
P019564,O019564,Wallet,Successful,920.8299999999999
P019565,O019565,UPI,Failed,92.2
P019566,O019566,UPI,Successful,156.60000000000002
P019567,O019567,UPI,Successful,1024.66
P019568,O019568,Credit Card,Successful,388.44
P019569,O019569,Cash,Successful,981.36
P019570,O019570,Wallet,Successful,1095.8999999999999
P019571,O019571,Debit Card,Successful,1317.22
P019573,O019573,UPI,Successful,1470.47
P019574,O019574,Wallet,Successful,1296.54
P019575,O019575,UPI,Failed,485.0799999999999
P019576,O019576,UPI,Successful,608.05
P019577,O019577,Credit Card,Failed,1181.82
P019578,O019578,Wallet,Successful,567.8399999999999
P019579,O019579,Cash,Failed,987.46
P019580,O019580,Cash,Successful,1207.02
P019581,O019581,Wallet,Successful,1264.83
P019582,O019582,UPI,Successful,679.4300000000001
P019583,O019583,Wallet,Successful,822.37
P019584,O019584,UPI,Successful,371.03000000000003
P019585,O019585,Credit Card,Successful,533.2
P019586,O019586,Cash,Successful,275.23
P019587,O019587,Credit Card,Successful,342.73
P019588,O019588,Wallet,Successful,532.05
P019589,O019589,Cash,Successful,755.4200000000001
P019590,O019590,Wallet,Successful,1371.9299999999998
P019591,O019591,Cash,Failed,717.77
P019592,O019592,Wallet,Successful,155.67
P019593,O019593,Cash,Successful,1248.42
P019594,O019594,Cash,Successful,817.02
P019595,O019595,Debit Card,Successful,1471.2600000000002
P019596,O019596,Debit Card,Failed,946.33
P019597,O019597,Cash,Successful,794.31
P019598,O019598,Debit Card,Successful,591.18
P019599,O019599,Debit Card,Successful,516.66
P019600,O019600,Cash,Successful,474.9599999999999
P019601,O019601,Credit Card,Successful,619.99
P019602,O019602,UPI,Successful,401.17
P019603,O019603,UPI,Successful,1401.83
P019604,O019604,Cash,Successful,1588.68
P019605,O019605,Debit Card,Successful,1113.99
P019606,O019606,Credit Card,Refunded,154.01999999999998
P019607,O019607,Credit Card,Successful,199.56
P019608,O019608,Wallet,Successful,1061.77
P019609,O019609,Cash,Successful,1469.56
P019610,O019610,Credit Card,Successful,111.79999999999998
P019611,O019611,UPI,Successful,585.4200000000001
P019612,O019612,Wallet,Successful,340.73
P019613,O019613,Cash,Successful,537.04
P019614,O019614,Debit Card,Successful,1065.16
P019615,O019615,Credit Card,Successful,245.59
P019616,O019616,Wallet,Refunded,420.99999999999994
P019617,O019617,UPI,Successful,1120.9299999999998
P019618,O019618,Credit Card,Successful,871.8100000000001
P019619,O019619,UPI,Successful,1478.8200000000002
P019620,O019620,UPI,Successful,277.55
P019621,O019621,Wallet,Successful,642.5799999999999
P019622,O019622,UPI,Successful,1566.52
P019623,O019623,Credit Card,Successful,1474.78
P019624,O019624,Debit Card,Successful,1063.89
P019625,O019625,Wallet,Successful,1445.37
P019626,O019626,Wallet,Successful,758.1899999999999
P019627,O019627,Wallet,Successful,1504.1
P019628,O019628,Wallet,Successful,1129.1899999999998
P019629,O019629,Cash,Successful,1416.56
P019630,O019630,Cash,Successful,944.05
P019631,O019631,Credit Card,Successful,1356.34
P019632,O019632,UPI,Successful,1101.73
P019633,O019633,Cash,Failed,178.77
P019634,O019634,Wallet,Successful,1014.91
P019635,O019635,Cash,Successful,1308.77
P019636,O019636,Wallet,Successful,79.14
P019637,O019637,Wallet,Successful,1628.3300000000002
P019638,O019638,UPI,Successful,1686.06
P019639,O019639,Cash,Successful,334.85
P019640,O019640,Credit Card,Successful,1115.03
P019641,O019641,Credit Card,Successful,285.52
P019642,O019642,Credit Card,Successful,481.94000000000005
P019643,O019643,UPI,Successful,1045.83
P019644,O019644,UPI,Successful,647.17
P019645,O019645,Debit Card,Successful,692.9
P019646,O019646,UPI,Successful,1508.77
P019647,O019647,UPI,Successful,905.47
P019648,O019648,Debit Card,Successful,934.31
P019649,O019649,UPI,Successful,656.4599999999999
P019650,O019650,Cash,Failed,1106.54
P019651,O019651,Wallet,Successful,641.93
P019652,O019652,Cash,Successful,1589.08
P019653,O019653,Credit Card,Successful,957.5999999999999
P019654,O019654,Cash,Successful,1014.5699999999999
P019655,O019655,Credit Card,Successful,1256.2
P019656,O019656,Credit Card,Successful,726.34
P019657,O019657,UPI,Failed,507.60999999999996
P019658,O019658,Cash,Successful,366.39
P019659,O019659,Wallet,Failed,925.75
P019660,O019660,UPI,Successful,677.35
P019661,O019661,Credit Card,Successful,751.46
P019662,O019662,Wallet,Successful,621.33
P019663,O019663,Debit Card,Failed,1271.8
P019664,O019664,Credit Card,Successful,937.9799999999999
P019665,O019665,Wallet,Successful,1064.99
P019666,O019666,Wallet,Successful,513.6300000000001
P019667,O019667,Cash,Failed,1229.21
P019668,O019668,Debit Card,Successful,852.16
P019669,O019669,Cash,Successful,1311.59
P019670,O019670,UPI,Successful,912.8299999999999
P019671,O019671,UPI,Successful,470.91
P019672,O019672,Credit Card,Successful,357.47
P019673,O019673,UPI,Successful,1096.14
P019674,O019674,Wallet,Successful,649.54
P019675,O019675,UPI,Successful,174.53
P019676,O019676,Cash,Successful,1751.52
P019677,O019677,Wallet,Successful,722.84
P019678,O019678,Cash,Successful,1355.21
P019679,O019679,Credit Card,Successful,767.96
P019680,O019680,Debit Card,Successful,1473.54
P019681,O019681,Credit Card,Successful,110.18
P019682,O019682,Cash,Successful,568.19
P019683,O019683,UPI,Successful,975.44
P019684,O019684,UPI,Successful,565.49
P019685,O019685,Wallet,Successful,1343.9299999999998
P019686,O019686,UPI,Successful,1018.04
P019687,O019687,Cash,Successful,110.52000000000001
P019688,O019688,Cash,Successful,915.99
P019689,O019689,Credit Card,Successful,1379.73
P019690,O019690,Cash,Successful,600.67
P019691,O019691,Credit Card,Successful,324.52
P019692,O019692,Cash,Successful,1448.8
P019693,O019693,Wallet,Successful,1295.69
P019694,O019694,Cash,Failed,1241.5
P019695,O019695,Credit Card,Successful,1296.62
P019696,O019696,UPI,Successful,1990.33
P019697,O019697,UPI,Refunded,928.79
P019698,O019698,UPI,Failed,1555.4499999999998
P019699,O019699,Debit Card,Successful,683.15
P019700,O019700,Wallet,Successful,1428.5
P019701,O019701,Debit Card,Successful,1773.93
P019702,O019702,Cash,Failed,766.3200000000002
P019703,O019703,Debit Card,Successful,947.17
P019704,O019704,UPI,Successful,1761.78
P019705,O019705,UPI,Successful,574.5
P019706,O019706,Credit Card,Failed,650.46
P019707,O019707,Wallet,Successful,1416.1699999999998
P019708,O019708,UPI,Successful,721.87
P019709,O019709,Wallet,Successful,802.1700000000001
P019710,O019710,Debit Card,Failed,176.0
P019711,O019711,Wallet,Successful,831.6600000000001
P019712,O019712,Debit Card,Successful,1017.4100000000001
P019713,O019713,Debit Card,Failed,192.21999999999997
P019714,O019714,Wallet,Successful,458.30999999999995
P019715,O019715,Wallet,Successful,767.51
P019716,O019716,UPI,Successful,1380.9099999999999
P019717,O019717,Debit Card,Successful,137.63
P019718,O019718,Debit Card,Successful,568.17
P019719,O019719,Cash,Successful,98.16
P019720,O019720,UPI,Successful,1026.1000000000001
P019721,O019721,Credit Card,Successful,1011.71
P019722,O019722,UPI,Successful,1499.13
P019723,O019723,UPI,Successful,92.12
P019724,O019724,UPI,Refunded,1154.48
P019725,O019725,Debit Card,Successful,1724.08
P019726,O019726,Cash,Successful,594.53
P019727,O019727,UPI,Successful,650.53
P019728,O019728,Wallet,Successful,85.5
P019729,O019729,UPI,Successful,899.3699999999999
P019730,O019730,Credit Card,Successful,1061.69
P019731,O019731,Cash,Successful,278.16
P019732,O019732,Debit Card,Successful,996.5899999999999
P019733,O019733,Wallet,Successful,747.3299999999999
P019734,O019734,Debit Card,Successful,1041.71
P019735,O019735,Cash,Successful,446.99
P019736,O019736,Credit Card,Successful,1140.62
P019737,O019737,UPI,Successful,829.8199999999999
P019738,O019738,Wallet,Failed,857.2399999999999
P019739,O019739,UPI,Successful,742.29
P019740,O019740,Credit Card,Successful,1567.7
P019741,O019741,Cash,Successful,1099.24
P019742,O019742,Cash,Successful,369.32
P019743,O019743,Wallet,Successful,964.24
P019744,O019744,Credit Card,Successful,975.48
P019745,O019745,Cash,Successful,174.24
P019746,O019746,UPI,Successful,1069.69
P019747,O019747,Debit Card,Successful,190.67000000000002
P019748,O019748,Credit Card,Successful,1101.75
P019749,O019749,Cash,Successful,1070.75
P019750,O019750,UPI,Successful,732.3900000000001
P019751,O019751,UPI,Successful,1189.0700000000002
P019752,O019752,Debit Card,Successful,586.8299999999999
P019753,O019753,Wallet,Successful,668.1800000000001
P019754,O019754,UPI,Refunded,102.58000000000001
P019755,O019755,Credit Card,Successful,1719.22
P019756,O019756,Cash,Successful,176.35
P019757,O019757,Credit Card,Successful,229.87000000000003
P019758,O019758,Wallet,Successful,805.21
P019759,O019759,Credit Card,Successful,608.77
P019760,O019760,UPI,Successful,1031.2
P019761,O019761,Debit Card,Successful,1206.84
P019762,O019762,Cash,Successful,369.89
P019763,O019763,Cash,Successful,1125.54
P019764,O019764,Cash,Successful,125.76
P019765,O019765,UPI,Successful,1392.48
P019766,O019766,Cash,Successful,1328.06
P019767,O019767,Debit Card,Successful,699.71
P019768,O019768,Cash,Successful,397.32
P019769,O019769,Cash,Successful,1450.49
P019770,O019770,UPI,Successful,1501.58
P019771,O019771,Cash,Successful,177.61
P019772,O019772,Debit Card,Successful,1048.89
P019773,O019773,Cash,Successful,1557.8400000000001
P019774,O019774,Cash,Successful,961.56
P019775,O019775,Wallet,Failed,1240.11
P019776,O019776,Wallet,Successful,506.82
P019777,O019777,Cash,Successful,262.49
P019778,O019778,UPI,Successful,621.97
P019779,O019779,Debit Card,Successful,664.1400000000001
P019780,O019780,Cash,Successful,1226.95
P019781,O019781,UPI,Successful,830.24
P019782,O019782,Debit Card,Successful,473.68999999999994
P019783,O019783,UPI,Successful,1411.97
P019784,O019784,Cash,Successful,1393.79
P019785,O019785,Credit Card,Successful,1136.23
P019786,O019786,UPI,Successful,381.03999999999996
P019787,O019787,UPI,Successful,415.24
P019788,O019788,Cash,Successful,844.3599999999999
P019789,O019789,Debit Card,Successful,994.62
P019790,O019790,Wallet,Successful,522.34
P019791,O019791,Wallet,Successful,315.58
P019792,O019792,Debit Card,Successful,555.0
P019793,O019793,Wallet,Successful,748.5799999999999
P019794,O019794,Wallet,Successful,188.17000000000002
P019795,O019795,UPI,Successful,1114.98
P019796,O019796,Credit Card,Successful,96.69999999999999
P019797,O019797,Credit Card,Successful,303.84000000000003
P019798,O019798,Cash,Successful,322.47
P019799,O019799,Debit Card,Successful,1180.3999999999999
P019800,O019800,Credit Card,Failed,809.5300000000001
P019801,O019801,Cash,Successful,1319.22
P019802,O019802,Cash,Successful,468.1
P019803,O019803,Cash,Successful,488.13
P019804,O019804,Wallet,Successful,1219.57
P019805,O019805,Wallet,Successful,894.61
P019806,O019806,UPI,Successful,502.76
P019807,O019807,Credit Card,Successful,834.1700000000001
P019808,O019808,UPI,Successful,682.97
P019809,O019809,Debit Card,Successful,914.54
P019810,O019810,Wallet,Successful,162.54999999999998
P019811,O019811,Wallet,Successful,476.82000000000005
P019812,O019812,Wallet,Successful,773.39
P019813,O019813,Wallet,Failed,1072.9699999999998
P019814,O019814,UPI,Successful,384.0
P019815,O019815,Wallet,Successful,415.14
P019816,O019816,Wallet,Successful,1073.92
P019817,O019817,Cash,Failed,1560.1799999999998
P019818,O019818,UPI,Successful,216.63
P019819,O019819,UPI,Successful,1501.9
P019820,O019820,Debit Card,Successful,827.6300000000001
P019821,O019821,UPI,Successful,1192.88
P019822,O019822,Cash,Successful,994.9000000000001
P019823,O019823,Credit Card,Successful,539.7800000000001
P019824,O019824,UPI,Successful,937.7099999999999
P019825,O019825,Wallet,Successful,913.2
P019826,O019826,Wallet,Successful,1538.8700000000001
P019827,O019827,UPI,Successful,1088.43
P019828,O019828,Debit Card,Successful,905.72
P019829,O019829,UPI,Failed,366.39
P019830,O019830,UPI,Successful,122.52000000000001
P019831,O019831,Credit Card,Failed,1249.51
P019832,O019832,Credit Card,Successful,830.79
P019833,O019833,UPI,Successful,1542.09
P019834,O019834,Wallet,Successful,209.18
P019835,O019835,Credit Card,Successful,174.51999999999998
P019836,O019836,Credit Card,Successful,319.58000000000004
P019837,O019837,Wallet,Successful,610.0600000000001
P019838,O019838,UPI,Successful,362.59999999999997
P019839,O019839,Debit Card,Successful,731.3299999999999
P019840,O019840,Cash,Failed,583.94
P019841,O019841,Wallet,Successful,1556.5
P019842,O019842,Cash,Successful,1846.96
P019843,O019843,Wallet,Successful,750.41
P019844,O019844,Wallet,Successful,1518.18
P019845,O019845,Cash,Successful,524.04
P019846,O019846,Cash,Successful,183.42
P019847,O019847,Cash,Successful,160.19
P019848,O019848,Cash,Successful,153.15
P019849,O019849,Wallet,Successful,1172.83
P019850,O019850,Cash,Successful,659.47
P019851,O019851,Credit Card,Successful,1626.35
P019852,O019852,UPI,Successful,1343.59
P019853,O019853,Cash,Successful,676.47
P019854,O019854,Wallet,Successful,540.3
P019855,O019855,UPI,Successful,529.4499999999999
P019856,O019856,Credit Card,Successful,891.2
P019857,O019857,Credit Card,Successful,107.86000000000001
P019858,O019858,UPI,Successful,118.77
P019859,O019859,Cash,Failed,1390.91
P019860,O019860,Cash,Successful,1309.9899999999998
P019861,O019861,Wallet,Successful,372.16999999999996
P019862,O019862,Debit Card,Successful,1186.2299999999998
P019863,O019863,Cash,Successful,362.46000000000004
P019864,O019864,Debit Card,Failed,1318.07
P019865,O019865,Cash,Successful,649.62
P019866,O019866,Credit Card,Successful,1393.94
P019867,O019867,UPI,Successful,1534.69
P019868,O019868,UPI,Successful,1094.3799999999999
P019869,O019869,Credit Card,Successful,1330.52
P019870,O019870,Cash,Successful,159.89
P019871,O019871,Credit Card,Successful,689.0699999999999
P019872,O019872,UPI,Successful,932.3900000000001
P019873,O019873,UPI,Successful,846.14
P019874,O019874,Debit Card,Successful,571.32
P019875,O019875,Cash,Successful,1090.91
P019876,O019876,Debit Card,Failed,1013.0899999999999
P019877,O019877,Cash,Successful,255.92999999999998
P019878,O019878,UPI,Successful,1407.5
P019879,O019879,Cash,Successful,1474.76
P019880,O019880,Credit Card,Successful,750.09
P019881,O019881,Debit Card,Successful,413.43999999999994
P019882,O019882,UPI,Successful,993.9099999999999
P019883,O019883,Cash,Successful,153.15
P019884,O019884,Cash,Successful,902.6800000000001
P019885,O019885,Cash,Successful,1086.17
P019886,O019886,Wallet,Failed,777.8800000000001
P019887,O019887,Cash,Successful,1564.78
P019888,O019888,Cash,Successful,1399.48
P019889,O019889,Debit Card,Failed,1794.6200000000001
P019890,O019890,Credit Card,Successful,1654.69
P019891,O019891,UPI,Successful,257.15000000000003
P019892,O019892,UPI,Successful,1020.8100000000002
P019893,O019893,Cash,Successful,1051.5700000000002
P019894,O019894,Wallet,Successful,168.32
P019895,O019895,Cash,Successful,571.44
P019896,O019896,Wallet,Successful,990.7900000000001
P019897,O019897,UPI,Successful,901.32
P019898,O019898,Cash,Successful,1346.31
P019899,O019899,Credit Card,Successful,1087.19
P019900,O019900,Cash,Successful,902.36
P019901,O019901,Wallet,Successful,1078.93
P019902,O019902,Credit Card,Successful,1083.65
P019903,O019903,UPI,Successful,1686.24
P019904,O019904,UPI,Successful,1364.6000000000001
P019905,O019905,Cash,Successful,944.6799999999998
P019906,O019906,UPI,Successful,1088.28
P019907,O019907,Debit Card,Failed,1067.72
P019908,O019908,UPI,Successful,1074.1100000000001
P019909,O019909,UPI,Successful,1334.1599999999999
P019910,O019910,Credit Card,Successful,1153.24
P019911,O019911,Wallet,Successful,1488.49
P019912,O019912,Credit Card,Successful,305.32
P019913,O019913,Debit Card,Successful,1315.03
P019914,O019914,Wallet,Successful,674.63
P019915,O019915,UPI,Successful,1671.08
P019916,O019916,Cash,Successful,322.04
P019917,O019917,Cash,Successful,92.55
P019918,O019918,Credit Card,Refunded,97.71000000000001
P019919,O019919,Cash,Successful,465.71000000000004
P019920,O019920,Debit Card,Successful,239.57000000000002
P019921,O019921,Cash,Successful,844.7900000000001
P019922,O019922,Debit Card,Successful,894.72
P019923,O019923,Cash,Successful,878.72
P019924,O019924,Wallet,Successful,393.8
P019925,O019925,UPI,Successful,1278.6299999999999
P019926,O019926,Debit Card,Successful,1027.0300000000002
P019927,O019927,Wallet,Successful,394.96999999999997
P019928,O019928,Credit Card,Successful,689.82
P019929,O019929,Credit Card,Successful,1141.71
P019930,O019930,Credit Card,Successful,1208.99
P019931,O019931,Debit Card,Successful,961.6400000000001
P019932,O019932,Credit Card,Successful,1814.8300000000002
P019933,O019933,Wallet,Successful,312.27
P019934,O019934,Cash,Refunded,833.0
P019935,O019935,Credit Card,Successful,1269.8500000000001
P019936,O019936,Credit Card,Successful,1643.44
P019937,O019937,Debit Card,Successful,944.07
P019938,O019938,UPI,Successful,887.82
P019939,O019939,UPI,Successful,1333.61
P019940,O019940,UPI,Successful,1035.46
P019941,O019941,UPI,Successful,1855.3999999999999
P019942,O019942,Wallet,Successful,1131.57
P019943,O019943,Credit Card,Successful,313.37
P019944,O019944,UPI,Successful,368.47
P019945,O019945,Cash,Successful,498.09999999999997
P019946,O019946,Wallet,Successful,161.68
P019947,O019947,Debit Card,Successful,1088.4299999999998
P019948,O019948,Credit Card,Successful,1484.16
P019949,O019949,Wallet,Successful,846.28
P019950,O019950,Wallet,Successful,1188.86
P019951,O019951,Debit Card,Successful,1922.58
P019952,O019952,Wallet,Successful,445.52000000000004
P019953,O019953,Credit Card,Successful,571.36
P019954,O019954,UPI,Successful,110.11999999999999
P019955,O019955,Wallet,Successful,401.46000000000004
P019956,O019956,Credit Card,Successful,1565.41
P019957,O019957,Debit Card,Successful,1117.42
P019958,O019958,Credit Card,Successful,1220.18
P019959,O019959,Cash,Successful,719.6700000000001
P019960,O019960,Wallet,Successful,1272.77
P019961,O019961,UPI,Successful,1193.9
P019962,O019962,Cash,Successful,555.89
P019963,O019963,Credit Card,Successful,647.69
P019964,O019964,Wallet,Successful,1037.67
P019965,O019965,Cash,Successful,1606.87
P019966,O019966,UPI,Successful,1594.53
P019967,O019967,Wallet,Successful,1540.07
P019968,O019968,UPI,Successful,94.74000000000001
P019969,O019969,UPI,Successful,1263.8200000000002
P019970,O019970,Credit Card,Successful,1550.12
P019971,O019971,Cash,Successful,1402.5900000000001
P019972,O019972,UPI,Successful,843.24
P019973,O019973,UPI,Failed,1460.0
P019974,O019974,UPI,Successful,712.35
P019975,O019975,Credit Card,Successful,1281.0900000000001
P019976,O019976,Debit Card,Refunded,1547.9
P019977,O019977,Credit Card,Successful,1420.6399999999999
P019978,O019978,UPI,Successful,1334.03
P019979,O019979,Credit Card,Successful,286.29
P019980,O019980,UPI,Successful,1626.51
P019981,O019981,Credit Card,Successful,489.85
P019982,O019982,Wallet,Refunded,630.15
P019983,O019983,Cash,Successful,697.4399999999999
P019984,O019984,Wallet,Successful,1200.09
P019985,O019985,Cash,Successful,1099.3999999999999
P019986,O019986,Debit Card,Successful,1753.99
P019987,O019987,Cash,Successful,385.15000000000003
P019988,O019988,UPI,Successful,719.1
P019989,O019989,Credit Card,Successful,476.10999999999996
P019990,O019990,UPI,Successful,1270.6299999999999
P019991,O019991,Cash,Refunded,409.83
P019992,O019992,Cash,Successful,1483.48
P019993,O019993,Cash,Successful,1513.0
P019994,O019994,Wallet,Successful,664.48
P019995,O019995,Credit Card,Successful,1122.27
P019996,O019996,Cash,Successful,905.91
P019997,O019997,Debit Card,Successful,734.89
P019998,O019998,Wallet,Successful,455.47999999999996
P019999,O019999,Cash,Successful,1034.49
P020000,O020000,Credit Card,Successful,348.12
